material,nominal_thickness_cm,sampled_thickness_cm,density_g_cm3,dose_pSv_per_src
Concrete,25,25.304717,2.3,0.6677933622774198
Concrete,25,23.960016,2.3,0.7274641836262896
Concrete,25,25.750451,2.3,0.64975123147409
Concrete,25,25.940565,2.3,0.6423517001130368
Concrete,25,23.048965,2.3,0.7753906000932324
Concrete,25,23.69782,2.3,0.7404687643410728
Concrete,25,25.12784,2.3,0.6751088719609347
Concrete,25,24.683757,2.3,0.6937619789211421
Concrete,25,24.983199,2.3,0.6811170654956434
Concrete,25,24.146956,2.3,0.7183626668061108
Concrete,25,25.879398,2.3,0.6447202989539117
Concrete,25,25.777792,2.3,0.6486811089340628
Concrete,25,25.066031,2.3,0.6776688094851382
Concrete,25,26.127241,2.3,0.6351304442075586
Concrete,25,25.467509,2.3,0.6611266314002137
Concrete,25,24.140708,2.3,0.7186657069247065
Concrete,25,25.368751,2.3,0.6651638241152735
Concrete,25,24.041117,2.3,0.7234988962239641
Concrete,25,25.87845,2.3,0.6447575107637601
Concrete,25,24.950074,2.3,0.6825019744111496
Concrete,25,24.815138,2.3,0.6881782123203857
Concrete,25,24.31907,2.3,0.7101064447248685
Concrete,25,26.222541,2.3,0.6314810459704728
Concrete,25,24.845471,2.3,0.6868970028674055
Concrete,25,24.571672,2.3,0.6984198668848046
Concrete,25,24.647866,2.3,0.6952474955852871
Concrete,25,25.532309,2.3,0.658492575710178
Concrete,25,25.365444,2.3,0.6652986800528755
Concrete,25,25.412733,2.3,0.6633636534797824
Concrete,25,25.430821,2.3,0.6626237447933826
Concrete,25,27.141648,2.3,0.5973964380614478
Concrete,25,24.593585,2.3,0.6975057429945258
Concrete,25,24.487757,2.3,0.702128356617424
Concrete,25,24.186227,2.3,0.71646854303411
Concrete,25,25.615979,2.3,0.6551083087211338
Concrete,25,26.128972,2.3,0.6350640650516516
Concrete,25,24.886053,2.3,0.6851883786663926
Concrete,25,24.159844,2.3,0.7177403234286801
Concrete,25,24.175519,2.3,0.716984493083165
Concrete,25,25.650593,2.3,0.6537149174009581
Concrete,25,25.743254,2.3,0.6500322649970154
Concrete,25,25.543154,2.3,0.6580528633738222
Concrete,25,24.33449,2.3,0.7093727083663149
Concrete,25,25.232161,2.3,0.670789505713943
Concrete,25,25.116686,2.3,0.6755702967255527
Concrete,25,25.218689,2.3,0.6713467012650753
Concrete,25,25.871429,2.3,0.6450305011278248
Concrete,25,25.223596,2.3,0.6711432308072937
Concrete,25,25.678914,2.3,0.6525766432845277
Concrete,25,25.067579,2.3,0.6776044934812718
Concrete,25,25.289119,2.3,0.6684363500543791
Concrete,25,25.631288,2.3,0.6544917758709973
Concrete,25,23.542844,2.3,0.7483553703960484
Concrete,25,24.680329,2.3,0.6939069594082364
Concrete,25,24.529627,2.3,0.7001759979531309
Concrete,25,24.361122,2.3,0.7081078544014745
Concrete,25,24.724858,2.3,0.6920053972326805
Concrete,25,26.494941,2.3,0.6211946434800921
Concrete,25,24.134169,2.3,0.7189806105568898
Concrete,25,25.968278,2.3,0.6412751176754067
Concrete,25,23.31713,2.3,0.7602758185597459
Concrete,25,24.665115,2.3,0.6945351751855166
Concrete,25,25.162753,2.3,0.6736675515015442
Concrete,25,25.586222,2.3,0.656308912384886
Concrete,25,25.711227,2.3,0.6512936768510109
Concrete,25,25.793347,2.3,0.6480727660819625
Concrete,25,24.651275,2.3,0.6951063691260171
Concrete,25,24.537648,2.3,0.6998403509400901
Concrete,25,25.857976,2.3,0.645553216023071
Concrete,25,24.808696,2.3,0.6884499968898659
Concrete,25,23.724314,2.3,0.7391423839085057
Concrete,25,23.866713,2.3,0.7320601238708943
Concrete,25,24.080548,2.3,0.7215798496086807
Concrete,25,25.497161,2.3,0.6599190895169269
Concrete,25,25.142426,2.3,0.6745065869254144
Concrete,25,25.690485,2.3,0.6521123581012972
Concrete,25,24.572747,2.3,0.6983750456345357
Concrete,25,25.15854,2.3,0.6738416161659553
Concrete,25,25.62559,2.3,0.65472064534843
Concrete,25,24.690653,2.3,0.6934658622377173
Concrete,25,25.456775,2.3,0.661564558894021
Concrete,25,24.338074,2.3,0.7092033542261247
Concrete,25,24.636946,2.3,0.695699558331351
Concrete,25,24.618262,2.3,0.696476913000363
Concrete,25,23.80416,2.3,0.7351601746926505
Concrete,25,25.486972,2.3,0.6603344634279275
Concrete,25,24.530598,2.3,0.7001352554963691
Concrete,25,25.012494,2.3,0.6798958018428078
Concrete,25,25.480747,2.3,0.6605866290827798
Concrete,25,25.446531,2.3,0.6619820042430969
Concrete,25,25.665385,2.3,0.6531197108577157
Concrete,25,24.901515,2.3,0.6845393019089964
Concrete,25,24.576702,2.3,0.6982103610999701
Concrete,25,24.920282,2.3,0.6837508402359094
Concrete,25,23.312666,2.3,0.760526526257652
Concrete,25,23.552888,2.3,0.7478410122524227
Concrete,25,23.6773,2.3,0.7415032002974954
Concrete,25,24.002753,2.3,0.7253715926273389
Concrete,25,25.399774,2.3,0.6638939699311888
Concrete,25,24.094521,2.3,0.7209019064645411
Concrete,25,24.621837,2.3,0.6963288512959317
Concrete,25,26.299228,2.3,0.6285611917258234
Concrete,25,24.643736,2.3,0.6954187598813184
Concrete,25,25.737516,2.3,0.6502585563114954
Concrete,25,24.066382,2.3,0.7222694786031808
Concrete,25,24.794562,2.3,0.6890472064957656
Concrete,25,24.049978,2.3,0.7230664743894162
Concrete,25,24.660967,2.3,0.6947059752316339
Concrete,25,25.840308,2.3,0.6462404504354196
Concrete,25,23.27268,2.3,0.7627703344860238
Concrete,25,25.434424,2.3,0.6624766345786853
Concrete,25,25.237736,2.3,0.6705589786613646
Concrete,25,24.40585,2.3,0.7059887054255138
Concrete,25,23.553942,2.3,0.7477867924522752
Concrete,25,25.07213,2.3,0.6774160205214457
Concrete,25,24.470507,2.3,0.7029400191569262
Concrete,25,25.232676,2.3,0.6707679993804269
Concrete,25,25.021852,2.3,0.6795055638706423
Concrete,25,26.601779,2.3,0.6172274823178562
Concrete,25,24.760644,2.3,0.690485029835645
Concrete,25,23.976503,2.3,0.7266567137558178
Concrete,25,25.179276,2.3,0.6729815864949856
Concrete,25,25.219997,2.3,0.6712933473733042
Concrete,25,26.359188,2.3,0.6262893441752808
Concrete,25,25.835111,2.3,0.6464423541265678
Concrete,25,25.356871,2.3,0.665650711163429
Concrete,25,26.463303,2.3,0.622375460419746
Concrete,25,23.811237,2.3,0.7348085779085767
Concrete,25,24.360248,2.3,0.7081489608865215
Concrete,25,24.073424,2.3,0.7219262574897342
Concrete,25,24.61019,2.3,0.696813558073559
Concrete,25,23.623314,2.3,0.7442442312628159
Concrete,25,25.635151,2.3,0.6543361327356985
Concrete,25,24.777777,2.3,0.6897590887059373
Concrete,25,23.529194,2.3,0.7490557432868604
Concrete,25,23.984421,2.3,0.726267601953037
Concrete,25,25.313514,2.3,0.6674314689202677
Concrete,25,25.838127,2.3,0.6463256031283072
Concrete,25,26.996731,2.3,0.6027090319129601
Concrete,25,27.913862,2.3,0.5701320788297481
Concrete,25,25.414409,2.3,0.6632943970300103
Concrete,25,24.010462,2.3,0.7249944834727401
Concrete,25,22.867954,2.3,0.7856720010762444
Concrete,25,25.267711,2.3,0.6693202473950343
Concrete,25,24.187059,2.3,0.7164292512478047
Concrete,25,24.584643,2.3,0.6978784402674536
Concrete,25,24.387903,2.3,0.7068383366030905
Concrete,25,24.859209,2.3,0.6863182690094826
Concrete,25,26.06598,2.3,0.6374897570796091
Concrete,25,25.157049,2.3,0.6739034651269777
Concrete,25,24.841365,2.3,0.6870702202554092
Concrete,25,23.964346,2.3,0.7272522501377091
Concrete,25,23.325317,2.3,0.7598185756548468
Concrete,25,24.513692,2.3,0.7009121626331203
Concrete,25,24.946217,2.3,0.682664196265241
Concrete,25,26.76793,2.3,0.6111167219044897
Concrete,25,25.130275,2.3,0.6750077872939325
Concrete,25,25.98274,2.3,0.6407128186249622
Concrete,25,24.500704,2.3,0.7015204969422445
Concrete,25,23.815056,2.3,0.7346187112513373
Concrete,25,24.034883,2.3,0.7238030760470777
Concrete,25,24.274774,2.3,0.7122204242169281
Concrete,25,27.12847,2.3,0.5978777252482074
Concrete,25,24.178613,2.3,0.7168356640004065
Concrete,25,25.838489,2.3,0.646311034093769
Concrete,25,24.097073,2.3,0.7207782212121852
Concrete,25,25.931573,2.3,0.6426980822791232
Concrete,25,25.384951,2.3,0.664499722886766
Concrete,25,24.843362,2.3,0.6869861838684848
Concrete,25,24.959237,2.3,0.6821191699823257
Concrete,25,24.345212,2.3,0.7088630936432019
Concrete,25,25.446072,2.3,0.6620015776753987
Concrete,25,24.545017,2.3,0.6995319579056238
Concrete,25,23.774394,2.3,0.7366424323279301
Concrete,25,23.722062,2.3,0.7392555583909892
Concrete,25,25.172588,2.3,0.6732595928219063
Concrete,25,26.579091,2.3,0.6180672662945041
Concrete,25,25.159992,2.3,0.6737810602428871
Concrete,25,24.881362,2.3,0.6853851922025899
Concrete,25,25.285826,2.3,0.6685729632134534
Concrete,25,26.306002,2.3,0.628303508158928
Concrete,25,25.219383,2.3,0.6713186744520648
Concrete,25,24.589073,2.3,0.6976935135639799
Concrete,25,26.106289,2.3,0.6359360099887293
Concrete,25,25.428756,2.3,0.6627072320824063
Concrete,25,26.535756,2.3,0.6196748318694697
Concrete,25,25.183234,2.3,0.6728181694404808
Concrete,25,23.775531,2.3,0.7365853097767541
Concrete,25,23.631841,2.3,0.7438103116335018
Concrete,25,26.650928,2.3,0.6154121854743029
Concrete,25,26.723666,2.3,0.6127367698021934
Concrete,25,24.820481,2.3,0.6879511240954126
Concrete,25,24.616813,2.3,0.6965377287096259
Concrete,25,26.461444,2.3,0.6224453678213865
Concrete,25,23.892954,2.3,0.7307639892361257
Concrete,25,24.105273,2.3,0.7203802937110686
Concrete,25,25.643327,2.3,0.654006883185081
Concrete,25,24.605395,2.3,0.6970128104752938
Concrete,25,24.994878,2.3,0.680630311453174
Concrete,25,24.836557,2.3,0.6872727683704162
Concrete,25,25.337575,2.3,0.6664431025257996
Concrete,25,26.407482,2.3,0.6244663410649156
Concrete,25,25.090585,2.3,0.6766506555767857
Concrete,25,25.643939,2.3,0.653982706504817
Concrete,25,22.949828,2.3,0.781002049294446
Concrete,25,24.951282,2.3,0.6824518597429398
Concrete,25,24.15677,2.3,0.7178888926484609
Concrete,25,23.781187,2.3,0.7363021624074324
Concrete,25,24.121848,2.3,0.7195769728963506
Concrete,25,24.665877,2.3,0.6945036963478899
Concrete,25,25.915903,2.3,0.6433049305094584
Concrete,25,23.673607,2.3,0.741689876819284
Concrete,25,25.030631,2.3,0.6791404947223921
Concrete,25,24.515831,2.3,0.700811251790848
Concrete,25,24.672327,2.3,0.6942372482445847
Concrete,25,26.002758,2.3,0.6399352700367016
Concrete,25,25.538115,2.3,0.6582574175809951
Concrete,25,26.337398,2.3,0.6271141293057003
Concrete,25,24.845494,2.3,0.6868962508953845
Concrete,25,24.304057,2.3,0.7108214868979466
Concrete,25,24.776141,2.3,0.6898282652074523
Concrete,25,25.242497,2.3,0.6703616259612382
Concrete,25,25.176573,2.3,0.6730947765992554
Concrete,25,23.915612,2.3,0.7296467574663719
Concrete,25,25.09049,2.3,0.6766552133020781
Concrete,25,25.228228,2.3,0.6709525140856072
Concrete,25,27.517474,2.3,0.5839080294297404
Concrete,25,26.876845,2.3,0.6071024442926259
Concrete,25,24.146757,2.3,0.7183722744285681
Concrete,25,24.712617,2.3,0.692526688171328
Concrete,25,23.536558,2.3,0.7486777454814193
Concrete,25,24.409293,2.3,0.7058259421492247
Concrete,25,25.315605,2.3,0.6673463364905239
Concrete,25,26.205854,2.3,0.6321168802973811
Concrete,25,24.270916,2.3,0.7124055930829393
Concrete,25,24.345854,2.3,0.7088331029655873
Concrete,25,22.852711,2.3,0.7865428590985581
Concrete,25,24.837334,2.3,0.6872403155485715
Concrete,25,23.937586,2.3,0.7285652632686951
Concrete,25,24.470561,2.3,0.7029371894635961
Concrete,25,24.123139,2.3,0.7195159457197101
Concrete,25,24.905737,2.3,0.6843607453474877
Concrete,25,23.242272,2.3,0.764482422831878
Concrete,25,23.532955,2.3,0.7488628164461718
Concrete,25,27.129247,2.3,0.5978495564697232
Concrete,25,23.712577,2.3,0.7397298046828745
Concrete,25,23.903214,2.3,0.7302579781787483
Concrete,25,26.836914,2.3,0.6085725332083847
Concrete,25,27.905067,2.3,0.5704339955373527
Concrete,25,23.828433,2.3,0.7339557940504663
Concrete,25,24.631751,2.3,0.6959169313327966
Concrete,25,25.341556,2.3,0.6662785643149316
Concrete,25,26.728698,2.3,0.6125525822011848
Concrete,25,24.013143,2.3,0.724864106309268
Concrete,25,24.754722,2.3,0.6907363709117144
Concrete,25,25.777338,2.3,0.648697862264542
Concrete,25,25.434766,2.3,0.6624636763118136
Concrete,25,24.623844,2.3,0.6962454369499291
Concrete,25,24.866177,2.3,0.6860244172462512
Concrete,25,23.625104,2.3,0.7441529088120471
Concrete,25,24.761826,2.3,0.6904350294517158
Concrete,25,24.733613,2.3,0.6916338382887357
Concrete,25,25.23217,2.3,0.6707893890422215
Concrete,25,24.444673,2.3,0.7041551913924387
Concrete,25,25.471539,2.3,0.6609621946263502
Concrete,25,26.012716,2.3,0.6395502720747608
Concrete,25,25.155429,2.3,0.6739685179814903
Concrete,25,25.351756,2.3,0.6658604553913101
Concrete,25,25.053155,2.3,0.6782037884998926
Concrete,25,25.000084,2.3,0.6804124802238761
Concrete,25,24.278442,2.3,0.7120454165961947
Concrete,25,25.316494,2.3,0.6673097880470871
Concrete,25,24.902713,2.3,0.6844880987683198
Concrete,25,27.093168,2.3,0.5991678594241926
Concrete,25,26.573355,2.3,0.6182795246746383
Concrete,25,25.385847,2.3,0.6644634818722364
Concrete,25,24.236943,2.3,0.7140322427927919
Concrete,25,23.887589,2.3,0.7310273426435732
Concrete,25,26.191143,2.3,0.632680067911305
Concrete,25,25.262749,2.3,0.669524420098382
Concrete,25,25.480143,2.3,0.6606115463783953
Concrete,25,23.255414,2.3,0.7637421631121687
Concrete,25,25.927438,2.3,0.6428580178065036
Concrete,25,25.45442,2.3,0.661660431680305
Concrete,25,23.889569,2.3,0.7309304788678799
Concrete,25,24.528475,2.3,0.7002255525200536
Concrete,25,25.263717,2.3,0.6694849985321448
Concrete,25,25.052467,2.3,0.6782322473503467
Concrete,25,24.707829,2.3,0.692730739447539
Concrete,25,24.896512,2.3,0.6847486510023693
Concrete,25,24.748023,2.3,0.6910212985263599
Concrete,25,25.152563,2.3,0.6740883347188146
Concrete,25,26.471492,2.3,0.6220694545784664
Concrete,25,22.433342,2.3,0.8110185601602479
Concrete,25,24.76315,2.3,0.6903774636686946
Concrete,25,25.176512,2.3,0.6730972620015235
Concrete,25,25.295994,2.3,0.6681529192886431
Concrete,25,24.628085,2.3,0.6960682756739163
Concrete,25,23.243278,2.3,0.7644254113619465
Concrete,25,25.327995,2.3,0.6668361771368102
Concrete,25,26.72735,2.3,0.6126013199102632
Concrete,25,23.466139,2.3,0.7523004071368542
Concrete,25,25.863828,2.3,0.64532652674358
Concrete,25,24.671475,2.3,0.6942728198840794
Concrete,25,24.938676,2.3,0.6829800208294091
Concrete,25,23.947101,2.3,0.7280980811903469
Concrete,25,24.665544,2.3,0.6945175898561533
Concrete,25,26.300045,2.3,0.6285298064078478
Concrete,25,25.582655,2.3,0.656454763603705
Concrete,25,26.732312,2.3,0.6124198153849407
Concrete,25,26.177412,2.3,0.633205952004579
Concrete,25,25.439087,2.3,0.6622858103603615
Concrete,25,26.743935,2.3,0.6119939625282511
Concrete,25,25.438993,2.3,0.6622894640886996
Concrete,25,25.827988,2.3,0.6467210785671363
Concrete,25,24.703429,2.3,0.6929185251443273
Concrete,25,25.066546,2.3,0.6776471826798847
Concrete,25,24.302576,2.3,0.7108931267057722
Concrete,25,25.989584,2.3,0.6404466866273378
Concrete,25,23.821696,2.3,0.7342896376233865
Concrete,25,25.78235,2.3,0.6485019707866597
Concrete,25,24.809349,2.3,0.6884226374212772
Concrete,25,26.171247,2.3,0.6334420714744485
Concrete,25,25.750869,2.3,0.6497349808838385
Concrete,25,26.820646,2.3,0.6091731106731085
Concrete,25,25.730775,2.3,0.6505218697372861
Concrete,25,23.42796,2.3,0.7542731714640919
Concrete,25,24.933047,2.3,0.6832151869046165
Concrete,25,23.827993,2.3,0.7339773295611236
Concrete,25,24.48172,2.3,0.7024116750742536
Concrete,25,26.511228,2.3,0.6205875332162718
Concrete,25,25.637534,2.3,0.6542403393981409
Concrete,25,24.30107,2.3,0.7109641254066461
Concrete,25,23.986283,2.3,0.7261770010431824
Concrete,25,25.032782,2.3,0.6790508696766504
Concrete,25,23.78344,2.3,0.7361912550666521
Concrete,25,24.32886,2.3,0.7096407340182969
Concrete,25,25.312009,2.3,0.6674939034325423
Concrete,25,26.155312,2.3,0.6340526195407955
Concrete,25,25.608761,2.3,0.6553993734911748
Concrete,25,22.70871,2.3,0.7948242108540103
Concrete,25,25.304367,2.3,0.667808185001784
Concrete,25,25.072034,2.3,0.6774198892871287
Concrete,25,25.41389,2.3,0.6633169958391046
Concrete,25,26.61621,2.3,0.6166936005783973
Concrete,25,22.936762,2.3,0.7817455468174497
Concrete,25,24.408897,2.3,0.7058436245367607
Concrete,25,25.590906,2.3,0.6561197803229865
Concrete,25,23.418406,2.3,0.7547669964696918
Concrete,25,26.475949,2.3,0.6219026743946771
Concrete,25,25.368357,2.3,0.6651795718800615
Concrete,25,25.846584,2.3,0.6459964031515337
Concrete,25,24.429056,2.3,0.7048924159580552
Concrete,25,25.813764,2.3,0.6472765322898661
Concrete,25,26.068472,2.3,0.637393120351985
Concrete,25,25.232878,2.3,0.6707589174349861
Concrete,25,25.234401,2.3,0.6706962807831172
Concrete,25,25.270343,2.3,0.6692103537601507
Concrete,25,24.136655,2.3,0.7188607812171154
Concrete,25,24.852471,2.3,0.6866018315422526
Concrete,25,24.847477,2.3,0.686812803845672
Concrete,25,25.383394,2.3,0.6645638239900018
Concrete,25,25.999824,2.3,0.6400494159451828
Concrete,25,23.941464,2.3,0.7283756109055622
Concrete,25,24.874991,2.3,0.6856528073109179
Concrete,25,26.481456,2.3,0.6216983896614365
Concrete,25,24.256412,2.3,0.7130986555981013
Concrete,25,24.17775,2.3,0.7168769491560736
Concrete,25,25.202306,2.3,0.6720256747776205
Concrete,25,25.844385,2.3,0.6460821239064867
Concrete,25,25.011426,2.3,0.6799399259938707
Concrete,25,26.328961,2.3,0.6274337190150953
Concrete,25,25.856794,2.3,0.6455999684067765
Concrete,25,25.84182,2.3,0.6461818564044585
Concrete,25,25.554117,2.3,0.6576087834342265
Concrete,25,27.327653,2.3,0.590662979431066
Concrete,25,24.794838,2.3,0.6890362463240933
Concrete,25,22.996478,2.3,0.7783550168030698
Concrete,25,26.604254,2.3,0.617135555345452
Concrete,25,24.542301,2.3,0.6996454324544148
Concrete,25,25.10788,2.3,0.6759337864034125
Concrete,25,26.309551,2.3,0.6281690156268669
Concrete,25,23.39774,2.3,0.7558386849366279
Concrete,25,23.748353,2.3,0.7379412515206273
Concrete,25,23.398722,2.3,0.7557878960608769
Concrete,25,24.205864,2.3,0.7155233772956251
Concrete,25,25.439637,2.3,0.6622635696883395
Concrete,25,25.524188,2.3,0.6588216725257274
Concrete,25,25.276274,2.3,0.6689656610456961
Concrete,25,23.587234,2.3,0.746083405082035
Concrete,25,22.689897,2.3,0.7959131399570344
Concrete,25,25.054354,2.3,0.6781530783268146
Concrete,25,24.528224,2.3,0.7002345151991773
Concrete,25,25.459386,2.3,0.6614579665433358
Concrete,25,25.701954,2.3,0.6516596247318427
Concrete,25,25.138241,2.3,0.6746795806186098
Concrete,25,25.760133,2.3,0.6493717025965124
Concrete,25,25.229211,2.3,0.6709114867664745
Concrete,25,25.530065,2.3,0.6585834512141147
Concrete,25,24.295327,2.3,0.711238629772666
Concrete,25,24.820389,2.3,0.6879549071098929
Concrete,25,25.196776,2.3,0.6722555096169336
Concrete,25,25.820528,2.3,0.647011568579249
Concrete,25,24.606259,2.3,0.6969771901153504
Concrete,25,25.521167,2.3,0.6589443045659535
Concrete,25,24.734161,2.3,0.6916103265869364
Concrete,25,24.882458,2.3,0.6853388486413368
Concrete,25,25.829519,2.3,0.6466610161258737
Concrete,25,23.00694,2.3,0.7777640214622046
Concrete,25,23.703528,2.3,0.7401833774810542
Concrete,25,23.517815,2.3,0.7496407074252014
Concrete,25,22.666384,2.3,0.7972775357418326
Concrete,25,24.321736,2.3,0.7099805527920748
Concrete,25,25.749434,2.3,0.6497904853736571
Concrete,25,24.715116,2.3,0.692419082988284
Concrete,25,25.19779,2.3,0.6722137060068398
Concrete,25,26.089217,2.3,0.6365934015190533
Concrete,25,26.327686,2.3,0.6274811768195959
Concrete,25,24.930862,2.3,0.6833074062007294
Concrete,25,26.353586,2.3,0.626500675944163
Concrete,25,25.092127,2.3,0.6765863996297498
Concrete,25,24.162602,2.3,0.7176080068013755
Concrete,25,24.4056,2.3,0.7060001531705611
Concrete,25,23.519463,2.3,0.7495550674905871
Concrete,25,24.111866,2.3,0.7200614368430207
Concrete,25,24.641983,2.3,0.6954916461311417
Concrete,25,25.803585,2.3,0.6476723669132042
Concrete,25,26.72077,2.3,0.6128434146562327
Concrete,25,23.617818,2.3,0.7445242771683779
Concrete,25,25.392827,2.3,0.6641773730152724
Concrete,25,23.959456,2.3,0.7274920799260691
Concrete,25,25.474697,2.3,0.6608333958243442
Concrete,25,24.868913,2.3,0.6859099206280518
Concrete,25,23.169094,2.3,0.7686216619727794
Concrete,25,25.928297,2.3,0.6428254523187277
Concrete,25,24.394999,2.3,0.706502120654169
Concrete,25,24.4661,2.3,0.7031470831651344
Concrete,25,23.930248,2.3,0.7289277224927047
Concrete,25,24.345717,2.3,0.7088402293876452
Concrete,25,25.42789,2.3,0.6627430345095431
Concrete,25,24.810756,2.3,0.6883633403800814
Concrete,25,25.328662,2.3,0.6668089661630008
Concrete,25,25.361922,2.3,0.6654438545758126
Concrete,25,26.320662,2.3,0.6277477060865501
Concrete,25,24.657214,2.3,0.6948612405377372
Concrete,25,23.523142,2.3,0.7493648813842056
Concrete,25,26.067222,2.3,0.6374418369923328
Concrete,25,24.668512,2.3,0.6943949514727812
Concrete,25,26.114592,2.3,0.6356172654953739
Concrete,25,25.383377,2.3,0.6645640427175582
Concrete,25,24.868862,2.3,0.685910917134132
Concrete,25,25.348776,2.3,0.6659830088444532
Concrete,25,26.951013,2.3,0.6043807259735395
Concrete,25,27.076981,2.3,0.599760150503734
Concrete,25,25.069381,2.3,0.6775298121612163
Concrete,25,25.160191,2.3,0.6737726010265245
Concrete,25,26.07624,2.3,0.6370937873781601
Concrete,25,24.154339,2.3,0.7180066958347122
Concrete,25,25.33307,2.3,0.6666278150308714
Concrete,25,24.974137,2.3,0.6814962663097229
Concrete,25,25.313908,2.3,0.6674150544962654
Concrete,25,24.166631,2.3,0.7174142226016484
Concrete,25,23.410433,2.3,0.7551804240888405
Concrete,25,22.927017,2.3,0.7822993998759535
Concrete,25,23.882616,2.3,0.7312746729208026
Concrete,25,24.541325,2.3,0.6996871241162429
Concrete,25,24.706808,2.3,0.6927737156217015
Concrete,25,26.937231,2.3,0.6048853309287193
Concrete,25,26.105993,2.3,0.6359465300382701
Concrete,25,24.037909,2.3,0.723655568520866
Concrete,25,25.347708,2.3,0.6660260203889254
Concrete,25,24.592922,2.3,0.6975336523972596
Concrete,25,24.715636,2.3,0.6923984946482586
Concrete,25,25.185326,2.3,0.6727303164552788
Concrete,25,25.619171,2.3,0.6549795722732701
Concrete,25,24.660742,2.3,0.6947157633583249
Concrete,25,26.063852,2.3,0.6375724127987211
Concrete,25,23.858062,2.3,0.732488011664277
Concrete,25,25.006339,2.3,0.6801514884866093
Concrete,25,27.597674,2.3,0.5810820714006926
Concrete,25,25.22308,2.3,0.6711653657467826
Concrete,25,26.433215,2.3,0.6234998043255003
Concrete,25,25.09152,2.3,0.67661137912844
Concrete,25,25.580777,2.3,0.656529520484753
Concrete,25,24.943217,2.3,0.6827891102244745
Concrete,25,24.829592,2.3,0.68756676259917
Concrete,25,24.220518,2.3,0.714820829787646
Concrete,25,25.430301,2.3,0.6626448762428918
Concrete,25,24.148463,2.3,0.7182899388091767
Concrete,25,25.665585,2.3,0.6531115924810089
Concrete,25,26.085287,2.3,0.6367452695256385
Concrete,25,25.366531,2.3,0.665254376033182
Concrete,25,24.713751,2.3,0.6924781874726563
Concrete,25,25.453966,2.3,0.6616790880536734
Concrete,25,24.691327,2.3,0.6934369534733451
Concrete,25,25.935547,2.3,0.642544654440438
Concrete,25,23.168594,2.3,0.7686496127825101
Concrete,25,24.664393,2.3,0.6945647072704431
Concrete,25,23.009188,2.3,0.7776357654410431
Concrete,25,23.504939,2.3,0.7503015362552157
Concrete,25,26.363862,2.3,0.6261121630044516
Concrete,25,25.895185,2.3,0.6441072161239737
Concrete,25,24.28052,2.3,0.7119457607469215
Concrete,25,23.497497,2.3,0.7506841227310386
Concrete,25,22.035471,2.3,0.8355796636011293
Concrete,25,24.456504,2.3,0.7035989322498818
Concrete,25,27.420415,2.3,0.5873497445653896
Concrete,25,25.434884,2.3,0.662459025952131
Concrete,25,24.440428,2.3,0.7043554238117228
Concrete,25,25.46508,2.3,0.6612253876490028
Concrete,25,23.439042,2.3,0.7536984333593015
Concrete,25,24.702677,2.3,0.6929511581967117
Concrete,25,25.099477,2.3,0.6762823234068265
Concrete,25,24.913899,2.3,0.6840190291398649
Concrete,25,25.790806,2.3,0.6481721247232092
Concrete,25,25.344645,2.3,0.6661521839265878
Concrete,25,25.668326,2.3,0.6530016680378945
Concrete,25,24.311628,2.3,0.7104617118403953
Concrete,25,25.897815,2.3,0.6440056672472713
Concrete,25,26.628937,2.3,0.6162228340331272
Concrete,25,24.02985,2.3,0.7240485768928132
Concrete,25,24.112304,2.3,0.7200396550957517
Concrete,25,26.335784,2.3,0.6271753211769191
Concrete,25,24.808656,2.3,0.688451121466836
Concrete,25,26.403821,2.3,0.6246051020896611
Concrete,25,24.557464,2.3,0.6990129493767798
Concrete,25,26.455046,2.3,0.622684517595537
Concrete,25,25.131486,2.3,0.6749573099525416
Concrete,25,25.258229,2.3,0.6697113127663585
Concrete,25,26.564718,2.3,0.61860015530614
Concrete,25,24.63823,2.3,0.6956470849157921
Concrete,25,24.058878,2.3,0.7226339968629139
Concrete,25,24.551436,2.3,0.6992652235530423
Concrete,25,25.452334,2.3,0.6617462329511348
Concrete,25,23.434241,2.3,0.7539467934954358
Concrete,25,25.637471,2.3,0.6542425881180551
Concrete,25,24.461229,2.3,0.7033763244911392
Concrete,25,26.147813,2.3,0.6343400207564917
Concrete,25,22.60574,2.3,0.8008074226075461
Concrete,25,24.213434,2.3,0.7151598039495648
Concrete,25,23.313532,2.3,0.7604772326761305
Concrete,25,24.173771,2.3,0.7170689970389106
Concrete,25,25.247666,2.3,0.6701475619190861
Concrete,25,24.820773,2.3,0.6879393063742327
Concrete,25,24.746622,2.3,0.6910802484933942
Concrete,25,24.840815,2.3,0.6870936055051335
Concrete,25,25.203388,2.3,0.6719808691406549
Concrete,25,23.991464,2.3,0.7259229634255459
Concrete,25,25.70685,2.3,0.6514658282012828
Concrete,25,25.662666,2.3,0.6532291124117304
Concrete,25,25.385038,2.3,0.6644966665081216
Concrete,25,25.556533,2.3,0.6575107805880364
Concrete,25,25.296418,2.3,0.6681352076191588
Concrete,25,27.035073,2.3,0.6012979391456769
Concrete,25,24.912906,2.3,0.6840594437874836
Concrete,25,24.692917,2.3,0.6933691098872022
Concrete,25,24.246472,2.3,0.7135760814764393
Concrete,25,23.967737,2.3,0.7270851872656184
Concrete,25,23.755528,2.3,0.7375825376713293
Concrete,25,24.111203,2.3,0.7200930086315445
Concrete,25,24.92932,2.3,0.6833717836837973
Concrete,25,25.334295,2.3,0.6665771279731714
Concrete,25,25.051142,2.3,0.678286535813451
Concrete,25,24.234465,2.3,0.7141512597030969
Concrete,25,25.900185,2.3,0.6439139942683224
Concrete,25,25.739413,2.3,0.6501847181135549
Concrete,25,24.840352,2.3,0.6871138993382389
Concrete,25,24.347084,2.3,0.708774634737302
Concrete,25,25.548428,2.3,0.6578393163471241
Concrete,25,25.187974,2.3,0.6726208478913859
Concrete,25,23.551873,2.3,0.7478933533199612
Concrete,25,24.93202,2.3,0.6832584141023256
Concrete,25,25.262036,2.3,0.669554530024443
Concrete,25,24.100305,2.3,0.7206209804868235
Concrete,25,25.189843,2.3,0.6725429545845164
Concrete,25,23.545178,2.3,0.7482348685416186
Concrete,25,26.336186,2.3,0.6271598840910078
Concrete,25,26.24795,2.3,0.6305113129615272
Concrete,25,24.747483,2.3,0.6910433859348472
Concrete,25,25.363454,2.3,0.6653802066126967
Concrete,25,22.590078,2.3,0.8017208577288905
Concrete,25,23.843652,2.3,0.7332010004211083
Concrete,25,24.706221,2.3,0.6927990466645038
Concrete,25,23.927867,2.3,0.7290440245517678
Concrete,25,25.714396,2.3,0.6511687343781182
Concrete,25,26.997297,2.3,0.6026878401094586
Concrete,25,23.823385,2.3,0.734205560758927
Concrete,25,24.162537,2.3,0.717610519909013
Concrete,25,25.235448,2.3,0.670652890633656
Concrete,25,26.611116,2.3,0.6168819014811873
Concrete,25,23.777626,2.3,0.7364815926517119
Concrete,25,25.249036,2.3,0.6700902045325797
Concrete,25,26.821299,2.3,0.609149203160007
Concrete,25,23.348241,2.3,0.758535986721981
Concrete,25,23.718931,2.3,0.7394121895317033
Concrete,25,24.576393,2.3,0.6982239547756769
Concrete,25,24.479412,2.3,0.7025200716877004
Concrete,25,25.812601,2.3,0.6473210803408302
Concrete,25,25.24166,2.3,0.6703961172686297
Concrete,25,23.225038,2.3,0.7654551442234387
Concrete,25,25.51541,2.3,0.6591787445503692
Concrete,25,24.422461,2.3,0.7052043468799422
Concrete,25,26.274447,2.3,0.6295035187851034
Concrete,25,24.372412,2.3,0.7075719592752046
Concrete,25,24.363385,2.3,0.7080009588053211
Concrete,25,25.541132,2.3,0.6581346298778907
Concrete,25,25.762926,2.3,0.6492626441467501
Concrete,25,25.448099,2.3,0.661918072831679
Concrete,25,23.314403,2.3,0.7604294211049669
Concrete,25,25.538034,2.3,0.6582597942322245
Concrete,25,23.965692,2.3,0.727186444339523
Concrete,25,25.235276,2.3,0.6706600225439985
Concrete,25,23.576266,2.3,0.7466450278672698
Concrete,25,25.446322,2.3,0.6619914471898564
Concrete,25,24.193401,2.3,0.7161241627399647
Concrete,25,23.717365,2.3,0.7394904180674836
Concrete,25,25.71382,2.3,0.6511905247731703
Concrete,25,25.241645,2.3,0.6703960419470363
Concrete,25,24.386023,2.3,0.7069272453869236
Concrete,25,26.451179,2.3,0.6228288554037231
Concrete,25,24.559348,2.3,0.6989346431563938
Concrete,25,25.032108,2.3,0.6790780558490807
Concrete,25,25.268913,2.3,0.6692702378899683
Concrete,25,24.380334,2.3,0.7071968557825812
Concrete,25,25.471136,2.3,0.6609788598476506
Concrete,25,24.466548,2.3,0.7031248461393381
Concrete,25,24.588362,2.3,0.6977231916395614
Concrete,25,26.362643,2.3,0.6261593805164536
Concrete,25,23.959414,2.3,0.727493657867472
Concrete,25,22.58722,2.3,0.8018887207575305
Concrete,25,26.610937,2.3,0.6168888658083846
Concrete,25,27.549328,2.3,0.5827833429704374
Concrete,25,24.594731,2.3,0.6974582269229885
Concrete,25,23.063162,2.3,0.7745910187422445
Concrete,25,24.689516,2.3,0.6935140391641572
Concrete,25,24.713777,2.3,0.6924766988700233
Concrete,25,24.810076,2.3,0.6883915837891447
Concrete,25,23.886612,2.3,0.7310768756680951
Concrete,25,25.579561,2.3,0.6565790884697491
Concrete,25,25.524507,2.3,0.6588091684441829
Concrete,25,23.505594,2.3,0.7502676336141962
Concrete,25,25.699197,2.3,0.6517685952709222
Concrete,25,27.052685,2.3,0.60065165720741
Concrete,25,25.17196,2.3,0.6732864504883587
Concrete,25,24.662675,2.3,0.6946361338614782
Concrete,25,24.857997,2.3,0.6863688419040905
Concrete,25,25.615257,2.3,0.655137975333111
Concrete,25,23.269328,2.3,0.7629594013223437
Concrete,25,25.164391,2.3,0.6735995950237516
Concrete,25,24.609536,2.3,0.6968402358041719
Concrete,25,26.847825,2.3,0.6081698317890384
Concrete,25,24.825827,2.3,0.687725633106571
Concrete,25,26.667888,2.3,0.6147872323296024
Concrete,25,23.896259,2.3,0.7306009628969541
Concrete,25,25.587259,2.3,0.6562670685149649
Concrete,25,25.3194,2.3,0.667189742052882
Concrete,25,24.130953,2.3,0.7191373908431301
Concrete,25,25.177396,2.3,0.6730604725075187
Concrete,25,26.212519,2.3,0.6318626518351186
Concrete,25,24.676208,2.3,0.6940770917734097
Concrete,25,23.308037,2.3,0.7607861475287349
Concrete,25,24.982437,2.3,0.6811494305717778
Concrete,25,24.097577,2.3,0.7207529945360722
Concrete,25,24.657659,2.3,0.6948432532382203
Concrete,25,24.918412,2.3,0.68382926540032
Concrete,25,23.294348,2.3,0.7615522893239945
Concrete,25,23.384342,2.3,0.7565337629874054
Concrete,25,25.482067,2.3,0.6605336109580169
Concrete,25,24.477281,2.3,0.7026210848791538
Concrete,25,22.435256,2.3,0.8109048207258802
Concrete,25,25.784844,2.3,0.6484054031580282
Concrete,25,25.27237,2.3,0.6691265706964536
Concrete,25,24.286125,2.3,0.711678203639782
Concrete,25,23.68317,2.3,0.7412049811047894
Concrete,25,25.835808,2.3,0.6464157268758449
Concrete,25,25.349351,2.3,0.6659593087065593
Concrete,25,27.382602,2.3,0.5886969176085336
Concrete,25,25.420189,2.3,0.6630580826733552
Concrete,25,25.387703,2.3,0.6643866334649662
Concrete,25,24.833072,2.3,0.6874195469824909
Concrete,25,25.816776,2.3,0.6471577441385327
Concrete,25,25.625085,2.3,0.6547413967176237
Concrete,25,26.251725,2.3,0.6303669856139394
Concrete,25,24.478677,2.3,0.7025555280411937
Concrete,25,24.564593,2.3,0.6987154653039203
Concrete,25,24.520897,2.3,0.7005739286656301
Concrete,25,25.790802,2.3,0.648172088146481
Concrete,25,26.498374,2.3,0.6210666985737222
Concrete,25,24.54116,2.3,0.6996935753797153
Concrete,25,24.575226,2.3,0.6982720021116019
Concrete,25,25.314077,2.3,0.6674081252578741
Concrete,25,24.754238,2.3,0.6907571017103357
Concrete,25,25.952054,2.3,0.6419059702972533
Concrete,25,22.748223,2.3,0.7925414342911253
Concrete,25,24.173295,2.3,0.717091865199889
Concrete,25,24.217584,2.3,0.714961182627087
Concrete,25,22.679644,2.3,0.7965068860001532
Concrete,25,24.036362,2.3,0.7237302797697602
Concrete,25,24.084844,2.3,0.7213709735443733
Concrete,25,24.798895,2.3,0.6888655991569865
Concrete,25,26.112966,2.3,0.6356787935937094
Concrete,25,24.754939,2.3,0.6907276417533658
Concrete,25,23.969186,2.3,0.7270160667183312
Concrete,25,24.943045,2.3,0.6827967702190078
Concrete,25,26.049174,2.3,0.638138935082057
Concrete,25,24.024041,2.3,0.7243307421655669
Concrete,25,24.089425,2.3,0.721150074409587
Concrete,25,25.558549,2.3,0.6574287573339734
Concrete,25,24.778464,2.3,0.689729781388596
Concrete,25,25.647485,2.3,0.6538388138100018
Concrete,25,24.986353,2.3,0.6809856430189977
Concrete,25,25.701664,2.3,0.6516706253602829
Concrete,25,23.964922,2.3,0.7272234299199549
Concrete,25,24.987915,2.3,0.6809208946478028
Concrete,25,24.78931,2.3,0.6892696473907335
Concrete,25,23.784109,2.3,0.7361584164984882
Concrete,25,23.436522,2.3,0.7538297413216385
Concrete,25,25.685749,2.3,0.6523021992304817
Concrete,25,24.649048,2.3,0.6951979265387985
Concrete,25,23.97772,2.3,0.726596647360327
Concrete,25,24.903821,2.3,0.6844414326753403
Concrete,25,26.128019,2.3,0.6351003956372656
Concrete,25,22.719262,2.3,0.7942129789542194
Concrete,25,23.503361,2.3,0.7503826201655428
Concrete,25,24.077114,2.3,0.7217470815558973
Concrete,25,26.461179,2.3,0.6224555120540061
Concrete,25,25.282587,2.3,0.6687055376358517
Concrete,25,25.767317,2.3,0.6490905490620063
Concrete,25,23.859839,2.3,0.7324000979249687
Concrete,25,23.880464,2.3,0.7313811783179098
Concrete,25,25.447814,2.3,0.6619296763618495
Concrete,25,25.058274,2.3,0.6779917438559302
Concrete,25,25.548739,2.3,0.6578264447852068
Concrete,25,24.812329,2.3,0.6882960299743844
Concrete,25,25.278144,2.3,0.6688896010130917
Concrete,25,25.158119,2.3,0.6738591373661384
Concrete,25,25.777767,2.3,0.648681111464672
Concrete,25,25.807008,2.3,0.6475389283001574
Concrete,25,23.380128,2.3,0.7567567458752507
Concrete,25,22.752731,2.3,0.7922821229637486
Concrete,25,26.001745,2.3,0.6399755753461275
Concrete,25,26.187725,2.3,0.6328108741384233
Concrete,25,23.979377,2.3,0.7265157294462811
Concrete,25,23.140165,2.3,0.7702527907887174
Concrete,25,25.099035,2.3,0.6763006741109843
Concrete,25,25.930838,2.3,0.6427267792246191
Concrete,25,26.797595,2.3,0.6100248720044571
Concrete,25,25.516298,2.3,0.659141653465496
Concrete,25,24.628283,2.3,0.6960616763220153
Concrete,25,24.106869,2.3,0.7203029600122457
Concrete,25,25.011451,2.3,0.6799388810371692
Concrete,25,24.700735,2.3,0.6930345739741712
Concrete,25,23.984932,2.3,0.7262435851128877
Concrete,25,27.048756,2.3,0.6007950130446698
Concrete,25,26.785168,2.3,0.6104850630099333
Concrete,25,26.136049,2.3,0.6347914193255014
Concrete,25,24.07915,2.3,0.7216483722484774
Concrete,25,25.855019,2.3,0.6456683047977584
Concrete,25,25.639626,2.3,0.6541553742714662
Concrete,25,25.442546,2.3,0.6621446599692536
Concrete,25,26.249665,2.3,0.6304456761847501
Concrete,25,25.635371,2.3,0.6543272057752204
Concrete,25,25.740014,2.3,0.6501602247779513
Concrete,25,25.636906,2.3,0.6542658018426039
Concrete,25,25.340791,2.3,0.6663104141220155
Concrete,25,23.216389,2.3,0.7659435929122628
Concrete,25,25.083621,2.3,0.6769395913458683
Concrete,25,24.443808,2.3,0.7041967720907923
Concrete,25,23.720159,2.3,0.7393510253103105
Concrete,25,26.681817,2.3,0.6142747015024077
Concrete,25,26.728995,2.3,0.6125420022089751
Concrete,25,26.359221,2.3,0.6262882741980035
Concrete,25,25.255213,2.3,0.6698360528303204
Concrete,25,26.350625,2.3,0.6266123127247569
Concrete,25,25.012053,2.3,0.6799131721100088
Concrete,25,25.202797,2.3,0.6720052456191442
Concrete,25,23.906529,2.3,0.7300941391019935
Concrete,25,25.396991,2.3,0.6640075065190161
Concrete,25,25.060386,2.3,0.6779040657916464
Concrete,25,23.697348,2.3,0.7404927466992149
Concrete,25,24.948803,2.3,0.6825554240034787
Concrete,25,24.92027,2.3,0.6837509742748101
Concrete,25,26.797561,2.3,0.6100266129852633
Concrete,25,25.894213,2.3,0.6441457141123527
Concrete,25,25.011445,2.3,0.6799389124887226
Concrete,25,25.248787,2.3,0.6701010173088691
Concrete,25,25.044212,2.3,0.678574406871545
Concrete,25,24.797086,2.3,0.6889411804883145
Concrete,25,23.917573,2.3,0.7295501356027717
Concrete,25,24.848948,2.3,0.6867509422548782
Concrete,25,24.253902,2.3,0.7132198621590293
Concrete,25,23.749684,2.3,0.7378747312622977
Concrete,25,25.511222,2.3,0.6593485473370825
Concrete,25,25.391265,2.3,0.664240957890992
Concrete,25,23.213292,2.3,0.766117212889173
Concrete,25,24.877315,2.3,0.6855553798518217
Concrete,25,25.995701,2.3,0.6402103127062734
Concrete,25,26.059224,2.3,0.6377500998675528
Concrete,25,26.025837,2.3,0.6390417416935134
Concrete,25,25.038913,2.3,0.6787959863108918
Concrete,25,24.154955,2.3,0.7179758753867238
Concrete,25,23.916301,2.3,0.7296125873402628
Concrete,25,25.344605,2.3,0.6661538449133018
Concrete,25,25.37928,2.3,0.6647326524535961
Concrete,25,26.287331,2.3,0.6290128041586265
Concrete,25,26.09998,2.3,0.6361781001411816
Concrete,25,24.867771,2.3,0.6859576738288191
Concrete,25,23.755794,2.3,0.7375693583020704
Concrete,25,24.680893,2.3,0.6938839222894075
Concrete,25,25.217231,2.3,0.6714063340134758
Concrete,25,24.797917,2.3,0.6889065402035943
Concrete,25,24.422106,2.3,0.7052207337159861
Concrete,25,25.252885,2.3,0.6699316217468101
Concrete,25,24.496042,2.3,0.701739541954231
Concrete,25,24.371934,2.3,0.7075947125404499
Concrete,25,25.311453,2.3,0.6675166914379765
Concrete,25,24.598007,2.3,0.6973215216559123
Concrete,25,25.244104,2.3,0.6702956109890921
Concrete,25,25.273204,2.3,0.6690935618888101
Concrete,25,23.860571,2.3,0.7323643085206539
Concrete,25,24.518759,2.3,0.7006740170282757
Concrete,25,26.437777,2.3,0.6233297392909426
Concrete,25,23.83792,2.3,0.7334841525454917
Concrete,25,22.883346,2.3,0.7847905248169101
Concrete,25,23.138155,2.3,0.7703657052443097
Concrete,25,25.02911,2.3,0.6792033583073182
Concrete,25,25.030917,2.3,0.6791293450750909
Concrete,25,24.882389,2.3,0.6853419043620176
Concrete,25,26.21419,2.3,0.6317988644448803
Concrete,25,22.327166,2.3,0.8174402634518612
Concrete,25,25.395934,2.3,0.6640504532499161
Concrete,25,26.561438,2.3,0.6187218896583877
Concrete,25,23.872219,2.3,0.7317878365033708
Concrete,25,24.620193,2.3,0.6963973746694959
Concrete,25,24.247108,2.3,0.7135439115267599
Concrete,25,24.105654,2.3,0.7203629642582513
Concrete,25,24.673738,2.3,0.6941793255309328
Concrete,25,26.427485,2.3,0.6237148689077586
Concrete,25,26.837387,2.3,0.6085553422488996
Concrete,25,24.664061,2.3,0.6945785816892547
Concrete,25,26.90506,2.3,0.6060646840078593
Concrete,25,25.035576,2.3,0.6789342276862633
Concrete,25,26.753691,2.3,0.611636665099418
Concrete,25,24.906701,2.3,0.6843204942608917
Concrete,25,25.131058,2.3,0.674975583868946
Concrete,25,25.365474,2.3,0.6652971086815862
Concrete,25,28.178854,2.3,0.5611397482969535
Concrete,25,25.851286,2.3,0.6458134723851918
Concrete,25,24.292735,2.3,0.7113625293002075
Concrete,25,25.968998,2.3,0.641246998537352
Concrete,25,24.638167,2.3,0.6956498309847093
Concrete,25,24.51025,2.3,0.7010733254373972
Concrete,25,25.908601,2.3,0.6435875681928825
Concrete,25,25.031086,2.3,0.6791217764109565
Concrete,25,25.278576,2.3,0.6688718531349398
Concrete,25,25.013985,2.3,0.6798336497269812
Concrete,25,25.336583,2.3,0.666483350346486
Concrete,25,25.424966,2.3,0.6628637900279775
Concrete,25,23.063033,2.3,0.7745981708961753
Concrete,25,25.666573,2.3,0.6530725061342197
Concrete,25,24.017981,2.3,0.7246268485134862
Concrete,25,23.557701,2.3,0.7475937189458621
Concrete,25,24.941589,2.3,0.6828583438343764
Concrete,25,25.083981,2.3,0.6769241385367034
Concrete,25,24.306494,2.3,0.7107068945885553
Concrete,25,25.831032,2.3,0.6466019366265071
Concrete,25,23.657825,2.3,0.7424903545545836
Concrete,25,24.593056,2.3,0.6975282605835027
Concrete,25,24.415126,2.3,0.7055504871466004
Concrete,25,24.953413,2.3,0.6823630563756212
Concrete,25,25.278864,2.3,0.6688592061390002
Concrete,25,23.992107,2.3,0.7258917133418531
Concrete,25,25.724283,2.3,0.6507776292093872
Concrete,25,25.063002,2.3,0.6777944694000515
Concrete,25,23.108054,2.3,0.7720681852813422
Concrete,25,23.041409,2.3,0.7758159868539506
Concrete,25,24.987681,2.3,0.6809299650323436
Concrete,25,24.779033,2.3,0.6897059476501568
Concrete,25,24.89658,2.3,0.6847463100075308
Concrete,25,24.972018,2.3,0.6815844322872142
Concrete,25,25.22556,2.3,0.6710626107881524
Concrete,25,25.94765,2.3,0.6420765259427206
Concrete,25,23.888895,2.3,0.7309639049753665
Concrete,25,23.828028,2.3,0.7339755961079826
Concrete,25,23.906676,2.3,0.7300866194268404
Concrete,25,25.288917,2.3,0.6684454451587152
Concrete,25,26.244947,2.3,0.6306260678120839
Concrete,25,24.568661,2.3,0.6985453353313393
Concrete,25,22.4983,2.3,0.8071385126823172
Concrete,25,23.296007,2.3,0.7614600425882796
Concrete,25,24.166963,2.3,0.7173977603325693
Concrete,25,24.442271,2.3,0.7042681327453857
Concrete,25,24.591611,2.3,0.6975881186697399
Concrete,25,25.038581,2.3,0.6788094378881065
Concrete,25,24.688254,2.3,0.6935684154484336
Concrete,25,26.04934,2.3,0.6381329762444935
Concrete,25,24.323983,2.3,0.709873359668972
Concrete,25,24.137682,2.3,0.7188108787082104
Concrete,25,25.478876,2.3,0.66066298088382
Concrete,25,23.464358,2.3,0.7523919870885571
Concrete,25,25.389692,2.3,0.6643055474117571
Concrete,25,25.102553,2.3,0.6761552186377103
Concrete,25,24.852558,2.3,0.6865979689758548
Concrete,25,26.588276,2.3,0.6177266303094359
Concrete,25,24.377793,2.3,0.7073170245861508
Concrete,25,27.060298,2.3,0.6003722222432776
Concrete,25,24.774569,2.3,0.689894427509528
Concrete,25,23.722984,2.3,0.7392089394592722
Concrete,25,25.06992,2.3,0.6775072899108472
Concrete,25,23.923755,2.3,0.7292457492410602
Concrete,25,24.248244,2.3,0.7134912201782311
Concrete,25,25.397033,2.3,0.6640059168831959
Concrete,25,25.555582,2.3,0.6575496667839492
Concrete,25,24.377832,2.3,0.7073158609699057
Concrete,25,25.987405,2.3,0.6405318019646867
Concrete,25,26.157508,2.3,0.6339684927066016
Concrete,25,26.436302,2.3,0.6233838782013152
Concrete,25,25.529413,2.3,0.6586098725218009
Concrete,25,26.363429,2.3,0.626129638488174
Concrete,25,23.119202,2.3,0.7714377931805546
Concrete,25,24.682093,2.3,0.6938327353548154
Concrete,25,24.132995,2.3,0.7190378301829087
Concrete,25,25.119226,2.3,0.6754640372526509
Concrete,25,24.428551,2.3,0.7049162595021817
Concrete,25,24.833842,2.3,0.6873877477464853
Concrete,25,26.882175,2.3,0.6069057773248576
Concrete,25,24.83028,2.3,0.6875379134892102
Concrete,25,25.413792,2.3,0.6633206272686168
Concrete,25,24.767731,2.3,0.6901844411963249
Concrete,25,25.075713,2.3,0.6772678074910496
Concrete,25,25.006017,2.3,0.6801649159578363
Concrete,25,25.448324,2.3,0.661909045805577
Concrete,25,26.165308,2.3,0.6336693503824044
Concrete,25,26.647394,2.3,0.6155425136275179
Concrete,25,25.30962,2.3,0.6675918626291466
Concrete,25,25.589547,2.3,0.6561752386123967
Concrete,25,23.849135,2.3,0.7329300586750397
Concrete,25,24.912123,2.3,0.684092195804201
Concrete,25,25.940289,2.3,0.6423602271284964
Concrete,25,25.865969,2.3,0.6452427171220283
Concrete,25,25.21161,2.3,0.6716399838635516
Concrete,25,25.886394,2.3,0.6444494268305297
Concrete,25,25.490767,2.3,0.6601804028565372
Concrete,25,26.200306,2.3,0.6323295591196523
Concrete,25,25.289359,2.3,0.6684266031077679
Concrete,25,24.644302,2.3,0.6953946350911608
Concrete,25,25.335841,2.3,0.6665130496796619
Concrete,25,22.069406,2.3,0.8332960119637279
Concrete,25,25.382886,2.3,0.6645837931853092
Concrete,25,21.351587,2.3,0.8832301837366575
Concrete,25,23.276537,2.3,0.7625531086290509
Concrete,25,25.451769,2.3,0.6617690921493855
Concrete,25,25.477529,2.3,0.660718253436144
Concrete,25,23.837571,2.3,0.7335026764275931
Concrete,25,24.287898,2.3,0.7115933579069178
Concrete,25,26.370541,2.3,0.625861201850818
Concrete,25,24.51597,2.3,0.7008039730429368
Concrete,25,27.24292,2.3,0.593718635397533
Concrete,25,24.99808,2.3,0.6804967914419379
Concrete,25,25.408036,2.3,0.6635557741962095
Concrete,25,26.616874,2.3,0.6166690245268016
Concrete,25,25.131027,2.3,0.6749766886076461
Concrete,25,23.997656,2.3,0.7256207009808138
Concrete,25,24.890273,2.3,0.6850102075930767
Concrete,25,24.964389,2.3,0.681903149416737
Concrete,25,23.635258,2.3,0.7436365244694927
Concrete,25,24.744168,2.3,0.691184275517787
Concrete,25,24.257808,2.3,0.7130320631604976
Concrete,25,25.924358,2.3,0.6429771252172192
Concrete,25,25.034612,2.3,0.6789743470782826
Concrete,25,24.717204,2.3,0.6923313759941031
Concrete,25,24.893818,2.3,0.6848611235142081
Concrete,25,25.223122,2.3,0.6711631425954753
Concrete,25,25.616814,2.3,0.6550745843463981
Concrete,25,24.000288,2.3,0.7254922585055049
Concrete,25,23.958412,2.3,0.7275437667307
Concrete,25,26.104679,2.3,0.6359967639432932
Concrete,25,24.587663,2.3,0.6977528635913379
Concrete,25,23.583158,2.3,0.7462920830813848
Concrete,25,25.443813,2.3,0.6620928331993136
Concrete,25,25.46337,2.3,0.6612957135440305
Concrete,25,23.469285,2.3,0.7521370815765267
Concrete,25,25.229482,2.3,0.6709008079371862
Concrete,25,25.735583,2.3,0.6503339378356806
Concrete,25,25.374386,2.3,0.6649323399215525
Concrete,25,25.631981,2.3,0.6544634229907909
Concrete,25,23.595731,2.3,0.7456498971406852
Concrete,25,25.33104,2.3,0.6667112248362024
Concrete,25,24.69738,2.3,0.6931773238063961
Concrete,25,24.51721,2.3,0.7007462792904886
Concrete,25,25.870556,2.3,0.645064146256753
Concrete,25,26.479275,2.3,0.6217791201949083
Concrete,25,26.79437,2.3,0.6101444614133831
Concrete,25,26.314808,2.3,0.6279696844644642
Concrete,25,24.890266,2.3,0.6850113929464087
Concrete,25,25.35272,2.3,0.6658209062107326
Concrete,25,25.766823,2.3,0.6491091729045761
Concrete,25,25.121178,2.3,0.6753840631907865
Concrete,25,25.130764,2.3,0.6749877081406404
Concrete,25,25.823753,2.3,0.6468872998599389
Concrete,60,59.940717,2.3,0.12408899328247663
Concrete,60,59.270713,2.3,0.12702235324790165
Concrete,60,59.585527,2.3,0.12563211100668512
Concrete,60,60.63391,2.3,0.12114518105444377
Concrete,60,60.002993,2.3,0.12382063071809835
Concrete,60,60.34021,2.3,0.12238096376862782
Concrete,60,60.670079,2.3,0.12099452880081446
Concrete,60,59.625159,2.3,0.1254588967724745
Concrete,60,60.756248,2.3,0.12063648121691853
Concrete,60,60.378843,2.3,0.12221738728332891
Concrete,60,58.765187,2.3,0.12930942359288783
Concrete,60,61.442305,2.3,0.11782963460074031
Concrete,60,59.499255,2.3,0.1260103211452553
Concrete,60,58.344905,2.3,0.13124761344155267
Concrete,60,58.954956,2.3,0.12844461289769113
Concrete,60,58.978955,2.3,0.12833587183431
Concrete,60,60.052173,2.3,0.12360931976706267
Concrete,60,59.726149,2.3,0.1250185332413871
Concrete,60,59.663168,2.3,0.12529298094371594
Concrete,60,60.619702,2.3,0.12120432264488543
Concrete,60,60.339875,2.3,0.12238244734244642
Concrete,60,60.316048,2.3,0.12248349936227428
Concrete,60,60.409828,2.3,0.12208619689146306
Concrete,60,60.616135,2.3,0.12121927689610744
Concrete,60,57.892047,2.3,0.13337334789969627
Concrete,60,59.635562,2.3,0.1254133826514616
Concrete,60,57.81979,2.3,0.1337162600838372
Concrete,60,60.03606,2.3,0.12367839262166615
Concrete,60,59.995367,2.3,0.12385338379101382
Concrete,60,61.045532,2.3,0.11944383995197008
Concrete,60,61.187634,2.3,0.11886271544974686
Concrete,60,60.202775,2.3,0.1229651942160613
Concrete,60,59.499639,2.3,0.12600860812412784
Concrete,60,60.485161,2.3,0.12176822421006789
Concrete,60,59.472082,2.3,0.126129792434024
Concrete,60,59.998607,2.3,0.12383945944559194
Concrete,60,60.986136,2.3,0.11968744007236172
Concrete,60,59.442229,2.3,0.12626107414447818
Concrete,60,60.805679,2.3,0.12043167413195695
Concrete,60,60.677401,2.3,0.1209640656859933
Concrete,60,59.045208,2.3,0.12803572539656982
Concrete,60,60.973894,2.3,0.11973793308582371
Concrete,60,60.698566,2.3,0.12087606944770318
Concrete,60,60.101926,2.3,0.1233960425713872
Concrete,60,59.237677,2.3,0.1271702563871463
Concrete,60,59.140794,2.3,0.12760480351824002
Concrete,60,59.462337,2.3,0.1261726059680635
Concrete,60,60.542594,2.3,0.12152643314326132
Concrete,60,59.044375,2.3,0.12803952046336325
Concrete,60,60.437512,2.3,0.12196917413970174
Concrete,60,58.758244,2.3,0.12934115156409637
Concrete,60,59.795931,2.3,0.12471543494324296
Concrete,60,60.109648,2.3,0.12336299250320497
Concrete,60,62.44513,2.3,0.11397344733441817
Concrete,60,58.622684,2.3,0.12996298659478825
Concrete,60,61.472015,2.3,0.11770988756017882
Concrete,60,60.149842,2.3,0.12319109567420015
Concrete,60,60.411172,2.3,0.12208054742715628
Concrete,60,60.118348,2.3,0.12332574764487442
Concrete,60,60.444727,2.3,0.12193880142498727
Concrete,60,59.846315,2.3,0.12449696700688362
Concrete,60,61.45405,2.3,0.11778229725111779
Concrete,60,59.543529,2.3,0.1258160792670838
Concrete,60,61.132235,2.3,0.11908887158712012
Concrete,60,59.355633,2.3,0.126643322828628
Concrete,60,59.939748,2.3,0.12409322966654726
Concrete,60,58.928037,2.3,0.128566998714761
Concrete,60,60.455024,2.3,0.12189529928082085
Concrete,60,61.445126,2.3,0.11781831628405137
Concrete,60,59.922644,2.3,0.12416693962858069
Concrete,60,59.803114,2.3,0.12468420979530531
Concrete,60,58.885383,2.3,0.12876091314386165
Concrete,60,59.770707,2.3,0.12482476211771507
Concrete,60,58.407206,2.3,0.1309582216143469
Concrete,60,59.087122,2.3,0.12784623902760273
Concrete,60,60.226786,2.3,0.12286289452371271
Concrete,60,61.319013,2.3,0.11832848142864164
Concrete,60,62.809211,2.3,0.11261853362483232
Concrete,60,59.413415,2.3,0.1263879523094798
Concrete,60,61.4353,2.3,0.11785802500055916
Concrete,60,60.243752,2.3,0.12279071632453713
Concrete,60,59.848752,2.3,0.12448634470846703
Concrete,60,60.432594,2.3,0.12198984702460253
Concrete,60,60.061916,2.3,0.12356748121549381
Concrete,60,60.110396,2.3,0.12335983882157185
Concrete,60,59.591667,2.3,0.12560538490527032
Concrete,60,58.60189,2.3,0.1300585657503455
Concrete,60,58.456375,2.3,0.13073030279518294
Concrete,60,60.653245,2.3,0.12106459133513464
Concrete,60,59.7233,2.3,0.12503100945711723
Concrete,60,59.403911,2.3,0.1264298129506813
Concrete,60,60.008506,2.3,0.1237969075336874
Concrete,60,60.794932,2.3,0.12047629167055533
Concrete,60,60.180364,2.3,0.12306090424501415
Concrete,60,59.343945,2.3,0.126695342059398
Concrete,60,61.226293,2.3,0.11870518317762767
Concrete,60,61.579186,2.3,0.11727868730038805
Concrete,60,60.494557,2.3,0.12172857228524907
Concrete,60,60.973664,2.3,0.11973875328739508
Concrete,60,61.24196,2.3,0.1186414266869317
Concrete,60,61.130099,2.3,0.11909749788094534
Concrete,60,60.614099,2.3,0.12122772694987392
Concrete,60,60.598347,2.3,0.12129344882493881
Concrete,60,60.519661,2.3,0.1216229529834057
Concrete,60,58.902662,2.3,0.12868235886393212
Concrete,60,60.700723,2.3,0.12086699227304534
Concrete,60,58.644186,2.3,0.12986421794972197
Concrete,60,59.205401,2.3,0.12731464143474244
Concrete,60,61.303565,2.3,0.11839116492274815
Concrete,60,60.84022,2.3,0.12028883269167961
Concrete,60,61.487398,2.3,0.1176477672116317
Concrete,60,59.728326,2.3,0.1250090414848462
Concrete,60,58.847751,2.3,0.12893236988878165
Concrete,60,59.759563,2.3,0.12487324448739077
Concrete,60,60.102031,2.3,0.12339557867047919
Concrete,60,60.078989,2.3,0.1234943679602002
Concrete,60,61.13368,2.3,0.11908292328664308
Concrete,60,59.63873,2.3,0.12539964799340825
Concrete,60,60.352034,2.3,0.12233086993349132
Concrete,60,59.011373,2.3,0.12818887183370956
Concrete,60,60.450317,2.3,0.12191518681328728
Concrete,60,60.003109,2.3,0.12382017051619769
Concrete,60,59.250187,2.3,0.12711403205851526
Concrete,60,59.764171,2.3,0.12485322081335866
Concrete,60,59.815824,2.3,0.12462908503476818
Concrete,60,59.729845,2.3,0.12500245743536162
Concrete,60,61.771341,2.3,0.11653055272819567
Concrete,60,59.901554,2.3,0.12425811635328703
Concrete,60,59.756104,2.3,0.1248882632839011
Concrete,60,57.902549,2.3,0.1333235909886884
Concrete,60,59.105793,2.3,0.12776214932817956
Concrete,60,59.736927,2.3,0.1249716878285843
Concrete,60,59.314147,2.3,0.12682827685818246
Concrete,60,61.381708,2.3,0.11807452070474977
Concrete,60,59.835062,2.3,0.12454571453836061
Concrete,60,61.288444,2.3,0.11845264079799304
Concrete,60,60.061705,2.3,0.12356840076356958
Concrete,60,60.037228,2.3,0.12367347274223826
Concrete,60,59.911204,2.3,0.12421638348897668
Concrete,60,60.003796,2.3,0.12381718364620659
Concrete,60,61.718795,2.3,0.1167328251544139
Concrete,60,57.680389,2.3,0.13438059538218067
Concrete,60,57.998454,2.3,0.13287027164902215
Concrete,60,59.456829,2.3,0.12619678180282842
Concrete,60,60.014528,2.3,0.12377099596223873
Concrete,60,60.690104,2.3,0.12091124570083202
Concrete,60,60.473087,2.3,0.12181912988023073
Concrete,60,59.615754,2.3,0.12550006619258625
Concrete,60,61.019044,2.3,0.1195523093821055
Concrete,60,61.030195,2.3,0.11950663948939894
Concrete,60,60.184058,2.3,0.12304497849376589
Concrete,60,60.962658,2.3,0.11978396245947853
Concrete,60,60.272645,2.3,0.12266777265075707
Concrete,60,59.438517,2.3,0.12627742846353374
Concrete,60,60.697817,2.3,0.12087911676502044
Concrete,60,60.110613,2.3,0.12335895213060566
Concrete,60,60.00134,2.3,0.12382776003330137
Concrete,60,61.472954,2.3,0.11770608115639211
Concrete,60,57.549128,2.3,0.13500965350511338
Concrete,60,58.582316,2.3,0.1301488432294714
Concrete,60,58.81293,2.3,0.12909116114404173
Concrete,60,59.636739,2.3,0.12540842744430725
Concrete,60,59.745392,2.3,0.12493490514248919
Concrete,60,58.492674,2.3,0.1305622992818946
Concrete,60,59.014842,2.3,0.12817311442500343
Concrete,60,59.139158,2.3,0.12761216223391122
Concrete,60,62.457424,2.3,0.11392748139974973
Concrete,60,61.801742,2.3,0.11641363325006868
Concrete,60,59.588251,2.3,0.12562029230724683
Concrete,60,59.636417,2.3,0.125409732180067
Concrete,60,58.850796,2.3,0.1289184935319345
Concrete,60,58.09187,2.3,0.13243062738834954
Concrete,60,59.88312,2.3,0.12433788037347103
Concrete,60,59.002148,2.3,0.12823068430855442
Concrete,60,59.915149,2.3,0.1241992692778934
Concrete,60,58.399794,2.3,0.1309925133088427
Concrete,60,59.238026,2.3,0.12716854760713558
Concrete,60,60.148627,2.3,0.12319631192776714
Concrete,60,60.36621,2.3,0.12227073852668663
Concrete,60,60.417472,2.3,0.12205396160733971
Concrete,60,58.679511,2.3,0.12970198648198406
Concrete,60,60.854686,2.3,0.12022913682266043
Concrete,60,59.199788,2.3,0.12733985169976314
Concrete,60,60.632858,2.3,0.12114952823767976
Concrete,60,59.989361,2.3,0.12387923881263722
Concrete,60,58.623613,2.3,0.12995870762689757
Concrete,60,59.683802,2.3,0.12520301458377484
Concrete,60,60.365364,2.3,0.12227446357176237
Concrete,60,60.612965,2.3,0.12123246161222327
Concrete,60,59.859012,2.3,0.1244419924588599
Concrete,60,61.531779,2.3,0.11746917831069036
Concrete,60,61.007511,2.3,0.11959983426173018
Concrete,60,59.743346,2.3,0.12494377624421701
Concrete,60,60.750122,2.3,0.1206619692418259
Concrete,60,61.933793,2.3,0.11590781799268603
Concrete,60,61.960485,2.3,0.11580599723957849
Concrete,60,58.772,2.3,0.1292782583147618
Concrete,60,59.073467,2.3,0.12790793835941527
Concrete,60,61.484919,2.3,0.11765784517664116
Concrete,60,58.941719,2.3,0.12850469635363768
Concrete,60,58.677459,2.3,0.1297113854198113
Concrete,60,59.513806,2.3,0.12594648470622877
Concrete,60,60.420227,2.3,0.12204229652732758
Concrete,60,59.897603,2.3,0.12427515226943973
Concrete,60,59.349436,2.3,0.12667077818622424
Concrete,60,59.325788,2.3,0.1267763398326227
Concrete,60,59.287663,2.3,0.12694657183970798
Concrete,60,59.12049,2.3,0.12769610045818264
Concrete,60,62.281633,2.3,0.11458805500766155
Concrete,60,60.297511,2.3,0.12256223385000056
Concrete,60,60.886759,2.3,0.12009670481134818
Concrete,60,59.510923,2.3,0.12595917925296732
Concrete,60,59.814043,2.3,0.12463681264542681
Concrete,60,59.286446,2.3,0.12695190480295415
Concrete,60,57.348292,2.3,0.13597877522394564
Concrete,60,58.621991,2.3,0.12996616979891465
Concrete,60,58.189381,2.3,0.13197324727994472
Concrete,60,57.750216,2.3,0.1340473538792296
Concrete,60,58.804641,2.3,0.12912905269270555
Concrete,60,61.324956,2.3,0.11830432414907159
Concrete,60,59.955564,2.3,0.12402506318454455
Concrete,60,61.290564,2.3,0.11844405714659967
Concrete,60,60.410983,2.3,0.12208125039534598
Concrete,60,60.782559,2.3,0.12052752547539904
Concrete,60,59.099103,2.3,0.1277923060388404
Concrete,60,60.523951,2.3,0.12160473533451209
Concrete,60,60.728714,2.3,0.120750783070141
Concrete,60,59.423353,2.3,0.1263441734034026
Concrete,60,60.55954,2.3,0.12145549577889515
Concrete,60,60.566188,2.3,0.12142777225934176
Concrete,60,59.450447,2.3,0.126224862345993
Concrete,60,58.877232,2.3,0.12879799909253836
Concrete,60,58.815872,2.3,0.12907775325316637
Concrete,60,60.086506,2.3,0.12346214089019594
Concrete,60,60.32701,2.3,0.12243696420984392
Concrete,60,59.207474,2.3,0.12730547160684885
Concrete,60,60.026585,2.3,0.12371928495375924
Concrete,60,60.570537,2.3,0.12140955820643906
Concrete,60,60.618191,2.3,0.12121062170249576
Concrete,60,61.55188,2.3,0.11738825143684253
Concrete,60,61.276981,2.3,0.11849922561867732
Concrete,60,58.998709,2.3,0.12824626161409056
Concrete,60,61.683586,2.3,0.11686879432856179
Concrete,60,59.469023,2.3,0.12614323392242016
Concrete,60,61.044873,2.3,0.11944639026419876
Concrete,60,60.067987,2.3,0.12354144116974418
Concrete,60,59.587851,2.3,0.12562209492561097
Concrete,60,58.192303,2.3,0.13195948358122697
Concrete,60,59.828435,2.3,0.12457444590365456
Concrete,60,58.440617,2.3,0.13080326013022414
Concrete,60,60.967299,2.3,0.11976489632314581
Concrete,60,61.516793,2.3,0.11752952747595535
Concrete,60,59.203089,2.3,0.12732517061964413
Concrete,60,60.301971,2.3,0.12254319646818355
Concrete,60,59.274608,2.3,0.1270048607331396
Concrete,60,59.371515,2.3,0.12657280523496345
Concrete,60,60.774495,2.3,0.12056089249804107
Concrete,60,59.961462,2.3,0.12399953487892336
Concrete,60,61.739648,2.3,0.1166525214359799
Concrete,60,59.517768,2.3,0.12592914244792583
Concrete,60,60.999336,2.3,0.11963326696229369
Concrete,60,60.097413,2.3,0.12341544385879927
Concrete,60,60.795778,2.3,0.1204728490297528
Concrete,60,59.552842,2.3,0.12577518813147215
Concrete,60,59.950441,2.3,0.1240469113452551
Concrete,60,59.884501,2.3,0.1243317539680371
Concrete,60,59.163943,2.3,0.12750078834908493
Concrete,60,60.662082,2.3,0.12102776531715453
Concrete,60,60.650249,2.3,0.12107708255194626
Concrete,60,60.593555,2.3,0.12131354908772947
Concrete,60,61.536966,2.3,0.11744833960961762
Concrete,60,61.449345,2.3,0.11780125530776234
Concrete,60,59.625055,2.3,0.12545936637172359
Concrete,60,60.373052,2.3,0.12224178016911465
Concrete,60,59.376399,2.3,0.12655134920694877
Concrete,60,60.023355,2.3,0.12373305117349384
Concrete,60,59.400251,2.3,0.12644595990416752
Concrete,60,61.62007,2.3,0.11711466789490338
Concrete,60,60.363698,2.3,0.1222815073599362
Concrete,60,59.781971,2.3,0.12477594621049506
Concrete,60,61.193619,2.3,0.11883827164096893
Concrete,60,57.829385,2.3,0.13367066106043274
Concrete,60,57.985897,2.3,0.13292966428921588
Concrete,60,60.795839,2.3,0.12047249745536498
Concrete,60,60.060468,2.3,0.12357375019513044
Concrete,60,60.250446,2.3,0.12276231267454796
Concrete,60,58.673604,2.3,0.12972905741555743
Concrete,60,59.976766,2.3,0.12393362510777045
Concrete,60,62.003509,2.3,0.11564202032174342
Concrete,60,60.8242,2.3,0.12035508437460674
Concrete,60,60.169707,2.3,0.12310638704592018
Concrete,60,59.560946,2.3,0.12573975327140746
Concrete,60,59.605427,2.3,0.1255451928323895
Concrete,60,57.870802,2.3,0.1334742067955128
Concrete,60,60.25764,2.3,0.12273161593667106
Concrete,60,60.845483,2.3,0.12026712365211378
Concrete,60,58.424381,2.3,0.1308785430536948
Concrete,60,59.338583,2.3,0.12671925889110108
Concrete,60,58.842535,2.3,0.12895606416213679
Concrete,60,59.034649,2.3,0.12808347827283428
Concrete,60,60.053482,2.3,0.1236036576765901
Concrete,60,57.915598,2.3,0.13326198218707905
Concrete,60,60.61427,2.3,0.12122702858264568
Concrete,60,60.753855,2.3,0.12064647122562416
Concrete,60,59.748897,2.3,0.12491962324673087
Concrete,60,57.519291,2.3,0.13515302628486034
Concrete,60,59.003581,2.3,0.12822415704355208
Concrete,60,61.232902,2.3,0.11867827565935996
Concrete,60,57.222006,2.3,0.1365922969275881
Concrete,60,59.652477,2.3,0.12533968149727817
Concrete,60,58.819999,2.3,0.12905890744686935
Concrete,60,60.80457,2.3,0.1204363255710971
Concrete,60,59.324886,2.3,0.12678026665338493
Concrete,60,60.403954,2.3,0.12211100684331014
Concrete,60,60.56546,2.3,0.12143079325890797
Concrete,60,61.836226,2.3,0.1162811680690933
Concrete,60,59.797058,2.3,0.12471051348653686
Concrete,60,60.376044,2.3,0.12222910073673537
Concrete,60,58.514945,2.3,0.13045950276770424
Concrete,60,61.190414,2.3,0.11885145892340625
Concrete,60,59.239491,2.3,0.12716193034351672
Concrete,60,59.439246,2.3,0.12627421516340065
Concrete,60,59.977752,2.3,0.12392926991345356
Concrete,60,58.437116,2.3,0.13081952800341445
Concrete,60,60.22877,2.3,0.12285461209809595
Concrete,60,60.967466,2.3,0.11976419257729484
Concrete,60,60.292934,2.3,0.12258164864789813
Concrete,60,58.411102,2.3,0.13094002817260605
Concrete,60,59.876191,2.3,0.1243676271666039
Concrete,60,60.742029,2.3,0.1206955821383016
Concrete,60,58.122011,2.3,0.1322891328262251
Concrete,60,58.925234,2.3,0.12857967668297626
Concrete,60,60.876544,2.3,0.12013891533586249
Concrete,60,60.270095,2.3,0.1226785900238559
Concrete,60,60.411972,2.3,0.12207714482445013
Concrete,60,61.859495,2.3,0.11619198748974024
Concrete,60,60.468553,2.3,0.12183814463496812
Concrete,60,60.657888,2.3,0.12104530691820317
Concrete,60,62.710746,2.3,0.11298322515768495
Concrete,60,59.786195,2.3,0.12475751963866928
Concrete,60,59.202117,2.3,0.127329485753979
Concrete,60,60.427796,2.3,0.12201022323101222
Concrete,60,60.438991,2.3,0.12196295720082553
Concrete,60,59.473285,2.3,0.12612447519929737
Concrete,60,58.967603,2.3,0.1283872566963783
Concrete,60,62.309844,2.3,0.11448177562207866
Concrete,60,60.326843,2.3,0.12243764496868717
Concrete,60,59.267715,2.3,0.12703569431907563
Concrete,60,60.91593,2.3,0.11997638176833483
Concrete,60,59.890855,2.3,0.12430435597007364
Concrete,60,59.747119,2.3,0.12492735223043759
Concrete,60,60.562273,2.3,0.12144411696655551
Concrete,60,58.708118,2.3,0.12957080180424344
Concrete,60,60.352627,2.3,0.12232842220875045
Concrete,60,61.912955,2.3,0.11598753449080003
Concrete,60,60.466178,2.3,0.12184821085438569
Concrete,60,59.623788,2.3,0.12546489268519248
Concrete,60,59.492895,2.3,0.1260381670065907
Concrete,60,59.58966,2.3,0.12561406829752972
Concrete,60,59.746037,2.3,0.12493214076624302
Concrete,60,59.622193,2.3,0.1254719433049635
Concrete,60,60.916311,2.3,0.11997482685706568
Concrete,60,58.266791,2.3,0.13161144413180895
Concrete,60,60.862,2.3,0.12019894128726145
Concrete,60,59.620313,2.3,0.12548014563840693
Concrete,60,60.376948,2.3,0.12222533234790982
Concrete,60,58.873012,2.3,0.1288172908413881
Concrete,60,61.328631,2.3,0.1182894998846884
Concrete,60,61.245635,2.3,0.11862647068697088
Concrete,60,60.959591,2.3,0.11979666070461564
Concrete,60,58.485245,2.3,0.13059676706922904
Concrete,60,60.829121,2.3,0.12033475023682744
Concrete,60,60.404855,2.3,0.12210715967460362
Concrete,60,58.394729,2.3,0.13101600897418647
Concrete,60,59.975703,2.3,0.123938131892202
Concrete,60,60.364534,2.3,0.12227794737068279
Concrete,60,60.556075,2.3,0.12146994098602878
Concrete,60,60.177261,2.3,0.12307401433499378
Concrete,60,60.291231,2.3,0.12258882100091063
Concrete,60,61.473611,2.3,0.11770341029697175
Concrete,60,61.226034,2.3,0.11870630108520396
Concrete,60,57.132945,2.3,0.13702701334644538
Concrete,60,59.682561,2.3,0.12520833079342095
Concrete,60,59.835349,2.3,0.12454436705770393
Concrete,60,58.247901,2.3,0.13169963779964872
Concrete,60,60.094183,2.3,0.12342918363476715
Concrete,60,61.248758,2.3,0.11861380038467068
Concrete,60,58.913432,2.3,0.12863334935733672
Concrete,60,60.336401,2.3,0.12239708618520498
Concrete,60,59.084177,2.3,0.12785962876935292
Concrete,60,59.328088,2.3,0.12676614583522536
Concrete,60,61.477394,2.3,0.11768810935302675
Concrete,60,59.457442,2.3,0.12619420616689017
Concrete,60,60.462212,2.3,0.12186496098162006
Concrete,60,58.128782,2.3,0.13225714458247348
Concrete,60,61.862318,2.3,0.11618115762738318
Concrete,60,60.602652,2.3,0.12127543724948663
Concrete,60,59.8175,2.3,0.12462176251540366
Concrete,60,60.575547,2.3,0.12138871707103746
Concrete,60,58.590181,2.3,0.1301124228973444
Concrete,60,61.182531,2.3,0.11888356607780705
Concrete,60,59.676015,2.3,0.12523690088559614
Concrete,60,59.79593,2.3,0.12471543494324296
Concrete,60,59.508344,2.3,0.12597039964499918
Concrete,60,59.419349,2.3,0.1263618808206349
Concrete,60,60.694671,2.3,0.12089224315516775
Concrete,60,60.255907,2.3,0.12273895988490557
Concrete,60,60.651748,2.3,0.12107089530947301
Concrete,60,59.991205,2.3,0.12387129379877782
Concrete,60,60.5132,2.3,0.12165007107483301
Concrete,60,59.581151,2.3,0.12565126008853356
Concrete,60,62.229732,2.3,0.11478390527122725
Concrete,60,58.43207,2.3,0.13084276258576083
Concrete,60,61.260937,2.3,0.11856438403482158
Concrete,60,61.367907,2.3,0.11813042457751634
Concrete,60,59.147841,2.3,0.12757311520612305
Concrete,60,62.229274,2.3,0.11478557477898357
Concrete,60,60.99549,2.3,0.11964915488323075
Concrete,60,60.971139,2.3,0.11974912724770713
Concrete,60,60.028022,2.3,0.12371301019044866
Concrete,60,59.782774,2.3,0.12477243344051642
Concrete,60,59.790591,2.3,0.12473847007754343
Concrete,60,60.390531,2.3,0.122167726628642
Concrete,60,61.401186,2.3,0.11799567797140045
Concrete,60,60.181314,2.3,0.1230567211914474
Concrete,60,59.088556,2.3,0.12783988036122673
Concrete,60,60.824427,2.3,0.12035425440020261
Concrete,60,60.921151,2.3,0.11995495618804698
Concrete,60,60.65466,2.3,0.12105872888527602
Concrete,60,60.745499,2.3,0.12068106100580121
Concrete,60,59.729072,2.3,0.12500579651302773
Concrete,60,59.071011,2.3,0.1279190946926073
Concrete,60,59.131807,2.3,0.12764521857130887
Concrete,60,58.364537,2.3,0.13115632862620769
Concrete,60,60.236949,2.3,0.12281957996789412
Concrete,60,59.916551,2.3,0.12419329177913366
Concrete,60,59.560012,2.3,0.1257438505808326
Concrete,60,57.044381,2.3,0.13746072102990634
Concrete,60,58.752683,2.3,0.12936663994626915
Concrete,60,61.120841,2.3,0.11913543455246857
Concrete,60,59.335374,2.3,0.12673355528862126
Concrete,60,60.360592,2.3,0.122294622951067
Concrete,60,58.609315,2.3,0.13002438257458598
Concrete,60,61.438705,2.3,0.11784419882538313
Concrete,60,59.855972,2.3,0.1244550764816847
Concrete,60,60.29004,2.3,0.1225938551084292
Concrete,60,62.32578,2.3,0.11442180684724525
Concrete,60,61.51644,2.3,0.11753089559509161
Concrete,60,59.693434,2.3,0.12516104533570696
Concrete,60,59.40678,2.3,0.1264171169500399
Concrete,60,59.674455,2.3,0.1252437904372879
Concrete,60,60.509898,2.3,0.12166395008916184
Concrete,60,59.894776,2.3,0.12428737798655916
Concrete,60,59.604756,2.3,0.12554807066000193
Concrete,60,61.467181,2.3,0.11772936041984522
Concrete,60,59.88579,2.3,0.1243261941571449
Concrete,60,62.299589,2.3,0.11452025017841945
Concrete,60,60.090743,2.3,0.12344394759291359
Concrete,60,61.785318,2.3,0.1164767541256314
Concrete,60,60.357319,2.3,0.12230842815077031
Concrete,60,60.962961,2.3,0.11978275799813408
Concrete,60,59.275389,2.3,0.12700147908595957
Concrete,60,59.146241,2.3,0.1275802276832592
Concrete,60,60.459706,2.3,0.12187552219986253
Concrete,60,60.988553,2.3,0.11967742391339854
Concrete,60,60.040257,2.3,0.12366035367765227
Concrete,60,58.713607,2.3,0.12954572501420358
Concrete,60,58.639742,2.3,0.1298845583121171
Concrete,60,58.572864,2.3,0.13019228922568726
Concrete,60,58.232378,2.3,0.13177218120066575
Concrete,60,60.109485,2.3,0.12336365252291115
Concrete,60,61.125044,2.3,0.11911811257886498
Concrete,60,59.986584,2.3,0.12389127234332827
Concrete,60,57.739585,2.3,0.1340978972394158
Concrete,60,59.80924,2.3,0.1246575674617132
Concrete,60,59.837201,2.3,0.12453633286711763
Concrete,60,62.095999,2.3,0.11529027190440994
Concrete,60,58.542862,2.3,0.13033064991234056
Concrete,60,59.609322,2.3,0.12552813886585862
Concrete,60,61.705853,2.3,0.11678282681570462
Concrete,60,60.449978,2.3,0.12191658963431799
Concrete,60,60.563313,2.3,0.12143972118476504
Concrete,60,60.114584,2.3,0.12334190047145632
Concrete,60,60.329944,2.3,0.12242445732288598
Concrete,60,60.77761,2.3,0.1205479284303436
Concrete,60,59.190514,2.3,0.1273815616516191
Concrete,60,60.878059,2.3,0.12013256878249975
Concrete,60,58.626997,2.3,0.1299430578874055
Concrete,60,60.328368,2.3,0.12243119993966978
Concrete,60,60.178741,2.3,0.12306772241450269
Concrete,60,59.383707,2.3,0.1265189564520669
Concrete,60,59.977315,2.3,0.12393118445957942
Concrete,60,59.37746,2.3,0.12654655423920713
Concrete,60,58.928299,2.3,0.12856583387282375
Concrete,60,59.646385,2.3,0.12536622222098087
Concrete,60,58.896011,2.3,0.12871255096654732
Concrete,60,60.322797,2.3,0.12245480452378563
Concrete,60,58.849915,2.3,0.12892227198550704
Concrete,60,60.711977,2.3,0.12082034425845543
Concrete,60,58.818521,2.3,0.12906561765838523
Concrete,60,59.433705,2.3,0.12629855038994772
Concrete,60,59.375397,2.3,0.12655568928420424
Concrete,60,61.325147,2.3,0.11830347764811068
Concrete,60,60.33029,2.3,0.1224231128025301
Concrete,60,59.788266,2.3,0.12474862788066722
Concrete,60,60.498719,2.3,0.12171107784902016
Concrete,60,57.892808,2.3,0.13336978559712517
Concrete,60,59.956866,2.3,0.1240193762449612
Concrete,60,61.997514,2.3,0.11566482968390741
Concrete,60,60.132347,2.3,0.12326588112026446
Concrete,60,60.067913,2.3,0.12354184407159818
Concrete,60,60.548128,2.3,0.12150326354773658
Concrete,60,60.895605,2.3,0.12006013275324659
Concrete,60,58.002533,2.3,0.13285115884946533
Concrete,60,58.317674,2.3,0.13137432732567192
Concrete,60,60.210291,2.3,0.12293326182573966
Concrete,60,59.285123,2.3,0.12695795495331866
Concrete,60,61.312025,2.3,0.11835681549694115
Concrete,60,59.684826,2.3,0.12519859917805323
Concrete,60,58.065469,2.3,0.13255461939664348
Concrete,60,58.731986,2.3,0.12946144628036615
Concrete,60,57.250324,2.3,0.13645446023042807
Concrete,60,59.765874,2.3,0.12484586573162446
Concrete,60,59.811616,2.3,0.12464722941567918
Concrete,60,59.575537,2.3,0.12567589571287
Concrete,60,61.078879,2.3,0.11930702794639615
Concrete,60,61.19852,2.3,0.11881827231626246
Concrete,60,59.829612,2.3,0.1245694086511673
Concrete,60,57.865306,2.3,0.13350009031379953
Concrete,60,60.617282,2.3,0.12121450238360773
Concrete,60,60.55536,2.3,0.12147301343106283
Concrete,60,60.309392,2.3,0.12251169682944069
Concrete,60,60.98148,2.3,0.11970658221918261
Concrete,60,58.835172,2.3,0.12898975672381083
Concrete,60,62.008755,2.3,0.11562202699960687
Concrete,60,59.040572,2.3,0.12805666218505146
Concrete,60,60.749223,2.3,0.12066574229499717
Concrete,60,58.312652,2.3,0.13139772961151086
Concrete,60,59.069735,2.3,0.1279248131000197
Concrete,60,61.516369,2.3,0.11753112697734165
Concrete,60,59.7391,2.3,0.12496225172612989
Concrete,60,60.839923,2.3,0.12029013084020376
Concrete,60,60.236955,2.3,0.12281960451226541
Concrete,60,59.895042,2.3,0.1242862300772448
Concrete,60,61.36385,2.3,0.11814677265207413
Concrete,60,59.763341,2.3,0.12485681262299857
Concrete,60,58.219262,2.3,0.1318334478384076
Concrete,60,59.19676,2.3,0.1273534780460595
Concrete,60,60.551192,2.3,0.12149041149046681
Concrete,60,60.395509,2.3,0.12214671268445301
Concrete,60,58.432942,2.3,0.1308388341152202
Concrete,60,59.275657,2.3,0.127000264122861
Concrete,60,59.418279,2.3,0.12636649664073266
Concrete,60,59.63453,2.3,0.12541803612043176
Concrete,60,58.624086,2.3,0.1299564839872481
Concrete,60,59.371629,2.3,0.12657228234683873
Concrete,60,59.27139,2.3,0.12701931595938354
Concrete,60,60.771533,2.3,0.12057310675449433
Concrete,60,60.809121,2.3,0.12041749865076498
Concrete,60,59.85419,2.3,0.12446290084976207
Concrete,60,59.60796,2.3,0.12553409822274433
Concrete,60,60.139924,2.3,0.1232336187944063
Concrete,60,59.183425,2.3,0.12741329800248885
Concrete,60,58.853168,2.3,0.12890759196201979
Concrete,60,59.059779,2.3,0.12796990873406314
Concrete,60,59.365187,2.3,0.1266006243961505
Concrete,60,58.836526,2.3,0.12898349388395994
Concrete,60,60.16206,2.3,0.12313887962977699
Concrete,60,60.729716,2.3,0.12074661612001164
Concrete,60,58.412902,2.3,0.13093162858907492
Concrete,60,60.025129,2.3,0.12372547043928062
Concrete,60,59.780064,2.3,0.12478428548759528
Concrete,60,60.341509,2.3,0.12237549116632368
Concrete,60,59.987061,2.3,0.1238891681639934
Concrete,60,58.546401,2.3,0.13031429746008405
Concrete,60,58.737611,2.3,0.12943563868382402
Concrete,60,60.029424,2.3,0.12370698482380788
Concrete,60,61.028781,2.3,0.11951238165171715
Concrete,60,57.785813,2.3,0.13387784899724864
Concrete,60,60.345727,2.3,0.1223576733750978
Concrete,60,61.189622,2.3,0.11885469497535738
Concrete,60,59.846974,2.3,0.12449415954862757
Concrete,60,60.550202,2.3,0.12149453616379666
Concrete,60,59.296931,2.3,0.12690515644060701
Concrete,60,59.880634,2.3,0.12434851839130226
Concrete,60,58.379086,2.3,0.13108870145307805
Concrete,60,57.655657,2.3,0.13449886721342696
Concrete,60,60.942766,2.3,0.119865821121741
Concrete,60,59.015005,2.3,0.12817245315967934
Concrete,60,59.544472,2.3,0.12581199873275772
Concrete,60,58.613558,2.3,0.130004955022379
Concrete,60,58.59003,2.3,0.13011326122916106
Concrete,60,59.826162,2.3,0.12458422455963256
Concrete,60,59.270423,2.3,0.1270235902788449
Concrete,60,60.377971,2.3,0.12222090394188555
Concrete,60,60.452538,2.3,0.12190568309900893
Concrete,60,60.32085,2.3,0.12246304721870052
Concrete,60,60.238601,2.3,0.12281269479376043
Concrete,60,61.577768,2.3,0.11728435129381312
Concrete,60,58.932406,2.3,0.12854711517904477
Concrete,60,59.945065,2.3,0.12407032172938594
Concrete,60,61.13269,2.3,0.11908697187793235
Concrete,60,61.26454,2.3,0.11854967981698052
Concrete,60,58.578236,2.3,0.13016759545098347
Concrete,60,59.687645,2.3,0.12518631578243491
Concrete,60,61.358121,2.3,0.118170004319359
Concrete,60,60.508079,2.3,0.12167159188589001
Concrete,60,60.195263,2.3,0.12299733605273985
Concrete,60,59.782315,2.3,0.12477444213336526
Concrete,60,59.616199,2.3,0.12549808302032403
Concrete,60,60.288219,2.3,0.12260164831798262
Concrete,60,59.747626,2.3,0.1249251549086373
Concrete,60,59.957421,2.3,0.12401694593608009
Concrete,60,60.078599,2.3,0.12349604663901718
Concrete,60,59.321928,2.3,0.12679355718138363
Concrete,60,60.532129,2.3,0.12157039607007442
Concrete,60,62.914245,2.3,0.11223192236426109
Concrete,60,58.223013,2.3,0.13181597144295684
Concrete,60,60.324013,2.3,0.12244971074259323
Concrete,60,59.23981,2.3,0.12716055711304497
Concrete,60,60.577403,2.3,0.12138088499720877
Concrete,60,60.046557,2.3,0.12363330269118739
Concrete,60,60.761855,2.3,0.12061320106622422
Concrete,60,61.175507,2.3,0.11891224792852764
Concrete,60,60.192421,2.3,0.12300948542966918
Concrete,60,61.132052,2.3,0.11908960139770697
Concrete,60,57.655702,2.3,0.1344987122117901
Concrete,60,61.590452,2.3,0.1172335404460917
Concrete,60,60.375062,2.3,0.12223315835667534
Concrete,60,61.077843,2.3,0.11931123989669835
Concrete,60,58.780124,2.3,0.12924117304507024
Concrete,60,59.16923,2.3,0.12747697500465768
Concrete,60,60.145938,2.3,0.12320790914242834
Concrete,60,59.982962,2.3,0.12390679995472262
Concrete,60,60.283069,2.3,0.12262349069441576
Concrete,60,61.084515,2.3,0.11928397827895973
Concrete,60,58.23478,2.3,0.13176087708774373
Concrete,60,60.973819,2.3,0.11973813985074784
Concrete,60,60.008282,2.3,0.12379794568479811
Concrete,60,59.796218,2.3,0.12471402167118345
Concrete,60,58.528885,2.3,0.13039505574483765
Concrete,60,60.503049,2.3,0.12169281505254154
Concrete,60,57.585892,2.3,0.1348331067318656
Concrete,60,60.648394,2.3,0.12108484676136863
Concrete,60,58.507894,2.3,0.1304921200351846
Concrete,60,60.053458,2.3,0.12360370352965903
Concrete,60,59.880831,2.3,0.1243476889514297
Concrete,60,61.169538,2.3,0.11893656190831256
Concrete,60,59.821345,2.3,0.12460512048414286
Concrete,60,59.305861,2.3,0.1268652710134724
Concrete,60,59.493397,2.3,0.1260360359055511
Concrete,60,61.272883,2.3,0.11851582053052513
Concrete,60,60.536297,2.3,0.12155285351611136
Concrete,60,59.61437,2.3,0.1255061059435712
Concrete,60,59.763554,2.3,0.12485582366745902
Concrete,60,58.432823,2.3,0.13083927840721357
Concrete,60,60.388474,2.3,0.12217648366722494
Concrete,60,58.240184,2.3,0.13173554395319376
Concrete,60,60.751796,2.3,0.12065500771082063
Concrete,60,60.128622,2.3,0.12328194850538263
Concrete,60,62.386952,2.3,0.1141917355328491
Concrete,60,58.899864,2.3,0.12869510761922362
Concrete,60,59.897338,2.3,0.1242763133340555
Concrete,60,61.798288,2.3,0.11642688649500749
Concrete,60,61.19139,2.3,0.11884756419360022
Concrete,60,59.303788,2.3,0.12687475448377267
Concrete,60,60.223967,2.3,0.12287495619130342
Concrete,60,60.001999,2.3,0.12382487909403804
Concrete,60,60.281956,2.3,0.12262817697588224
Concrete,60,59.30132,2.3,0.1268856143068035
Concrete,60,59.91068,2.3,0.1242186365874957
Concrete,60,58.401948,2.3,0.130982641106511
Concrete,60,60.135123,2.3,0.12325399349713005
Concrete,60,60.450021,2.3,0.1219164164545222
Concrete,60,59.772581,2.3,0.12481674556240985
Concrete,60,58.384949,2.3,0.13106151519438838
Concrete,60,60.988532,2.3,0.11967759797762567
Concrete,60,60.364525,2.3,0.12227796797879054
Concrete,60,59.273985,2.3,0.12700770456497154
Concrete,60,59.7194,2.3,0.12504793424938768
Concrete,60,58.499331,2.3,0.13053154980049558
Concrete,60,58.97459,2.3,0.12835558052515814
Concrete,60,59.462189,2.3,0.1261731926423843
Concrete,60,61.228421,2.3,0.11869653385357948
Concrete,60,59.360497,2.3,0.12662156290950607
Concrete,60,60.640214,2.3,0.1211188177460238
Concrete,60,59.461684,2.3,0.126175516749871
Concrete,60,60.247948,2.3,0.12277279463088489
Concrete,60,59.858604,2.3,0.12444377992701995
Concrete,60,60.873057,2.3,0.12015324496546156
Concrete,60,59.465189,2.3,0.12616000665129037
Concrete,60,58.427472,2.3,0.1308641863920031
Concrete,60,58.618051,2.3,0.1299842643163063
Concrete,60,59.468123,2.3,0.12614724544258624
Concrete,60,58.75094,2.3,0.12937457011678982
Concrete,60,60.410212,2.3,0.12208449754162948
Concrete,60,59.534232,2.3,0.1258570398947952
Concrete,60,62.374607,2.3,0.11423810575252162
Concrete,60,58.262285,2.3,0.13163243282048304
Concrete,60,60.203633,2.3,0.12296154930925003
Concrete,60,58.872047,2.3,0.1288215967199301
Concrete,60,59.506599,2.3,0.1259782106464179
Concrete,60,60.141419,2.3,0.12322711707788044
Concrete,60,57.674629,2.3,0.13440821457370639
Concrete,60,60.236826,2.3,0.12282030518327863
Concrete,60,61.902907,2.3,0.11602587882582419
Concrete,60,59.546562,2.3,0.12580292501392754
Concrete,60,60.259808,2.3,0.12272236659580633
Concrete,60,61.024922,2.3,0.11952818269314054
Concrete,60,59.836046,2.3,0.12454144924949945
Concrete,60,59.41904,2.3,0.12636316274424098
Concrete,60,57.724264,2.3,0.1341709788938498
Concrete,60,60.640991,2.3,0.12111572748862627
Concrete,60,59.886832,2.3,0.12432172558918218
Concrete,60,58.987316,2.3,0.1282979276116099
Concrete,60,60.126597,2.3,0.12329059127265153
Concrete,60,59.41632,2.3,0.1263751727686798
Concrete,60,59.471574,2.3,0.12613199512097298
Concrete,60,60.606291,2.3,0.12126035034416066
Concrete,60,58.661618,2.3,0.1297841767771066
Concrete,60,61.047315,2.3,0.11943642819433871
Concrete,60,58.602314,2.3,0.1300565485526574
Concrete,60,59.337299,2.3,0.12672493505110363
Concrete,60,61.922946,2.3,0.11594936674601636
Concrete,60,61.127355,2.3,0.1191087221577715
Concrete,60,60.097604,2.3,0.12341449395076978
Concrete,60,59.05947,2.3,0.12797122353835944
Concrete,60,59.470728,2.3,0.12613591212775746
Concrete,60,60.073275,2.3,0.12351878739730832
Concrete,60,60.037523,2.3,0.12367213793470472
Concrete,60,59.909129,2.3,0.12422536431343516
Concrete,60,59.969167,2.3,0.12396632299437736
Concrete,60,59.785625,2.3,0.12476014472826148
Concrete,60,58.558021,2.3,0.13026066692368365
Concrete,60,59.483489,2.3,0.12607957970420336
Concrete,60,60.914624,2.3,0.11998181738488153
Concrete,60,58.631666,2.3,0.12992168039172206
Concrete,60,59.810444,2.3,0.12465240213299057
Concrete,60,59.180246,2.3,0.1274277344368245
Concrete,60,60.11135,2.3,0.12335577006306522
Concrete,60,59.611367,2.3,0.125519141672976
Concrete,60,61.477394,2.3,0.11768810935302675
Concrete,60,60.506583,2.3,0.12167786859689989
Concrete,60,58.688197,2.3,0.12966214073781365
Concrete,60,60.671228,2.3,0.12098976185164093
Concrete,60,59.225348,2.3,0.12722529464756582
Concrete,60,59.423004,2.3,0.12634577152041135
Concrete,60,60.313819,2.3,0.12249294295374068
Concrete,60,59.508253,2.3,0.125970795385386
Concrete,60,60.892856,2.3,0.12007144962324726
Concrete,60,59.22549,2.3,0.1272247017034376
Concrete,60,59.381053,2.3,0.12653068563608605
Concrete,60,59.343629,2.3,0.12669680314137843
Concrete,60,59.434361,2.3,0.12629572013167012
Concrete,60,61.099192,2.3,0.11922392467276577
Concrete,60,60.628796,2.3,0.12116639069603738
Concrete,60,61.709944,2.3,0.11676700836094346
Concrete,60,62.267644,2.3,0.11464073325670751
Concrete,60,58.969283,2.3,0.12837961987416896
Concrete,60,60.070419,2.3,0.12353102220377822
Concrete,60,58.8238,2.3,0.12904166662625982
Concrete,60,59.222394,2.3,0.1272385185526585
Concrete,60,59.369917,2.3,0.12657985434841604
Concrete,60,58.942845,2.3,0.12849962905000642
Concrete,60,58.948113,2.3,0.1284756806259174
Concrete,60,59.855716,2.3,0.12445621761766322
Concrete,60,58.783282,2.3,0.1292266082154026
Concrete,60,60.842127,2.3,0.12028099750467088
Concrete,60,59.082246,2.3,0.12786832948492147
Concrete,60,62.809569,2.3,0.11261727181030189
Concrete,60,59.548616,2.3,0.1257938411951508
Concrete,60,60.072018,2.3,0.1235242329439483
Concrete,60,58.704659,2.3,0.12958667215518885
Concrete,60,61.706092,2.3,0.11678199771426157
Concrete,60,61.119501,2.3,0.11914089865398803
Concrete,60,60.296916,2.3,0.12256474280198397
Concrete,60,58.653197,2.3,0.1298226217268704
Concrete,60,60.210667,2.3,0.12293156719794418
Concrete,60,58.878569,2.3,0.12879203795861524
Concrete,60,61.462355,2.3,0.117748713573119
Concrete,60,60.809195,2.3,0.12041715378083581
Concrete,60,60.095439,2.3,0.12342386527373568
Concrete,60,57.563624,2.3,0.13493987804875815
Concrete,60,59.016584,2.3,0.12816528899470317
Concrete,60,60.687761,2.3,0.12092097765059483
Concrete,60,61.212884,2.3,0.11875985162816013
Concrete,60,61.10917,2.3,0.1191829616007189
Concrete,60,58.407987,2.3,0.13095449971317513
Concrete,60,60.301552,2.3,0.12254503052138468
Concrete,60,61.015515,2.3,0.11956673012791298
Concrete,60,58.341664,2.3,0.1312626127890318
Concrete,60,59.992095,2.3,0.12386749021632656
Concrete,60,60.273842,2.3,0.12266265258724918
Concrete,60,59.699235,2.3,0.12513578459689517
Concrete,60,58.147838,2.3,0.13216774084886063
Concrete,60,59.674302,2.3,0.12524447171530623
Concrete,60,59.672695,2.3,0.12525150170176816
Concrete,60,59.851928,2.3,0.12447269662241407
Concrete,60,59.436529,2.3,0.12628606472378087
Concrete,60,59.556988,2.3,0.1257571728553667
Concrete,60,59.960294,2.3,0.12400464371761044
Concrete,60,60.442455,2.3,0.12194834573260963
Concrete,60,59.695573,2.3,0.1251516816680635
Concrete,60,59.590351,2.3,0.1256109802578992
Concrete,60,60.092354,2.3,0.12343699867834586
Concrete,60,58.079084,2.3,0.13249064104545616
Concrete,60,60.477035,2.3,0.12180237886594568
Concrete,60,59.999437,2.3,0.123836042313278
Concrete,60,60.039694,2.3,0.12366278863685388
Concrete,60,60.960734,2.3,0.11979194992092958
Concrete,60,58.047184,2.3,0.132640792238351
Concrete,60,58.026166,2.3,0.13273975364640603
Concrete,60,60.273804,2.3,0.12266283256109642
Concrete,60,59.992883,2.3,0.12386421653912146
Concrete,60,60.170177,2.3,0.12310431531675864
Concrete,60,59.537873,2.3,0.12584083264844387
Concrete,60,60.664354,2.3,0.12101833459774337
Concrete,60,60.932639,2.3,0.11990757594390257
Concrete,60,60.483982,2.3,0.12177317507050042
Concrete,60,59.739172,2.3,0.12496184198236933
Concrete,60,57.892311,2.3,0.13337215655023427
Concrete,60,60.769236,2.3,0.12058258914765498
Concrete,60,61.221729,2.3,0.11872378183978383
Concrete,60,60.644558,2.3,0.12110073128316484
Concrete,60,59.120358,2.3,0.12769678255060649
Concrete,60,60.673794,2.3,0.12097905936416167
Concrete,60,60.86053,2.3,0.12020499207666527
Concrete,60,61.558816,2.3,0.11736048054804345
Concrete,60,59.12389,2.3,0.12768086345944119
Concrete,60,59.773545,2.3,0.12481255106723381
Concrete,60,60.747272,2.3,0.1206738493411096
Concrete,60,60.05741,2.3,0.12358688387441852
Concrete,60,58.882672,2.3,0.1287732787527019
Concrete,60,60.414616,2.3,0.1220659647181162
Concrete,60,60.578662,2.3,0.12137557382552598
Concrete,60,60.087963,2.3,0.1234558775718962
Concrete,60,60.219585,2.3,0.12289364163525113
Concrete,60,59.741294,2.3,0.12495257391836675
Concrete,60,61.478279,2.3,0.11768455026128515
Concrete,60,59.099308,2.3,0.12779134191159006
Concrete,60,59.412679,2.3,0.12639113201605137
Concrete,60,60.010986,2.3,0.12378629529140327
Concrete,60,60.878954,2.3,0.12012891974210321
Concrete,60,58.502627,2.3,0.13051643394834547
Concrete,60,58.689703,2.3,0.12965531998516414
Concrete,60,57.962271,2.3,0.1330411907743192
Concrete,60,60.032695,2.3,0.12369286055155394
Concrete,60,58.881694,2.3,0.12877772846644306
Concrete,60,59.61545,2.3,0.12550137148419732
Concrete,60,60.661378,2.3,0.12103059745078178
Concrete,60,59.358457,2.3,0.1266306493794389
Concrete,60,60.231282,2.3,0.12284383091310128
Concrete,60,59.700662,2.3,0.1251295314869579
Concrete,60,60.672114,2.3,0.12098604072512126
Concrete,60,60.475128,2.3,0.12181049480949582
Concrete,60,59.308066,2.3,0.12685542425476115
Concrete,60,59.831348,2.3,0.12456192905127073
Concrete,60,61.043743,2.3,0.11945103170164896
Concrete,60,60.393377,2.3,0.12215568652203324
Concrete,60,58.603038,2.3,0.13005330110883584
Concrete,60,60.655618,2.3,0.1210547263506936
Concrete,60,58.915389,2.3,0.1286243402873342
Concrete,60,61.412513,2.3,0.1179500124967268
Concrete,60,61.024099,2.3,0.11953159382782398
Concrete,60,60.289885,2.3,0.12259452434537561
Concrete,60,60.157233,2.3,0.12315960997311665
Concrete,60,59.790968,2.3,0.12473699010385085
Concrete,60,60.678524,2.3,0.12095931554879022
Concrete,60,59.629222,2.3,0.1254412125970287
Concrete,60,60.23557,2.3,0.12282555437344868
Concrete,60,60.871934,2.3,0.1201578418906455
Concrete,60,59.438193,2.3,0.12627878842265902
Concrete,60,59.383807,2.3,0.12651844261386047
Concrete,60,58.805635,2.3,0.12912451228072197
Concrete,60,58.935527,2.3,0.12853290893698507
Concrete,60,58.171605,2.3,0.13205643439252765
Concrete,60,60.729829,2.3,0.12074609427115188
Concrete,60,61.808915,2.3,0.11638602297217415
Concrete,60,61.425329,2.3,0.11789823224877706
Concrete,60,58.373916,2.3,0.13111283735044124
Concrete,60,60.724855,2.3,0.12076682013064974
Concrete,60,61.422106,2.3,0.11791117332624901
Concrete,60,59.54319,2.3,0.1258177208850552
Concrete,60,60.101447,2.3,0.12339806316132025
Concrete,60,57.992107,2.3,0.13290020661720414
Concrete,60,60.266736,2.3,0.12269295357539794
Concrete,60,58.93644,2.3,0.1285287416504681
Concrete,60,60.199635,2.3,0.12297864333548639
Concrete,60,58.438797,2.3,0.13081169434805284
Concrete,60,60.542858,2.3,0.12152526131899785
Concrete,60,61.024513,2.3,0.11952994949500922
Concrete,60,59.21682,2.3,0.1272635400304743
Concrete,60,58.863077,2.3,0.12886251971950094
Concrete,60,57.843977,2.3,0.13360133874093405
Concrete,60,59.733586,2.3,0.12498625358115183
Concrete,60,59.418406,2.3,0.12636589026383155
Concrete,60,58.448981,2.3,0.13076447873785593
Concrete,60,60.453019,2.3,0.1219037415498417
Concrete,60,59.55003,2.3,0.12578762504378915
Concrete,60,58.924264,2.3,0.1285841478797108
Concrete,60,59.445428,2.3,0.12624698573563276
Concrete,60,61.071305,2.3,0.11933815604503392
Concrete,60,60.602937,2.3,0.12127425743638937
Concrete,60,59.869974,2.3,0.12439453943843934
Concrete,60,60.619105,2.3,0.12120686711716792
Concrete,60,58.839088,2.3,0.12897179128077907
Concrete,60,60.03237,2.3,0.12369435908919423
Concrete,60,60.147322,2.3,0.12320188540269637
Concrete,60,59.530163,2.3,0.1258746791543799
Concrete,60,60.435458,2.3,0.12197784516942238
Concrete,60,59.219567,2.3,0.12725124209402935
Concrete,60,60.509821,2.3,0.1216643483810355
Concrete,60,60.551859,2.3,0.12148759670826323
Concrete,60,57.08284,2.3,0.13727220682293534
Concrete,60,61.190306,2.3,0.11885192249905921
Concrete,60,56.952367,2.3,0.1379131094588071
Concrete,60,59.383951,2.3,0.12651789627484114
Concrete,60,61.025348,2.3,0.11952650248581016
Concrete,60,59.682713,2.3,0.12520781939325173
Concrete,60,58.533814,2.3,0.13037235220547402
Concrete,60,58.906263,2.3,0.1286659026592621
Concrete,60,61.026906,2.3,0.11952003083089084
Concrete,60,58.078495,2.3,0.1324933789912982
Concrete,60,61.128991,2.3,0.11910203853743684
Concrete,60,59.944898,2.3,0.124070893559881
Concrete,60,58.807605,2.3,0.12911564740959441
Concrete,60,59.416885,2.3,0.12637259553402563
Concrete,60,58.982776,2.3,0.1283184538461963
Concrete,60,60.866225,2.3,0.12018150482321255
Concrete,60,60.732428,2.3,0.12073528632530625
Concrete,60,58.280839,2.3,0.13154591843139285
Concrete,60,59.596408,2.3,0.12558452038432638
Concrete,60,59.136814,2.3,0.12762251837387817
Concrete,60,61.29351,2.3,0.11843202887135687
Concrete,60,58.649901,2.3,0.12983795280516974
Concrete,60,61.604229,2.3,0.11717824567990069
Concrete,60,59.966705,2.3,0.1239769115314246
Concrete,60,58.838066,2.3,0.12897656502745242
Concrete,60,59.322726,2.3,0.12679003329214614
Concrete,60,59.198381,2.3,0.1273462834157787
Concrete,60,58.725382,2.3,0.129491727011252
Concrete,60,60.094827,2.3,0.1234264008189526
Concrete,60,58.772084,2.3,0.12927801482992507
Concrete,60,57.819634,2.3,0.13371698793812323
Concrete,60,59.620324,2.3,0.12548012060782085
Concrete,60,58.197144,2.3,0.131936719633106
Concrete,60,59.247839,2.3,0.1271246247219273
Concrete,60,59.090897,2.3,0.12782934234133664
Concrete,60,59.128784,2.3,0.1276587870475541
Concrete,60,62.000963,2.3,0.11565171646112078
Concrete,60,60.056412,2.3,0.12359109253299573
Concrete,60,60.245371,2.3,0.12278380135448341
Concrete,60,58.223602,2.3,0.13181319198921487
Concrete,60,59.346037,2.3,0.1266860851530126
Concrete,60,60.215303,2.3,0.12291186435227369
Concrete,60,58.975471,2.3,0.12835168136440434
Concrete,60,60.908063,2.3,0.12000887897213583
Concrete,60,58.797303,2.3,0.12916255198023074
Concrete,60,59.713634,2.3,0.12507304448745146
Concrete,60,59.413948,2.3,0.12638557005905268
Concrete,60,60.164321,2.3,0.12312943981202493
Concrete,60,59.35951,2.3,0.1266259342449693
Concrete,60,59.729106,2.3,0.1250056928214996
Concrete,60,59.76387,2.3,0.12485454063538175
Concrete,60,59.265612,2.3,0.12704518828923686
Concrete,60,60.485094,2.3,0.12176842397660836
Concrete,60,60.238388,2.3,0.12281347606870005
Concrete,60,59.911386,2.3,0.12421561955496203
Concrete,60,59.569542,2.3,0.12570216084919272
Concrete,60,60.796544,2.3,0.12046958844167115
Concrete,60,59.764166,2.3,0.1248531333392513
Concrete,60,59.693303,2.3,0.12516148565487034
Concrete,60,60.10469,2.3,0.12338421526896888
Concrete,60,61.696587,2.3,0.11681852762731049
Concrete,60,58.659644,2.3,0.12979315045458645
Concrete,60,60.769857,2.3,0.12058009822279223
Concrete,60,58.106829,2.3,0.13236030602161528
Concrete,60,60.217273,2.3,0.12290358105349455
Concrete,60,61.575083,2.3,0.11729510454498872
Concrete,60,60.488669,2.3,0.1217534165952754
Concrete,60,60.170625,2.3,0.1231024305995684
Concrete,60,59.439551,2.3,0.12627286642029306
Concrete,60,60.031047,2.3,0.12369992344206888
Concrete,60,59.747937,2.3,0.12492383667926135
Concrete,60,59.214023,2.3,0.127276106618407
Concrete,60,59.710124,2.3,0.12508833421976218
Concrete,60,60.198381,2.3,0.12298392300929137
Concrete,60,59.232783,2.3,0.1271920732693782
Concrete,60,59.193718,2.3,0.1273671429612833
Concrete,60,58.639757,2.3,0.1298844643889793
Concrete,60,60.390725,2.3,0.12216700219399902
Concrete,60,60.545323,2.3,0.12151486213863096
Concrete,60,60.23166,2.3,0.12284209844063718
Concrete,60,60.96517,2.3,0.1197736486541776
Concrete,60,60.087868,2.3,0.12345629552614454
Concrete,60,60.392011,2.3,0.12216154985250353
Concrete,60,60.303837,2.3,0.1225353173901806
Concrete,60,59.90846,2.3,0.12422822634618494
Concrete,60,59.469178,2.3,0.12614259134318412
Concrete,60,62.214153,2.3,0.11484275100554202
Concrete,90,89.548049,2.3,0.052196734305051645
Concrete,90,89.334122,2.3,0.05248684116855733
Concrete,90,90.43401,2.3,0.051012647657097634
Concrete,90,90.251854,2.3,0.05125383227100598
Concrete,90,88.595208,2.3,0.05350579153426417
Concrete,90,91.122678,2.3,0.050111367225388274
Concrete,90,89.905805,2.3,0.051715133064058096
Concrete,90,88.889069,2.3,0.053096072193493576
Concrete,90,91.188784,2.3,0.05002579520996237
Concrete,90,90.625676,2.3,0.05076014045414972
Concrete,90,88.735458,2.3,0.0533094063050595
Concrete,90,91.777183,2.3,0.04927144902002907
Concrete,90,90.658797,2.3,0.05071656135837859
Concrete,90,89.989804,2.3,0.05160276450149446
Concrete,90,91.590219,2.3,0.04950972308899941
Concrete,90,90.159298,2.3,0.05137680464058991
Concrete,90,89.971917,2.3,0.05162666484768167
Concrete,90,89.3397,2.3,0.05247925977628681
Concrete,90,90.58185,2.3,0.0508177320921584
Concrete,90,90.476603,2.3,0.05095640775451971
Concrete,90,90.01468,2.3,0.0515695510626537
Concrete,90,89.210014,2.3,0.052655924509648025
Concrete,90,90.12993,2.3,0.05141591083648366
Concrete,90,89.930201,2.3,0.05168247213365615
Concrete,90,88.666526,2.3,0.05340574272158123
Concrete,90,88.528188,2.3,0.05359999702193806
Concrete,90,90.565153,2.3,0.05083973445542295
Concrete,90,87.398112,2.3,0.055214133031796835
Concrete,90,90.205411,2.3,0.051315473243676774
Concrete,90,89.521917,2.3,0.05223206240106304
Concrete,90,91.308247,2.3,0.049871639612517386
Concrete,90,89.506532,2.3,0.05225288424224375
Concrete,90,90.659484,2.3,0.050715631915346816
Concrete,90,89.603086,2.3,0.052122299788383654
Concrete,90,90.113748,2.3,0.05143740381809385
Concrete,90,90.736837,2.3,0.05061423599863343
Concrete,90,89.537444,2.3,0.052211024889108205
Concrete,90,90.996555,2.3,0.05027506944889758
Concrete,90,89.006302,2.3,0.05293470517630872
Concrete,90,90.294593,2.3,0.051197098653501444
Concrete,90,90.92264,2.3,0.050371381165507274
Concrete,90,90.660037,2.3,0.05071493993220826
Concrete,90,91.916445,2.3,0.04909482887757161
Concrete,90,89.236561,2.3,0.05261970128107024
Concrete,90,88.620851,2.3,0.05346979116224371
Concrete,90,89.005665,2.3,0.05293561170869625
Concrete,90,90.660443,2.3,0.050714378296881635
Concrete,90,90.497923,2.3,0.050928265382552074
Concrete,90,90.102257,2.3,0.051452738555514466
Concrete,90,88.877043,2.3,0.05311264204484356
Concrete,90,90.766867,2.3,0.05057485777185937
Concrete,90,88.775295,2.3,0.05325385946521469
Concrete,90,91.15895,2.3,0.0500644314980863
Concrete,90,92.857438,2.3,0.047919460242831835
Concrete,90,90.366451,2.3,0.051101949701846894
Concrete,90,90.583108,2.3,0.05081606042793889
Concrete,90,89.50714,2.3,0.05225208549750182
Concrete,90,88.189787,2.3,0.054078129232991136
Concrete,90,89.397281,2.3,0.0524010134059987
Concrete,90,88.907105,2.3,0.0530711586070736
Concrete,90,88.552995,2.3,0.05356506963898084
Concrete,90,91.72236,2.3,0.04934118356667597
Concrete,90,90.272863,2.3,0.05122594026247537
Concrete,90,90.379688,2.3,0.05108445962056934
Concrete,90,89.690978,2.3,0.05200376376748046
Concrete,90,89.827129,2.3,0.051820616401754775
Concrete,90,90.964551,2.3,0.05031676147457605
Concrete,90,89.967663,2.3,0.05163234176587876
Concrete,90,90.530694,2.3,0.05088506399867827
Concrete,90,89.803996,2.3,0.05185167532049549
Concrete,90,89.657847,2.3,0.052048386171767144
Concrete,90,88.593086,2.3,0.053508710851771925
Concrete,90,88.022251,2.3,0.05431654256577421
Concrete,90,89.738438,2.3,0.05193979198709475
Concrete,90,90.056497,2.3,0.05151372388027275
Concrete,90,88.71387,2.3,0.05333956365556761
Concrete,90,89.965525,2.3,0.051635207301758905
Concrete,90,90.053753,2.3,0.051517345567334845
Concrete,90,87.843992,2.3,0.05457138074279125
Concrete,90,89.084875,2.3,0.05282703925186835
Concrete,90,90.407264,2.3,0.05104797331630916
Concrete,90,90.387059,2.3,0.051074672661424396
Concrete,90,88.846325,2.3,0.05315499837417036
Concrete,90,90.158448,2.3,0.05137792075386867
Concrete,90,91.022407,2.3,0.05024146241777099
Concrete,90,90.777073,2.3,0.05056153994407394
Concrete,90,89.904714,2.3,0.051716565864993146
Concrete,90,89.532024,2.3,0.05221837529531804
Concrete,90,89.370656,2.3,0.05243720314440859
Concrete,90,90.46782,2.3,0.050967954993155484
Concrete,90,90.195104,2.3,0.051329190147116927
Concrete,90,90.629404,2.3,0.050755193361792406
Concrete,90,90.131874,2.3,0.05141331597642248
Concrete,90,90.818764,2.3,0.050506998154901506
Concrete,90,90.094593,2.3,0.051462954358996664
Concrete,90,90.784689,2.3,0.05055155658707819
Concrete,90,90.870823,2.3,0.05043896172899949
Concrete,90,89.195473,2.3,0.05267578546608699
Concrete,90,88.191856,2.3,0.05407516186679159
Concrete,90,91.543493,2.3,0.04956954303038505
Concrete,90,90.256659,2.3,0.051247436619863904
Concrete,90,88.285514,2.3,0.053942454859012695
Concrete,90,89.286181,2.3,0.0525520915618742
Concrete,90,90.771874,2.3,0.050568326215800326
Concrete,90,89.720323,2.3,0.05196420222454625
Concrete,90,89.487939,2.3,0.05227805489788795
Concrete,90,91.400882,2.3,0.04975243801021596
Concrete,90,88.952713,2.3,0.05300835788734459
Concrete,90,89.201847,2.3,0.05266709817637213
Concrete,90,90.211386,2.3,0.051307565561379456
Concrete,90,90.390455,2.3,0.0510702149439712
Concrete,90,90.496343,2.3,0.05093039191222631
Concrete,90,90.911238,2.3,0.050386176345984676
Concrete,90,90.198579,2.3,0.05132458271452893
Concrete,90,90.489384,2.3,0.05093953422785487
Concrete,90,89.740791,2.3,0.05193668159038137
Concrete,90,90.062698,2.3,0.05150542038905109
Concrete,90,90.107534,2.3,0.05144569925597137
Concrete,90,90.215098,2.3,0.051302632491469116
Concrete,90,90.77254,2.3,0.05056747496981874
Concrete,90,90.555146,2.3,0.05085285660788095
Concrete,90,90.044217,2.3,0.05153009261034106
Concrete,90,89.190874,2.3,0.052682157517840535
Concrete,90,90.067671,2.3,0.05149882059045588
Concrete,90,89.971982,2.3,0.05162658902640962
Concrete,90,90.193182,2.3,0.051331774592340514
Concrete,90,92.206525,2.3,0.04872900435249221
Concrete,90,89.476227,2.3,0.052293896041741825
Concrete,90,90.422289,2.3,0.051028119811751815
Concrete,90,91.068462,2.3,0.05018158859202004
Concrete,90,90.098002,2.3,0.05145837526729431
Concrete,90,92.337845,2.3,0.04856434923642982
Concrete,90,89.621961,2.3,0.05209682066087774
Concrete,90,90.324089,2.3,0.05115805508812628
Concrete,90,89.201194,2.3,0.05266801087676858
Concrete,90,89.648475,2.3,0.052061089499164
Concrete,90,90.248934,2.3,0.05125769007691779
Concrete,90,90.846304,2.3,0.05047099737436762
Concrete,90,90.319095,2.3,0.05116467925331744
Concrete,90,91.259115,2.3,0.0499349823524078
Concrete,90,89.905035,2.3,0.05171616592006112
Concrete,90,89.667831,2.3,0.05203493668770141
Concrete,90,92.703985,2.3,0.04810895099065259
Concrete,90,90.394238,2.3,0.05106519691413176
Concrete,90,89.280518,2.3,0.05255979834903674
Concrete,90,89.305736,2.3,0.05252548925317983
Concrete,90,89.05732,2.3,0.05286480542699331
Concrete,90,90.936569,2.3,0.05035322145170776
Concrete,90,89.635623,2.3,0.052078374644305474
Concrete,90,90.127362,2.3,0.05141932342295219
Concrete,90,89.936491,2.3,0.0516740608600543
Concrete,90,90.731492,2.3,0.05062117126728173
Concrete,90,89.153256,2.3,0.05273347329102669
Concrete,90,88.924428,2.3,0.05304730327622869
Concrete,90,90.224297,2.3,0.0512904779757235
Concrete,90,90.600959,2.3,0.0507925591871238
Concrete,90,90.332532,2.3,0.051146859795067466
Concrete,90,89.190546,2.3,0.05268253616330757
Concrete,90,90.677485,2.3,0.05069207968389403
Concrete,90,89.256139,2.3,0.05259306812847906
Concrete,90,89.478461,2.3,0.052290892596375566
Concrete,90,89.056046,2.3,0.0528665222799202
Concrete,90,91.301158,2.3,0.04988078229314581
Concrete,90,90.633422,2.3,0.050749928465372705
Concrete,90,90.604993,2.3,0.050787272799585614
Concrete,90,91.247211,2.3,0.04995034159995148
Concrete,90,92.812649,2.3,0.04797467264988444
Concrete,90,88.290774,2.3,0.05393498619685742
Concrete,90,89.261623,2.3,0.0525855743503503
Concrete,90,89.383825,2.3,0.052419320729376176
Concrete,90,89.14918,2.3,0.052739067228739396
Concrete,90,88.922417,2.3,0.053050025985939046
Concrete,90,89.700347,2.3,0.05199110911177762
Concrete,90,88.783396,2.3,0.053242541412393554
Concrete,90,90.335042,2.3,0.05114352232185819
Concrete,90,90.051698,2.3,0.05152013673395605
Concrete,90,90.481029,2.3,0.050950605002830246
Concrete,90,90.507728,2.3,0.050915344575947506
Concrete,90,90.603007,2.3,0.05078984305986883
Concrete,90,89.626591,2.3,0.05209060910570318
Concrete,90,92.121143,2.3,0.04883639183939195
Concrete,90,90.234431,2.3,0.05127698694683697
Concrete,90,88.137515,2.3,0.05415239326653833
Concrete,90,88.997624,2.3,0.05294664101688465
Concrete,90,88.259497,2.3,0.053979291356354375
Concrete,90,90.017335,2.3,0.05156596174482189
Concrete,90,89.878195,2.3,0.051752146404064545
Concrete,90,89.531574,2.3,0.052218988290355844
Concrete,90,92.010926,2.3,0.04897534472820987
Concrete,90,90.548983,2.3,0.05086099755160574
Concrete,90,90.726098,2.3,0.05062832067302006
Concrete,90,89.068927,2.3,0.05284886392786957
Concrete,90,89.000855,2.3,0.05294223397446852
Concrete,90,90.036805,2.3,0.05154000354219121
Concrete,90,90.173007,2.3,0.05135859534169137
Concrete,90,88.143688,2.3,0.054143644781792157
Concrete,90,89.819693,2.3,0.05183064760232363
Concrete,90,90.014072,2.3,0.051570358657790576
Concrete,90,89.784851,2.3,0.05187743507350066
Concrete,90,89.18661,2.3,0.052687937734721836
Concrete,90,89.460465,2.3,0.052315308725840316
Concrete,90,89.823141,2.3,0.051826024855950587
Concrete,90,90.0908,2.3,0.05146802626427428
Concrete,90,90.604792,2.3,0.05078750343150727
Concrete,90,91.080856,2.3,0.05016552017709717
Concrete,90,89.705652,2.3,0.0519839733928525
Concrete,90,89.543844,2.3,0.05220236419687618
Concrete,90,90.437656,2.3,0.051007744438691355
Concrete,90,90.610845,2.3,0.050779578485994833
Concrete,90,89.5658,2.3,0.052172670547156276
Concrete,90,90.790393,2.3,0.0505440853286892
Concrete,90,90.979585,2.3,0.05029714894435445
Concrete,90,91.291686,2.3,0.049893003243774395
Concrete,90,91.778321,2.3,0.049269963064193345
Concrete,90,89.133584,2.3,0.0527604332189093
Concrete,90,90.013898,2.3,0.0515705450597619
Concrete,90,90.011278,2.3,0.05157409997800878
Concrete,90,89.901926,2.3,0.051720351411466116
Concrete,90,89.350737,2.3,0.05246429455579299
Concrete,90,88.514438,2.3,0.053619323644039
Concrete,90,90.092679,2.3,0.05146550411448295
Concrete,90,89.231644,2.3,0.05262644359490591
Concrete,90,90.085993,2.3,0.05147440381732867
Concrete,90,89.205956,2.3,0.05266152570043659
Concrete,90,88.900342,2.3,0.05308050098481266
Concrete,90,90.234298,2.3,0.05127716343168774
Concrete,90,90.150922,2.3,0.05138796848908171
Concrete,90,90.579282,2.3,0.05082112787911251
Concrete,90,92.185864,2.3,0.04875497283764499
Concrete,90,90.27729,2.3,0.05122003608954542
Concrete,90,90.485082,2.3,0.050945245025133014
Concrete,90,88.922439,2.3,0.05305000289657179
Concrete,90,88.713093,2.3,0.05334064252073625
Concrete,90,91.582829,2.3,0.049519167154120365
Concrete,90,89.07652,2.3,0.05283849193283849
Concrete,90,88.956056,2.3,0.053003729983418416
Concrete,90,89.960901,2.3,0.05164143868622612
Concrete,90,89.909808,2.3,0.051709774682227115
Concrete,90,89.097493,2.3,0.05280974254393552
Concrete,90,89.695027,2.3,0.05199829023706379
Concrete,90,91.229376,2.3,0.0499733562462602
Concrete,90,89.194006,2.3,0.05267776712722848
Concrete,90,88.606328,2.3,0.053490239647043275
Concrete,90,90.942594,2.3,0.05034535965480007
Concrete,90,90.492297,2.3,0.05093570635933954
Concrete,90,89.379481,2.3,0.05242522503822806
Concrete,90,88.417833,2.3,0.053755448648049604
Concrete,90,89.255377,2.3,0.052594092928120055
Concrete,90,89.945296,2.3,0.05166226775304692
Concrete,90,91.165672,2.3,0.050055712318423075
Concrete,90,88.963418,2.3,0.05299361376588573
Concrete,90,89.91548,2.3,0.051702175439834075
Concrete,90,90.675145,2.3,0.0506951162819999
Concrete,90,87.618733,2.3,0.05489512820562182
Concrete,90,91.033786,2.3,0.0502266070996065
Concrete,90,88.817549,2.3,0.05319495425011252
Concrete,90,90.331995,2.3,0.051147547753644086
Concrete,90,90.246683,2.3,0.05126070165156383
Concrete,90,91.084586,2.3,0.05016066236299849
Concrete,90,90.550924,2.3,0.0508584464982444
Concrete,90,87.62271,2.3,0.054889422238235286
Concrete,90,89.215221,2.3,0.05264881013168361
Concrete,90,90.138205,2.3,0.051404880105411346
Concrete,90,89.80502,2.3,0.051850323610179244
Concrete,90,90.477611,2.3,0.05095503583375329
Concrete,90,90.789367,2.3,0.05054544455349432
Concrete,90,90.608452,2.3,0.05078270223122787
Concrete,90,89.785725,2.3,0.0518762302953772
Concrete,90,88.153663,2.3,0.05412952287447764
Concrete,90,89.544519,2.3,0.05220150670706396
Concrete,90,90.416368,2.3,0.05103593784975068
Concrete,90,88.909553,2.3,0.05306777063649848
Concrete,90,90.631275,2.3,0.05075276287359979
Concrete,90,90.908393,2.3,0.050389926767722464
Concrete,90,90.126867,2.3,0.05141994444345761
Concrete,90,86.93622,2.3,0.055889639420438085
Concrete,90,88.721912,2.3,0.05332835634410531
Concrete,90,91.886189,2.3,0.049133107827337125
Concrete,90,89.453462,2.3,0.05232477305458401
Concrete,90,88.015857,2.3,0.05432568080652031
Concrete,90,91.235247,2.3,0.049965791068473764
Concrete,90,90.013356,2.3,0.05157132723030319
Concrete,90,91.10494,2.3,0.050134301291526254
Concrete,90,90.276959,2.3,0.05122053998335828
Concrete,90,90.458559,2.3,0.05098020010091473
Concrete,90,90.363009,2.3,0.05110648265567274
Concrete,90,90.697488,2.3,0.05066579757676328
Concrete,90,92.27743,2.3,0.04864005169342718
Concrete,90,90.971006,2.3,0.05030832783291936
Concrete,90,88.419661,2.3,0.05375289237352502
Concrete,90,90.446662,2.3,0.05099592527681912
Concrete,90,91.141481,2.3,0.05008695827495344
Concrete,90,91.202701,2.3,0.05000782956619509
Concrete,90,89.573395,2.3,0.05216242864164655
Concrete,90,91.164944,2.3,0.050056620594432784
Concrete,90,90.927742,2.3,0.05036467667412866
Concrete,90,92.572517,2.3,0.04827189391780422
Concrete,90,89.249998,2.3,0.05260145296779957
Concrete,90,89.492599,2.3,0.05227173448903828
Concrete,90,89.693881,2.3,0.05199980580032616
Concrete,90,89.509778,2.3,0.05224848262206999
Concrete,90,89.109979,2.3,0.05279268075073014
Concrete,90,87.237324,2.3,0.05544792906058541
Concrete,90,89.565301,2.3,0.052173404009025634
Concrete,90,90.369358,2.3,0.05109808175901107
Concrete,90,89.506778,2.3,0.05225256674940425
Concrete,90,91.935381,2.3,0.04907086968994463
Concrete,90,90.013376,2.3,0.05157128586788195
Concrete,90,91.291029,2.3,0.04989382600665614
Concrete,90,90.26142,2.3,0.051241128206908716
Concrete,90,90.826407,2.3,0.05049699900531758
Concrete,90,90.279242,2.3,0.051217520364539845
Concrete,90,91.368785,2.3,0.04979372130064823
Concrete,90,90.055939,2.3,0.05151446087185741
Concrete,90,90.496121,2.3,0.050930636900149734
Concrete,90,90.366333,2.3,0.05110209658207464
Concrete,90,89.711715,2.3,0.0519758078116879
Concrete,90,90.404982,2.3,0.05105097062755984
Concrete,90,92.234386,2.3,0.04869400780839086
Concrete,90,89.729603,2.3,0.051951718975388084
Concrete,90,90.419465,2.3,0.05103185473135474
Concrete,90,91.257779,2.3,0.049936738709579855
Concrete,90,91.140253,2.3,0.05008859709176128
Concrete,90,90.011716,2.3,0.051573515167544076
Concrete,90,87.616611,2.3,0.05489821990954207
Concrete,90,90.516703,2.3,0.05090352314507643
Concrete,90,87.780526,2.3,0.05466238384512415
Concrete,90,91.469937,2.3,0.04966376111888651
Concrete,90,90.169474,2.3,0.05136328608905371
Concrete,90,90.999674,2.3,0.05027102251894883
Concrete,90,89.097889,2.3,0.05280919805282902
Concrete,90,88.447493,2.3,0.05371361606227722
Concrete,90,90.260754,2.3,0.05124203286584479
Concrete,90,89.966397,2.3,0.051634010600563024
Concrete,90,89.508459,2.3,0.0522502582853034
Concrete,90,90.084661,2.3,0.05147614794555408
Concrete,90,92.767436,2.3,0.04803056131129374
Concrete,90,90.834526,2.3,0.050486392523255624
Concrete,90,91.049499,2.3,0.05020626531972604
Concrete,90,90.843937,2.3,0.050474060197158874
Concrete,90,91.479462,2.3,0.0496515806298759
Concrete,90,89.809928,2.3,0.051843744178060876
Concrete,90,87.945239,2.3,0.054426513868056026
Concrete,90,89.811414,2.3,0.05184173129567418
Concrete,90,90.811736,2.3,0.05051614052848659
Concrete,90,89.0302,2.3,0.052901934472765325
Concrete,90,89.823634,2.3,0.0518253377431293
Concrete,90,89.30823,2.3,0.05252211862806889
Concrete,90,91.502029,2.3,0.049622603162706995
Concrete,90,90.749457,2.3,0.0505976838695778
Concrete,90,90.651541,2.3,0.05072615689567194
Concrete,90,90.621601,2.3,0.05076541510425981
Concrete,90,89.962751,2.3,0.051638898821212094
Concrete,90,90.197556,2.3,0.051325934553600676
Concrete,90,88.814815,2.3,0.05319877794434161
Concrete,90,87.813558,2.3,0.05461503286248585
Concrete,90,90.150081,2.3,0.05138907314776475
Concrete,90,90.32399,2.3,0.051158185312789844
Concrete,90,91.209265,2.3,0.04999934202178537
Concrete,90,91.571336,2.3,0.0495338566483365
Concrete,90,91.569998,2.3,0.04953555764778875
Concrete,90,89.001976,2.3,0.052940662781059813
Concrete,90,89.647735,2.3,0.05206206764265607
Concrete,90,90.480334,2.3,0.05095149330907664
Concrete,90,92.531905,2.3,0.0483223461863405
Concrete,90,91.480099,2.3,0.049650761971934104
Concrete,90,91.119397,2.3,0.050115574850232686
Concrete,90,89.612212,2.3,0.05211000915937991
Concrete,90,89.1168,2.3,0.05278331899967621
Concrete,90,90.788908,2.3,0.050546046497127045
Concrete,90,88.899339,2.3,0.05308189629466653
Concrete,90,89.761564,2.3,0.051908730895945054
Concrete,90,89.885222,2.3,0.05174271293999692
Concrete,90,91.592912,2.3,0.04950629003203281
Concrete,90,89.645303,2.3,0.05206534704526586
Concrete,90,87.56075,2.3,0.05497879238248729
Concrete,90,90.504445,2.3,0.050919671443411293
Concrete,90,89.300978,2.3,0.052531971366012
Concrete,90,90.042631,2.3,0.05153222021944112
Concrete,90,89.913295,2.3,0.05170510535264966
Concrete,90,89.726296,2.3,0.05195621321361815
Concrete,90,90.790341,2.3,0.05054413715175436
Concrete,90,88.467135,2.3,0.053685961206995064
Concrete,90,89.482986,2.3,0.052284733288240744
Concrete,90,90.684038,2.3,0.050683461273348565
Concrete,90,89.385915,2.3,0.05241642375005014
Concrete,90,88.391193,2.3,0.05379306540718645
Concrete,90,90.668555,2.3,0.0507037535925331
Concrete,90,91.123095,2.3,0.05011078727900726
Concrete,90,89.955005,2.3,0.05164928389251787
Concrete,90,88.039154,2.3,0.05429245164870221
Concrete,90,90.70597,2.3,0.0506546839450049
Concrete,90,88.340112,2.3,0.05386518279314931
Concrete,90,90.308799,2.3,0.05117828993429885
Concrete,90,89.112536,2.3,0.05278914311176736
Concrete,90,88.840161,2.3,0.05316348088733364
Concrete,90,89.55809,2.3,0.052183103560246795
Concrete,90,89.816702,2.3,0.05183460876323076
Concrete,90,89.355792,2.3,0.05245735974601467
Concrete,90,90.588703,2.3,0.050808705941947405
Concrete,90,89.553931,2.3,0.05218871516877364
Concrete,90,90.980191,2.3,0.05029638488923184
Concrete,90,90.281173,2.3,0.051214953596265066
Concrete,90,89.302443,2.3,0.05252999118366975
Concrete,90,89.13406,2.3,0.052759703885221006
Concrete,90,88.352504,2.3,0.053847670573515256
Concrete,90,90.290733,2.3,0.05120225054693156
Concrete,90,89.645412,2.3,0.052065193028915276
Concrete,90,87.627804,2.3,0.054882073339573664
Concrete,90,89.464285,2.3,0.05231011244003124
Concrete,90,89.098966,2.3,0.05280772880929599
Concrete,90,91.575678,2.3,0.04952832088654944
Concrete,90,88.297221,2.3,0.053925850998383
Concrete,90,88.558649,2.3,0.05355718629732911
Concrete,90,91.10997,2.3,0.05012776787922334
Concrete,90,91.356763,2.3,0.04980919853165604
Concrete,90,89.255017,2.3,0.05259455727075397
Concrete,90,89.367914,2.3,0.05244089141649214
Concrete,90,90.616235,2.3,0.0507725354291692
Concrete,90,87.6729,2.3,0.054817111426584436
Concrete,90,88.138806,2.3,0.054150578758212164
Concrete,90,89.719267,2.3,0.05196568831495061
Concrete,90,91.549891,2.3,0.049561299209937036
Concrete,90,89.56427,2.3,0.052174851772993996
Concrete,90,90.100937,2.3,0.05145447953727923
Concrete,90,91.133789,2.3,0.05009696729148867
Concrete,90,92.106885,2.3,0.04885433680715218
Concrete,90,89.423152,2.3,0.05236587294947484
Concrete,90,89.983163,2.3,0.05161161198067512
Concrete,90,91.822055,2.3,0.049214446935619764
Concrete,90,88.477801,2.3,0.05367096820026353
Concrete,90,91.027581,2.3,0.05023473333712
Concrete,90,88.981684,2.3,0.0529685058999382
Concrete,90,90.102472,2.3,0.051452432935605155
Concrete,90,89.757381,2.3,0.05191440057122057
Concrete,90,89.041988,2.3,0.052885818639488706
Concrete,90,89.016898,2.3,0.052920212713721965
Concrete,90,90.276414,2.3,0.05122127137523993
Concrete,90,90.995539,2.3,0.0502764200943861
Concrete,90,89.870264,2.3,0.051762723325941146
Concrete,90,90.070113,2.3,0.051495623477964485
Concrete,90,90.571174,2.3,0.05083174665077197
Concrete,90,89.028381,2.3,0.05290448605022541
Concrete,90,90.739693,2.3,0.05061048844440499
Concrete,90,90.819343,2.3,0.05050623672785893
Concrete,90,92.603626,2.3,0.04823332348265691
Concrete,90,89.623896,2.3,0.05209421408600316
Concrete,90,89.541918,2.3,0.0522049912634196
Concrete,90,90.768966,2.3,0.0505721572917984
Concrete,90,90.819104,2.3,0.05050658742855698
Concrete,90,89.464913,2.3,0.05230924199150096
Concrete,90,89.596837,2.3,0.05213079227475794
Concrete,90,90.541131,2.3,0.050871348900287494
Concrete,90,89.172416,2.3,0.05270733486338502
Concrete,90,89.589466,2.3,0.05214068063128997
Concrete,90,90.089593,2.3,0.05146958332593376
Concrete,90,90.995939,2.3,0.05027592937181463
Concrete,90,89.395401,2.3,0.052403582398360835
Concrete,90,88.157616,2.3,0.05412385135174543
Concrete,90,88.083403,2.3,0.05422944294986368
Concrete,90,88.740587,2.3,0.053302257362406374
Concrete,90,88.686832,2.3,0.05337738289368927
Concrete,90,89.845389,2.3,0.05179610014151684
Concrete,90,88.81112,2.3,0.05320390488150213
Concrete,90,89.297245,2.3,0.052537068518970276
Concrete,90,89.225914,2.3,0.05263425889396493
Concrete,90,89.559492,2.3,0.05218121719739568
Concrete,90,91.322504,2.3,0.049853248193107935
Concrete,90,90.661948,2.3,0.050712476326263245
Concrete,90,90.016129,2.3,0.05156760732079349
Concrete,90,89.538974,2.3,0.05220900977882037
Concrete,90,89.566767,2.3,0.0521713972597999
Concrete,90,90.327746,2.3,0.05115321515359427
Concrete,90,90.584169,2.3,0.0508146770736952
Concrete,90,89.092382,2.3,0.05281676349006991
Concrete,90,90.036481,2.3,0.05154046164745881
Concrete,90,87.96838,2.3,0.05439344960199327
Concrete,90,90.211714,2.3,0.05130710156919062
Concrete,90,90.762149,2.3,0.05058105111329565
Concrete,90,89.719931,2.3,0.05196475822141582
Concrete,90,91.816527,2.3,0.049221516218796016
Concrete,90,89.118762,2.3,0.052780670576413044
Concrete,90,90.21744,2.3,0.05129954285866961
Concrete,90,89.964175,2.3,0.05163698131035992
Concrete,90,89.899702,2.3,0.05172330742947312
Concrete,90,89.885678,2.3,0.05174212595850975
Concrete,90,90.107105,2.3,0.05144626268654054
Concrete,90,90.847959,2.3,0.050468833457815054
Concrete,90,91.377736,2.3,0.04978221330835861
Concrete,90,89.99775,2.3,0.051592163764113554
Concrete,90,90.815316,2.3,0.05051153834902602
Concrete,90,89.298233,2.3,0.052535703759359516
Concrete,90,90.765955,2.3,0.05057611491519188
Concrete,90,89.238008,2.3,0.05261778569403679
Concrete,90,91.09066,2.3,0.050152822019771004
Concrete,90,92.210641,2.3,0.04872380072190252
Concrete,90,89.877916,2.3,0.05175250092986031
Concrete,90,87.807457,2.3,0.05462378499851964
Concrete,90,89.451927,2.3,0.052326875101354114
Concrete,90,91.231875,2.3,0.04997012486987415
Concrete,90,90.553077,2.3,0.050855608300953085
Concrete,90,90.248914,2.3,0.051257673831426556
Concrete,90,91.008668,2.3,0.05025931751121893
Concrete,90,90.484453,2.3,0.05094605544151163
Concrete,90,91.217725,2.3,0.049988358678366776
Concrete,90,90.919424,2.3,0.050375519713511174
Concrete,90,91.5217,2.3,0.049597411271927704
Concrete,90,90.358796,2.3,0.05111208072542662
Concrete,90,90.905259,2.3,0.050394010527085635
Concrete,90,89.692873,2.3,0.05200117707402133
Concrete,90,89.398539,2.3,0.05239930402118592
Concrete,90,91.706768,2.3,0.0493610075749214
Concrete,90,90.216205,2.3,0.05130117575709532
Concrete,90,90.804881,2.3,0.05052513500611554
Concrete,90,90.12374,2.3,0.05142409943518734
Concrete,90,89.413484,2.3,0.052379004893021185
Concrete,90,90.010983,2.3,0.05157446949559137
Concrete,90,91.435994,2.3,0.04970730590060644
Concrete,90,90.55524,2.3,0.050852726980165505
Concrete,90,88.288527,2.3,0.05393819060519041
Concrete,90,89.784756,2.3,0.05187757917104548
Concrete,90,91.782294,2.3,0.04926495792714182
Concrete,90,89.786203,2.3,0.05187557534010517
Concrete,90,88.199521,2.3,0.05406428805568555
Concrete,90,91.893049,2.3,0.04912440672189948
Concrete,90,90.682393,2.3,0.05068562201675254
Concrete,90,89.929987,2.3,0.05168278135506916
Concrete,90,89.628582,2.3,0.05208788556062306
Concrete,90,91.082352,2.3,0.05016357202051621
Concrete,90,89.458017,2.3,0.052318672521988935
Concrete,90,91.148256,2.3,0.050078206350723305
Concrete,90,90.542195,2.3,0.05086994998252297
Concrete,90,90.244682,2.3,0.05126334291091427
Concrete,90,90.145515,2.3,0.051395101069237656
Concrete,90,89.825032,2.3,0.05182343733209111
Concrete,90,91.04564,2.3,0.0502112864480815
Concrete,90,89.134657,2.3,0.052758941980200556
Concrete,90,88.378075,2.3,0.05381152500199362
Concrete,90,90.61444,2.3,0.05077482818048247
Concrete,90,90.631238,2.3,0.05075274768927562
Concrete,90,90.480241,2.3,0.05095165353163907
Concrete,90,90.407728,2.3,0.05104735729041276
Concrete,90,89.67946,2.3,0.05201926926341806
Concrete,90,90.787483,2.3,0.05054784030788805
Concrete,90,89.954442,2.3,0.05164997206940468
Concrete,90,89.512886,2.3,0.05224425235668486
Concrete,90,89.688109,2.3,0.05200764213268556
Concrete,90,92.02064,2.3,0.048963043101192316
Concrete,90,88.265024,2.3,0.05397148082685108
Concrete,90,90.499788,2.3,0.05092584648157071
Concrete,90,88.32089,2.3,0.05389238466040636
Concrete,90,89.891767,2.3,0.05173394467658402
Concrete,90,89.566373,2.3,0.052171963343288774
Concrete,90,87.914972,2.3,0.05446979341236077
Concrete,90,90.389038,2.3,0.05107206067010314
Concrete,90,89.619962,2.3,0.05209949477725437
Concrete,90,87.900794,2.3,0.05449004163135182
Concrete,90,90.839568,2.3,0.050479778177587746
Concrete,90,91.435006,2.3,0.04970857290095369
Concrete,90,91.490124,2.3,0.049637893374890954
Concrete,90,90.358956,2.3,0.051111879576842635
Concrete,90,90.046058,2.3,0.05152765533121715
Concrete,90,91.328157,2.3,0.04984601066271553
Concrete,90,91.682384,2.3,0.04939206642065536
Concrete,90,91.133569,2.3,0.05009723377054016
Concrete,90,89.058462,2.3,0.05286322044943999
Concrete,90,90.201345,2.3,0.05132091282219713
Concrete,90,90.439516,2.3,0.051005356123922305
Concrete,90,88.190383,2.3,0.05407731693092552
Concrete,90,90.469361,2.3,0.050965944001173685
Concrete,90,92.272992,2.3,0.04864561899804363
Concrete,90,90.639936,2.3,0.05074137539357066
Concrete,90,91.473413,2.3,0.049659274852699574
Concrete,90,90.182915,2.3,0.05134538505488341
Concrete,90,89.926782,2.3,0.05168702452624902
Concrete,90,90.381271,2.3,0.05108231255048297
Concrete,90,89.184173,2.3,0.05269123938629636
Concrete,90,89.036225,2.3,0.052893699708085606
Concrete,90,91.266305,2.3,0.049925730201237126
Concrete,90,91.372342,2.3,0.049789099046648334
Concrete,90,89.008894,2.3,0.05293116214237656
Concrete,90,90.967999,2.3,0.0503122735302977
Concrete,90,89.91304,2.3,0.051705439236186125
Concrete,90,90.339809,2.3,0.051137223913803216
Concrete,90,90.460219,2.3,0.050978082319456296
Concrete,90,90.99435,2.3,0.050277892394376945
Concrete,90,90.082718,2.3,0.051478772935614855
Concrete,90,91.410162,2.3,0.049740523840267906
Concrete,90,90.309413,2.3,0.051177496386280615
Concrete,90,90.624184,2.3,0.05076207994098012
Concrete,90,89.166737,2.3,0.05271508503268145
Concrete,90,92.158659,2.3,0.04878913668219122
Concrete,90,90.469825,2.3,0.05096536086840071
Concrete,90,90.712997,2.3,0.05064547403488487
Concrete,90,88.391814,2.3,0.053792151128888875
Concrete,90,89.177298,2.3,0.052700670545440295
Concrete,90,91.237884,2.3,0.04996241273474653
Concrete,90,90.286891,2.3,0.05120741105742708
Concrete,90,88.08622,2.3,0.05422537649917627
Concrete,90,91.03829,2.3,0.05022079692301207
Concrete,90,89.456217,2.3,0.05232107157826982
Concrete,90,91.411317,2.3,0.049739080625876946
Concrete,90,89.912164,2.3,0.05170662665744064
Concrete,90,90.204707,2.3,0.05131641862950587
Concrete,90,91.178955,2.3,0.0500385238852752
Concrete,90,89.102507,2.3,0.0528028980526073
Concrete,90,89.007153,2.3,0.05293357299939237
Concrete,90,89.803502,2.3,0.05185234039046957
Concrete,90,90.827173,2.3,0.050495993307558135
Concrete,90,88.669123,2.3,0.05340211949101288
Concrete,90,88.331965,2.3,0.05387677275221386
Concrete,90,90.823721,2.3,0.050500510949722514
Concrete,90,89.397022,2.3,0.05240140679988943
Concrete,90,89.607774,2.3,0.052115982317611116
Concrete,90,88.14319,2.3,0.05414437708778024
Concrete,90,89.321021,2.3,0.0525046798287132
Concrete,90,89.992433,2.3,0.05159922598516642
Concrete,90,90.930378,2.3,0.05036125124961905
Concrete,90,89.22877,2.3,0.05263035213181263
Concrete,90,91.657376,2.3,0.04942395879720486
Concrete,90,89.315444,2.3,0.052512290222562985
Concrete,90,89.316908,2.3,0.052510236055043166
Concrete,90,91.537358,2.3,0.04957742252556199
Concrete,90,90.21146,2.3,0.05130749581957228
Concrete,90,89.447975,2.3,0.052332244625631456
Concrete,90,89.844867,2.3,0.051796834761613696
Concrete,90,91.353074,2.3,0.04981393354137233
Concrete,90,91.466203,2.3,0.04966854332953186
Concrete,90,89.183207,2.3,0.05269260452552607
Concrete,90,89.957566,2.3,0.05164585642815489
Concrete,90,90.090157,2.3,0.0514688498480627
Concrete,90,89.01376,2.3,0.052924518016325375
Concrete,90,89.944315,2.3,0.05166358225538864
Concrete,90,90.005323,2.3,0.051581974846029506
Concrete,90,91.140209,2.3,0.05008863718653604
Concrete,90,91.207425,2.3,0.05000167002854408
Concrete,90,89.670791,2.3,0.05203094245353354
Concrete,90,89.786047,2.3,0.0518758548370026
Concrete,90,90.664292,2.3,0.05070934405617752
Concrete,90,89.414812,2.3,0.052377222577317625
Concrete,90,90.58864,2.3,0.050808791226879625
Concrete,90,89.912094,2.3,0.05170671977006918
Concrete,90,89.030601,2.3,0.0529014146206391
Concrete,90,89.043163,2.3,0.052884182329260176
Concrete,90,91.447059,2.3,0.04969315538501984
Concrete,90,89.843579,2.3,0.051798522814476756
Concrete,90,91.640354,2.3,0.049445670502388316
Concrete,90,89.486364,2.3,0.052280176355869526
Concrete,90,90.291205,2.3,0.05120164804118004
Concrete,90,92.392677,2.3,0.048495844797810314
Concrete,90,88.942613,2.3,0.05302227260049733
Concrete,90,88.102186,2.3,0.05420264566545961
Concrete,90,91.28659,2.3,0.04989955287303287
Concrete,90,89.173191,2.3,0.05270624242252441
Concrete,90,89.979294,2.3,0.05161678763256746
Concrete,90,89.414082,2.3,0.052378196391246454
Concrete,90,90.268163,2.3,0.051232163479415616
Concrete,90,89.049464,2.3,0.0528754841079845
Concrete,90,89.82006,2.3,0.05183014550504851
Concrete,90,90.449815,2.3,0.050991774212892964
Concrete,90,88.991691,2.3,0.05295480140563241
Concrete,90,89.299916,2.3,0.05253340114455592
Concrete,90,89.652617,2.3,0.052055418739907836
Concrete,90,88.571185,2.3,0.053539530555514254
Concrete,90,89.577439,2.3,0.05215696873980185
Concrete,90,90.118797,2.3,0.05143067386040105
Concrete,90,89.600451,2.3,0.05212583984667918
Concrete,90,89.728624,2.3,0.05195300994423125
Concrete,90,89.980098,2.3,0.05161577181160661
Concrete,90,89.344257,2.3,0.05247310525202897
Concrete,90,90.691063,2.3,0.050674253358322804
Concrete,90,91.435978,2.3,0.04970738376716028
Concrete,90,89.53562,2.3,0.052213502113775394
Concrete,90,90.485198,2.3,0.05094502566166563
Concrete,90,89.760383,2.3,0.05191026718599548
Concrete,90,90.365487,2.3,0.05110320921919462
Concrete,90,91.56578,2.3,0.04954096911531444
Concrete,90,90.50866,2.3,0.05091412300000631
Concrete,90,88.226585,2.3,0.05402595184909125
Concrete,90,90.453996,2.3,0.050986239229117186
Concrete,90,91.232864,2.3,0.0499688716680827
Concrete,90,89.778404,2.3,0.05188610723943014
Concrete,90,90.995635,2.3,0.0502763078907067
Concrete,90,89.309884,2.3,0.05251986364688104
Concrete,90,88.514461,2.3,0.05361926597140456
Concrete,90,90.141169,2.3,0.05140094671949657
Concrete,90,88.243523,2.3,0.054001902702145506
Concrete,90,89.760229,2.3,0.051910491126605306
Concrete,90,91.286842,2.3,0.049899228713502636
Concrete,90,88.090237,2.3,0.054219632311069965
Concrete,90,88.720503,2.3,0.05333033756462451
Concrete,90,88.967968,2.3,0.05298734289521894
Concrete,90,89.93668,2.3,0.05167381744513855
Concrete,90,89.634283,2.3,0.05208027643844057
Concrete,90,91.399136,2.3,0.04975470690824103
Concrete,90,90.954348,2.3,0.050330051300481224
Concrete,90,90.495273,2.3,0.05093177746712041
Concrete,90,90.14563,2.3,0.05139500203504525
Concrete,90,90.39323,2.3,0.05106652118824905
Concrete,90,89.138018,2.3,0.05275432834121839
Concrete,90,90.85721,2.3,0.05045671784611167
Concrete,90,88.887956,2.3,0.05309759675424702
Concrete,90,90.835377,2.3,0.05048524517747734
Concrete,90,91.186143,2.3,0.050029280542056576
Concrete,90,90.210865,2.3,0.051308249417517375
Concrete,90,89.823787,2.3,0.051825117342340764
Concrete,90,90.40031,2.3,0.05105717903006232
Concrete,90,87.138482,2.3,0.0555925383817163
Concrete,90,90.302258,2.3,0.051186990282854374
Concrete,90,89.886646,2.3,0.05174082440332774
Concrete,90,89.949372,2.3,0.05165677124673567
Concrete,90,90.706533,2.3,0.05065395688312221
Concrete,90,89.925231,2.3,0.051689118796393194
Concrete,90,88.859793,2.3,0.053136389118500174
Concrete,90,89.858597,2.3,0.05177835054725914
Concrete,90,90.067555,2.3,0.05149900745509507
Concrete,90,90.114934,2.3,0.051435858442759316
Concrete,90,90.161919,2.3,0.05137327712433396
Concrete,90,91.039369,2.3,0.05021936922351795
Concrete,90,88.913965,2.3,0.05306169198251885
Concrete,90,90.1757,2.3,0.05135498234016755
Concrete,90,91.28993,2.3,0.049895219786082384
Concrete,90,88.265389,2.3,0.0539709688182934
Concrete,90,90.179647,2.3,0.051349693175355635
Concrete,90,89.414621,2.3,0.05237749537083377
Concrete,90,89.62929,2.3,0.05208694587336118
Concrete,90,89.095192,2.3,0.05281288952584067
Concrete,90,89.830449,2.3,0.05181614278343574
Concrete,90,91.841256,2.3,0.04919010773594821
Concrete,90,88.73557,2.3,0.05330920863874752
Concrete,90,88.83039,2.3,0.053177062665427155
Concrete,90,88.698065,2.3,0.05336162673831534
Concrete,90,91.727418,2.3,0.049334714672169384
Concrete,90,89.53766,2.3,0.052210694066472045
Concrete,90,89.974361,2.3,0.051623346545005486
Concrete,90,89.597217,2.3,0.0521302323222805
Concrete,90,89.055577,2.3,0.05286712393570977
Concrete,90,89.764849,2.3,0.051904317286128945
Concrete,90,92.458244,2.3,0.04841409436273908
Concrete,90,91.392071,2.3,0.049763783265973305
Concrete,90,89.147062,2.3,0.052741938783089026
Concrete,90,90.647574,2.3,0.0507313513119704
Concrete,90,89.168477,2.3,0.052712702582336374
Concrete,90,88.223632,2.3,0.054030173472653424
Concrete,90,91.019511,2.3,0.05024518425226931
Concrete,90,91.160093,2.3,0.05006293008917417
Concrete,90,91.046052,2.3,0.050210687859942135
Concrete,90,89.530135,2.3,0.05222091319900425
Concrete,90,89.833224,2.3,0.05181251216218169
Concrete,90,90.749766,2.3,0.050597287400974966
Concrete,90,90.391496,2.3,0.05106884610913483
Concrete,90,89.606363,2.3,0.0521178637155721
Concrete,90,88.380928,2.3,0.053807492756428585
Concrete,90,90.113875,2.3,0.051437239535166025
Concrete,90,91.07901,2.3,0.0501678756064719
Concrete,90,88.802412,2.3,0.05321600594919786
Concrete,90,90.638759,2.3,0.05074288377794145
Concrete,90,90.331542,2.3,0.05114814670710162
Concrete,90,90.750148,2.3,0.0505968010231678
Concrete,90,90.871975,2.3,0.05043746051588231
Concrete,90,89.305535,2.3,0.052525817389185187
Concrete,90,88.383041,2.3,0.053804591669230725
Concrete,90,89.46648,2.3,0.052307099323534514
Concrete,90,90.889127,2.3,0.050415071580547845
Concrete,90,89.457996,2.3,0.052318741078436225
Concrete,90,89.305957,2.3,0.05252529510476776
Concrete,90,88.17865,2.3,0.054093954110774604
Concrete,90,91.752648,2.3,0.049302588536328656
Concrete,90,90.825714,2.3,0.05049786840654328
Concrete,90,90.769896,2.3,0.050570900723358
Concrete,90,90.967725,2.3,0.05031257056998479
Concrete,90,90.576708,2.3,0.05082451589522698
Concrete,90,89.755671,2.3,0.05191667796628779
Concrete,90,89.836236,2.3,0.05180840867956619
Concrete,90,89.572436,2.3,0.05216373434460697
Concrete,90,92.634741,2.3,0.04819472830494386
Concrete,90,90.555912,2.3,0.050851881351654485
Concrete,90,89.5362,2.3,0.0522127363550606
Concrete,90,90.465497,2.3,0.05097100556553891
Concrete,90,88.989131,2.3,0.052958312169158576
Concrete,90,91.504507,2.3,0.04961940414001693
Concrete,90,89.338931,2.3,0.052480325845755085
Concrete,90,90.501085,2.3,0.05092412573588917
Concrete,90,91.065978,2.3,0.05018479387471184
Concrete,90,90.384769,2.3,0.05107768749109936
Concrete,90,90.09447,2.3,0.051463099715869584
Concrete,90,90.010802,2.3,0.05157469999678502
Concrete,90,89.943559,2.3,0.05166460544884536
Concrete,90,89.423302,2.3,0.05236568578809264
Concrete,90,89.550517,2.3,0.05219337313131894
Concrete,90,91.47959,2.3,0.04965142496565747
Concrete,90,89.891463,2.3,0.051734344044690246
Concrete,90,89.214204,2.3,0.05265024157602281
Concrete,90,89.483702,2.3,0.05228378479109589
Concrete,90,91.100371,2.3,0.05014020719915637
Concrete,90,90.675607,2.3,0.0506945149608788
Concrete,90,90.560329,2.3,0.05084602219977415
Concrete,90,89.742479,2.3,0.051934412826866005
Concrete,90,90.573362,2.3,0.050828894235314455
Concrete,90,89.356439,2.3,0.05245650897000967
Concrete,90,89.740386,2.3,0.0519372060195793
Concrete,90,90.969804,2.3,0.050309819088201056
Concrete,90,90.874278,2.3,0.05043444803313874
Concrete,90,89.01809,2.3,0.052918546266595916
Concrete,90,89.144474,2.3,0.05274546261427593
Concrete,90,90.108702,2.3,0.05144414005414485
Concrete,90,91.726132,2.3,0.049336345998483126
Concrete,90,88.084435,2.3,0.05422794067015658
Concrete,90,90.278333,2.3,0.051218696491095124
Concrete,90,88.623957,2.3,0.053465459868692326
Concrete,90,89.365669,2.3,0.05244392917870937
Concrete,90,89.635572,2.3,0.05207840754276563
Concrete,90,89.579492,2.3,0.05215419739017939
Concrete,90,89.466204,2.3,0.05230749028948832
Concrete,90,90.007207,2.3,0.05157947579544355
Concrete,90,89.464744,2.3,0.052309489170929827
Concrete,90,88.537543,2.3,0.05358683949249149
Concrete,90,90.77987,2.3,0.05055789731864471
Concrete,90,90.752872,2.3,0.05059316431377202
Concrete,90,90.843174,2.3,0.0504751078739974
Concrete,90,88.459266,2.3,0.05369702310317166
Concrete,90,90.298918,2.3,0.051191423781988786
Concrete,90,90.675979,2.3,0.0506940801336668
Concrete,90,88.968798,2.3,0.0529861824946622
Concrete,90,90.009173,2.3,0.05157690298006255
Concrete,90,89.883733,2.3,0.051744657526624785
Concrete,90,91.842151,2.3,0.049188948062545715
Concrete,90,91.924496,2.3,0.04908458809668078
Concrete,90,88.335644,2.3,0.05387148240244026
Concrete,90,92.493927,2.3,0.0483696499235155
Concrete,90,89.084774,2.3,0.05282716122633811
Concrete,90,90.980673,2.3,0.050295771559151894
Concrete,90,90.970498,2.3,0.05030896190302081
Concrete,90,89.00431,2.3,0.05293748295018706
Concrete,90,90.493268,2.3,0.05093440254233435
Concrete,90,89.892466,2.3,0.051732959710681765
Concrete,90,90.55433,2.3,0.05085396526957781
Concrete,90,90.230672,2.3,0.051281951999338556
Concrete,90,91.196339,2.3,0.05001603152114348
Concrete,90,90.0754,2.3,0.05148854119073496
Concrete,90,89.832126,2.3,0.051813880055952055
Concrete,90,91.096064,2.3,0.05014575218345939
Concrete,90,90.580396,2.3,0.050819609737050624
Concrete,90,90.731813,2.3,0.05062080396333738
Concrete,90,89.335413,2.3,0.05248510462482857
Concrete,90,88.954737,2.3,0.053005601492414026
Concrete,90,89.432278,2.3,0.05235349194650621
Concrete,90,89.379179,2.3,0.05242558124517019
Concrete,90,90.786199,2.3,0.050549588448699403
Concrete,90,90.975984,2.3,0.05030186632100999
Concrete,90,89.84487,2.3,0.051796834761613696
Concrete,90,91.430919,2.3,0.04971386887354757
Concrete,90,91.368469,2.3,0.04979412660842067
Concrete,90,90.243399,2.3,0.051265072239421706
Concrete,90,89.178108,2.3,0.05269954817522661
Concrete,90,91.575377,2.3,0.0495286608636183
Concrete,90,89.938983,2.3,0.05167072766910052
Concrete,90,90.126165,2.3,0.051420845245988334
Concrete,90,89.660395,2.3,0.052044991174915275
Concrete,90,89.11021,2.3,0.052792333728905544
Concrete,90,88.531361,2.3,0.0535954649749398
Concrete,90,90.632868,2.3,0.05075063660980979
Concrete,90,89.216599,2.3,0.052646935880435994
Concrete,90,93.059531,2.3,0.0476710585445425
Concrete,90,88.913926,2.3,0.05306177612888318
Concrete,90,88.742618,2.3,0.053299428932092933
Concrete,90,90.510139,2.3,0.05091218544797518
Concrete,90,91.529313,2.3,0.049587687648565165
Concrete,90,90.06459,2.3,0.051502954835452856
Concrete,90,90.572242,2.3,0.050830398388888774
Concrete,90,88.156453,2.3,0.05412552533835226
Concrete,90,89.322488,2.3,0.05250266704495557
Concrete,90,88.926384,2.3,0.05304454816410604
Concrete,90,88.104954,2.3,0.054198704278192296
Concrete,90,90.11698,2.3,0.051433119312441905
Concrete,90,87.757172,2.3,0.05469592423276879
Concrete,90,88.677804,2.3,0.05338996245035346
Concrete,90,89.462806,2.3,0.052312115460071626
Concrete,90,89.168714,2.3,0.05271235883763149
Concrete,90,90.396409,2.3,0.051062356036162534
Concrete,90,90.30558,2.3,0.0511825595053932
Concrete,90,90.893799,2.3,0.05040898694137107
Concrete,90,90.752384,2.3,0.050593847136725725
Concrete,90,91.140813,2.3,0.050087844932800114
Concrete,90,89.998082,2.3,0.05159173395449852
Concrete,90,90.303467,2.3,0.05118537263584526
Concrete,90,90.511514,2.3,0.05091036411782246
Concrete,90,90.141657,2.3,0.0514002956672071
Concrete,90,89.602806,2.3,0.05212267097482822
Concrete,90,89.667557,2.3,0.0520353394982103
Concrete,90,89.182442,2.3,0.052693617023367695
Concrete,90,90.421617,2.3,0.05102898505177539
Concrete,90,89.905985,2.3,0.051714910014252574
Concrete,90,89.336826,2.3,0.05248317411400008
Concrete,90,89.337755,2.3,0.05248188622074731
Concrete,90,88.789601,2.3,0.053233869737754874
Concrete,90,90.978841,2.3,0.05029815867976405
Concrete,90,90.078618,2.3,0.05148422764430534
Concrete,90,89.1372,2.3,0.05275544060079692
Concrete,90,90.808548,2.3,0.0505203355576943
Concrete,90,89.439551,2.3,0.0523436418575914
Concrete,90,88.593499,2.3,0.05350817809442193
Concrete,90,91.021222,2.3,0.05024301116452298
Concrete,90,89.462903,2.3,0.05231197768264647
Concrete,90,89.591101,2.3,0.052138487063763325
Concrete,90,90.04118,2.3,0.051534146950141954
Concrete,90,91.142589,2.3,0.05008555731357991
Concrete,90,90.020037,2.3,0.05156234300191848
Concrete,90,88.800883,2.3,0.05321813527094969
Concrete,90,90.543877,2.3,0.05086772316155908
Concrete,90,89.51501,2.3,0.052241475670095315
Concrete,90,91.887924,2.3,0.04913090204416534
Concrete,90,89.99888,2.3,0.05159059880820394
Concrete,90,87.764965,2.3,0.05468477034581113
Concrete,90,90.357365,2.3,0.05111396882715735
Concrete,90,91.944598,2.3,0.049059203697932076
Concrete,90,91.57592,2.3,0.049528023889740154
Concrete,90,91.830954,2.3,0.04920316124895423
Concrete,90,88.98024,2.3,0.05297052039852287
Concrete,90,90.912152,2.3,0.05038500265263332
Concrete,90,89.278005,2.3,0.05256326788739054
Concrete,90,90.224289,2.3,0.05129045869853519
Concrete,90,88.727048,2.3,0.05332118604703161
Concrete,90,89.355544,2.3,0.05245771141004614
Concrete,90,89.323753,2.3,0.052500911598430886
Concrete,90,90.898555,2.3,0.05040279608647715
Concrete,90,90.800719,2.3,0.05053059037377913
Concrete,90,90.27682,2.3,0.05122070233852467
Concrete,90,88.649579,2.3,0.053429510653489734
Concrete,90,89.688361,2.3,0.05200732935597572
Concrete,90,89.253884,2.3,0.0525961346454727
Concrete,90,90.869676,2.3,0.050440467185150745
Concrete,90,91.178185,2.3,0.050039495515717625
Concrete,90,91.056386,2.3,0.05019728499561775
Concrete,90,89.244781,2.3,0.0526085141265768
Concrete,90,87.260467,2.3,0.05541429410002808
Concrete,90,88.233038,2.3,0.05401680334078667
Concrete,90,91.421627,2.3,0.04972583983300647
Concrete,90,89.598745,2.3,0.0521282333118228
Concrete,90,89.249275,2.3,0.05260238550239772
Concrete,90,91.64266,2.3,0.04944273136738008
Concrete,90,91.26516,2.3,0.04992717816192139
Concrete,90,90.024449,2.3,0.05155649099648775
Concrete,90,89.706597,2.3,0.05198270128779059
Concrete,90,89.867899,2.3,0.05176588012170956
Concrete,90,90.227163,2.3,0.051286613145916586
Concrete,90,91.600047,2.3,0.049497187759813786
Concrete,90,90.422467,2.3,0.05102787707033316
Concrete,90,90.726029,2.3,0.05062839159823997
Concrete,90,91.16927,2.3,0.050051051200481804
Concrete,90,88.830324,2.3,0.053177163917571824
Concrete,90,90.754862,2.3,0.0505906156328661
Concrete,90,89.705431,2.3,0.051984263350334875
Concrete,90,87.483905,2.3,0.055089894180788135
Concrete,90,87.87183,2.3,0.05453150115148632
Concrete,90,88.981882,2.3,0.05296824560013701
Concrete,90,90.531223,2.3,0.05088438447549116
Concrete,90,90.1138,2.3,0.05143733930362192
Concrete,90,90.184367,2.3,0.05134342135287615
Concrete,90,91.950943,2.3,0.049051175095777375
Concrete,90,88.73091,2.3,0.05331578563005078
Concrete,90,89.972567,2.3,0.05162581070034592
Concrete,90,90.304436,2.3,0.051184067631889506
Concrete,90,89.263727,2.3,0.052582707346327015
Concrete,90,90.028327,2.3,0.0515513060244747
Concrete,90,88.400051,2.3,0.05378050943048448
Concrete,90,91.409906,2.3,0.04974086112944035
Concrete,90,89.318385,2.3,0.05250830365758342
Concrete,90,92.0314,2.3,0.048949509769746546
Concrete,90,89.967526,2.3,0.05163253016727584
Concrete,90,91.028054,2.3,0.050234115586336045
Concrete,90,89.946697,2.3,0.05166038486472497
Concrete,90,89.969256,2.3,0.051630208213870196
Concrete,90,89.415971,2.3,0.05237568307314494
Concrete,90,90.119124,2.3,0.05143027824277018
Concrete,90,90.317999,2.3,0.05116612934951889
Concrete,90,89.215741,2.3,0.052648137171060004
Concrete,90,89.874956,2.3,0.051756505535132516
Concrete,90,89.389901,2.3,0.05241105604202802
Concrete,90,92.299664,2.3,0.04861222387224001
Concrete,90,89.910269,2.3,0.05170916340069899
Concrete,90,91.545232,2.3,0.04956731623861403
Concrete,90,89.804378,2.3,0.05185119075249367
Concrete,90,90.259288,2.3,0.051244000911334284
Concrete,90,88.678636,2.3,0.05338879557509968
Concrete,90,89.552927,2.3,0.05219011167777661
Concrete,90,90.210535,2.3,0.05130874582357255
Concrete,90,91.586004,2.3,0.049515103883354755
Concrete,90,90.221983,2.3,0.05129347282483896
Concrete,90,91.38372,2.3,0.04977446589605967
Concrete,90,90.640729,2.3,0.050740307925126994
Concrete,90,91.627401,2.3,0.049462191820967054
Concrete,90,89.940958,2.3,0.05166809602083399
Concrete,90,92.390223,2.3,0.04849891001288785
Concrete,90,89.514604,2.3,0.052241949812657354
Concrete,90,89.233538,2.3,0.052623861812108874
Concrete,90,88.789947,2.3,0.05323345825614231
Concrete,90,92.331025,2.3,0.04857291834010821
Concrete,90,90.819448,2.3,0.05050604190480757
Concrete,90,89.665879,2.3,0.05203756782579247
Steel,25,26.249023,7.86,0.36715016920331206
Steel,25,25.687692,7.86,0.3867107701099499
Steel,25,26.966127,7.86,0.3433468960280368
Steel,25,23.452167,7.86,0.48137046112718995
Steel,25,24.73464,7.86,0.42248573942331885
Steel,25,24.537479,7.86,0.43031071062282467
Steel,25,23.026317,7.86,0.5043696025596128
Steel,25,26.060327,7.86,0.37360945928520106
Steel,25,24.729603,7.86,0.42268544870766406
Steel,25,25.739631,7.86,0.3848562260171969
Steel,25,27.359772,7.86,0.3306586626686025
Steel,25,24.646756,7.86,0.4259761735568865
Steel,25,24.578847,7.86,0.4286628594148812
Steel,25,25.118664,7.86,0.40756479581975363
Steel,25,25.987247,7.86,0.37614263973759604
Steel,25,24.433287,7.86,0.43449223399848946
Steel,25,24.369038,7.86,0.43709752533024265
Steel,25,26.057189,7.86,0.3737183367868536
Steel,25,25.378639,7.86,0.3978697774792046
Steel,25,22.955272,7.86,0.5082990812380722
Steel,25,23.774608,7.86,0.4645420146858056
Steel,25,26.501236,7.86,0.3587055804458553
Steel,25,25.401928,7.86,0.3970176211464096
Steel,25,24.237804,7.86,0.44252713214776374
Steel,25,24.82959,7.86,0.4187348362827639
Steel,25,25.013237,7.86,0.41159434963551944
Steel,25,25.735733,7.86,0.38499592686580075
Steel,25,23.641737,7.86,0.4714078473523311
Steel,25,24.159051,7.86,0.445819218477978
Steel,25,25.272956,7.86,0.4017725898294068
Steel,25,24.900165,7.86,0.41596704038118393
Steel,25,25.571859,7.86,0.3908589194374387
Steel,25,23.770493,7.86,0.46475284354988794
Steel,25,25.357129,7.86,0.39866021302191107
Steel,25,26.091584,7.86,0.3725314557370434
Steel,25,25.486819,7.86,0.3939328805636329
Steel,25,25.139112,7.86,0.40678882786006987
Steel,25,24.904116,7.86,0.41581267657975707
Steel,25,24.165149,7.86,0.44556296880956126
Steel,25,24.928001,7.86,0.4148799969191096
Steel,25,26.259706,7.86,0.36678737061934424
Steel,25,24.880971,7.86,0.41671753714305915
Steel,25,24.110196,7.86,0.4478724828752332
Steel,25,24.507753,7.86,0.4314989706835637
Steel,25,25.20085,7.86,0.4044571087565468
Steel,25,24.626486,7.86,0.42677606463007045
Steel,25,25.485303,7.86,0.3939877025135277
Steel,25,25.522844,7.86,0.3926285566590056
Steel,25,25.888983,7.86,0.37957621485781295
Steel,25,26.423559,7.86,0.3612770349215788
Steel,25,25.995859,7.86,0.3758428282736351
Steel,25,24.065761,7.86,0.44990889783092275
Steel,25,24.096466,7.86,0.44845219687877663
Steel,25,24.924229,7.86,0.41502781637328473
Steel,25,24.548825,7.86,0.4298580827666378
Steel,25,23.861673,7.86,0.4601101538547644
Steel,25,24.558308,7.86,0.429479361164885
Steel,25,24.525487,7.86,0.43079026363604406
Steel,25,24.328152,7.86,0.4387827708696688
Steel,25,24.684211,7.86,0.4244917011897862
Steel,25,26.178451,7.86,0.36955263164923313
Steel,25,25.199238,7.86,0.4045173850535346
Steel,25,27.471809,7.86,0.3271216143098737
Steel,25,25.170508,7.86,0.4055994128285792
Steel,25,24.709934,7.86,0.4234669819521209
Steel,25,25.004133,7.86,0.41194298614605546
Steel,25,25.256492,7.86,0.40238334716018165
Steel,25,25.435254,7.86,0.39580339720042024
Steel,25,27.076711,7.86,0.3397597377086488
Steel,25,24.15468,7.86,0.4460015444300061
Steel,25,25.859046,7.86,0.38062789778160366
Steel,25,25.207751,7.86,0.40419928289828966
Steel,25,23.428902,7.86,0.4826073942146002
Steel,25,25.770699,7.86,0.38375167523967707
Steel,25,26.267624,7.86,0.3665189930565533
Steel,25,24.142824,7.86,0.446500284778288
Steel,25,24.991066,7.86,0.4124454412251629
Steel,25,23.274646,7.86,0.49087623721510243
Steel,25,23.741194,7.86,0.4662564424746539
Steel,25,26.04803,7.86,0.37403480204758355
Steel,25,24.533583,7.86,0.4304658887030775
Steel,25,23.891197,7.86,0.4586206604188434
Steel,25,25.22946,7.86,0.4033896346538061
Steel,25,24.477588,7.86,0.4327093516270081
Steel,25,24.529178,7.86,0.4306419903932869
Steel,25,25.739326,7.86,0.3848669174900916
Steel,25,23.838267,7.86,0.46129656754922765
Steel,25,24.094635,7.86,0.44852960840853023
Steel,25,25.15408,7.86,0.40622110632041414
Steel,25,25.96941,7.86,0.37676323145059304
Steel,25,26.23816,7.86,0.36751838531639924
Steel,25,24.334938,7.86,0.43850139161743923
Steel,25,25.937377,7.86,0.3778806811147757
Steel,25,24.215858,7.86,0.44344181415079664
Steel,25,26.826209,7.86,0.34791331880245197
Steel,25,23.866229,7.86,0.4598811685425429
Steel,25,26.328479,7.86,0.3644634448054542
Steel,25,24.343514,7.86,0.4381487639433743
Steel,25,27.013246,7.86,0.3418191553967815
Steel,25,25.591321,7.86,0.39015950255803616
Steel,25,23.983983,7.86,0.45396671016056833
Steel,25,24.477762,7.86,0.43270228637809455
Steel,25,25.781181,7.86,0.38337936943379386
Steel,25,26.052644,7.86,0.3738754789559981
Steel,25,24.929284,7.86,0.4148299481446054
Steel,25,25.044658,7.86,0.41038814556572495
Steel,25,25.758353,7.86,0.3841907397875266
Steel,25,25.131798,7.86,0.4070658212222273
Steel,25,23.706495,7.86,0.46804331337782157
Steel,25,24.187026,7.86,0.4446463219695446
Steel,25,25.23512,7.86,0.40317838366227976
Steel,25,26.215482,7.86,0.36828910167317225
Steel,25,26.615982,7.86,0.35488690020228664
Steel,25,25.779529,7.86,0.3834380250573848
Steel,25,25.287291,7.86,0.40124061100876646
Steel,25,25.748814,7.86,0.3845293223681646
Steel,25,24.333249,7.86,0.4385715743991604
Steel,25,24.846769,7.86,0.4180592241415458
Steel,25,24.175869,7.86,0.44511344869813235
Steel,25,23.751257,7.86,0.4657384946023373
Steel,25,25.333549,7.86,0.39952925221481483
Steel,25,25.185513,7.86,0.4050326725276479
Steel,25,25.687652,7.86,0.3867119961506577
Steel,25,25.546112,7.86,0.3917874291499784
Steel,25,25.242644,7.86,0.4028985967614611
Steel,25,25.556617,7.86,0.39140821026125155
Steel,25,24.957317,7.86,0.41374675247553194
Steel,25,25.412891,7.86,0.39661754679784217
Steel,25,24.273856,7.86,0.4410295030173271
Steel,25,25.369706,7.86,0.39819789704271275
Steel,25,25.668418,7.86,0.3873985191296439
Steel,25,24.330319,7.86,0.4386929209388849
Steel,25,25.051832,7.86,0.4101147595051821
Steel,25,24.376397,7.86,0.43679436005527883
Steel,25,24.473493,7.86,0.43287415569238774
Steel,25,23.875071,7.86,0.45943406721879776
Steel,25,26.265775,7.86,0.3665814505112958
Steel,25,26.065685,7.86,0.3734246237944162
Steel,25,25.537434,7.86,0.39210125381201494
Steel,25,26.972196,7.86,0.34314923179000933
Steel,25,24.810754,7.86,0.41947569538199
Steel,25,28.031762,7.86,0.3100306655121909
Steel,25,24.772471,7.86,0.4209863980536822
Steel,25,25.255193,7.86,0.4024318374356954
Steel,25,24.602222,7.86,0.42773432454026633
Steel,25,25.372326,7.86,0.3981012793891165
Steel,25,25.835615,7.86,0.38145394158836177
Steel,25,24.886084,7.86,0.4165178969419958
Steel,25,26.77672,7.86,0.3495431998173067
Steel,25,25.239149,7.86,0.40302735506327625
Steel,25,25.270485,7.86,0.4018638531363523
Steel,25,24.091002,7.86,0.4486834405121417
Steel,25,25.418499,7.86,0.39641353055474704
Steel,25,24.865973,7.86,0.41730602020605273
Steel,25,24.39176,7.86,0.4361694508073664
Steel,25,24.223526,7.86,0.44312139709608955
Steel,25,27.671763,7.86,0.32090831169041745
Steel,25,24.736523,7.86,0.4224107328607061
Steel,25,23.543015,7.86,0.47657963239197
Steel,25,24.301779,7.86,0.43987180576481916
Steel,25,24.948432,7.86,0.41408841142632663
Steel,25,25.546667,7.86,0.39176713523536444
Steel,25,25.554797,7.86,0.39147406377143806
Steel,25,25.676615,7.86,0.38710631227063136
Steel,25,24.35514,7.86,0.4376700083274519
Steel,25,25.34044,7.86,0.399275498988729
Steel,25,24.123941,7.86,0.44729344157722184
Steel,25,24.380357,7.86,0.4366322619937818
Steel,25,24.082291,7.86,0.4490921948335761
Steel,25,23.811611,7.86,0.46265256117628845
Steel,25,26.064209,7.86,0.3734756774061675
Steel,25,25.688612,7.86,0.3866779349835951
Steel,25,25.976665,7.86,0.3765105612701423
Steel,25,25.039313,7.86,0.41059305019968656
Steel,25,25.776808,7.86,0.38353447818574926
Steel,25,23.238711,7.86,0.4928089760892704
Steel,25,25.863088,7.86,0.3804856304448027
Steel,25,25.17712,7.86,0.40534962821246523
Steel,25,25.62711,7.86,0.3888749333408931
Steel,25,25.380023,7.86,0.3978186949008143
Steel,25,24.012945,7.86,0.45252598418815915
Steel,25,23.50196,7.86,0.4787391215526095
Steel,25,24.287946,7.86,0.440444277306651
Steel,25,25.564917,7.86,0.39110971022219043
Steel,25,25.690091,7.86,0.38662433120845874
Steel,25,23.632058,7.86,0.47191322178239103
Steel,25,24.018901,7.86,0.4522298860184999
Steel,25,24.276764,7.86,0.44090779164692817
Steel,25,24.642695,7.86,0.4261367507652307
Steel,25,23.637949,7.86,0.4716056963386594
Steel,25,23.577948,7.86,0.4747477674167244
Steel,25,24.178165,7.86,0.44501707705334703
Steel,25,25.086254,7.86,0.408799827182373
Steel,25,23.819406,7.86,0.4622547404345933
Steel,25,24.884196,7.86,0.41659170789673694
Steel,25,26.058553,7.86,0.37367106729813077
Steel,25,23.69822,7.86,0.4684729056612442
Steel,25,24.793554,7.86,0.4201539805335576
Steel,25,26.024757,7.86,0.37483984756169936
Steel,25,24.581732,7.86,0.4285473116407007
Steel,25,24.42633,7.86,0.4347726263006946
Steel,25,26.163496,7.86,0.3700629283200107
Steel,25,24.693798,7.86,0.4241095326707245
Steel,25,26.104495,7.86,0.3720871703988719
Steel,25,25.428965,7.86,0.3960330909423133
Steel,25,24.657155,7.86,0.4255669391967356
Steel,25,25.479691,7.86,0.39419103604182393
Steel,25,25.32045,7.86,0.400013300032818
Steel,25,26.020883,7.86,0.3749748719280305
Steel,25,24.451654,7.86,0.43375208502048235
Steel,25,25.041206,7.86,0.41052120605950626
Steel,25,24.938484,7.86,0.4144725360936238
Steel,25,25.704148,7.86,0.3861212245195831
Steel,25,23.974821,7.86,0.45442489327856217
Steel,25,26.016977,7.86,0.3751093787715857
Steel,25,25.466329,7.86,0.39467567339365617
Steel,25,23.683075,7.86,0.46925724279314
Steel,25,26.208263,7.86,0.3685350763964376
Steel,25,27.234093,7.86,0.3346723418241496
Steel,25,26.001834,7.86,0.3756356376362209
Steel,25,26.426985,7.86,0.3611623085241274
Steel,25,25.085371,7.86,0.4088339074923079
Steel,25,23.338495,7.86,0.4874380949615343
Steel,25,23.15588,7.86,0.4972838353854445
Steel,25,25.255082,7.86,0.40243564488540634
Steel,25,24.408021,7.86,0.4355120019266304
Steel,25,24.085424,7.86,0.4489375825760905
Steel,25,24.937253,7.86,0.4145209720044553
Steel,25,25.615585,7.86,0.389287402753564
Steel,25,23.547242,7.86,0.4763570393167131
Steel,25,24.551122,7.86,0.42976556523708004
Steel,25,26.509871,7.86,0.35842287638582315
Steel,25,23.924712,7.86,0.4569347523211287
Steel,25,25.869761,7.86,0.38025180783546086
Steel,25,24.515269,7.86,0.43119872420979805
Steel,25,25.545794,7.86,0.3917988395342046
Steel,25,26.097328,7.86,0.37233383297626244
Steel,25,25.741282,7.86,0.38479708425560294
Steel,25,25.90916,7.86,0.3788676804141823
Steel,25,23.848406,7.86,0.46078217721724335
Steel,25,26.11366,7.86,0.3717719338958618
Steel,25,24.147307,7.86,0.4463117616041275
Steel,25,25.259542,7.86,0.4022701998254465
Steel,25,25.258246,7.86,0.40231811990126254
Steel,25,25.485123,7.86,0.39399462942058466
Steel,25,25.336957,7.86,0.3994040902224867
Steel,25,24.15619,7.86,0.4459384071836753
Steel,25,23.650133,7.86,0.47097018297460314
Steel,25,25.872349,7.86,0.38016007774278116
Steel,25,25.185835,7.86,0.40502086293719913
Steel,25,26.149377,7.86,0.37054655648219076
Steel,25,24.955267,7.86,0.4138254657042863
Steel,25,23.594836,7.86,0.4738611380785548
Steel,25,25.96613,7.86,0.3768777719264203
Steel,25,24.629629,7.86,0.4266520389395496
Steel,25,25.342003,7.86,0.39921771239634707
Steel,25,24.352541,7.86,0.43777695496669655
Steel,25,26.644302,7.86,0.3539372507534316
Steel,25,24.123435,7.86,0.44731552355773263
Steel,25,24.66257,7.86,0.4253545300458697
Steel,25,25.107449,7.86,0.40799220219502075
Steel,25,23.907818,7.86,0.4577825013926642
Steel,25,25.33052,7.86,0.3996409541254962
Steel,25,26.61191,7.86,0.35502372567039026
Steel,25,24.509538,7.86,0.4314275778714265
Steel,25,25.395143,7.86,0.39726503306445476
Steel,25,22.250565,7.86,0.5490266119146461
Steel,25,24.961071,7.86,0.41360147386685875
Steel,25,24.686958,7.86,0.42438209428439705
Steel,25,24.181502,7.86,0.4448780180583948
Steel,25,26.08145,7.86,0.3728804021396638
Steel,25,24.673756,7.86,0.4249085914532995
Steel,25,24.822523,7.86,0.41901315179311055
Steel,25,24.622807,7.86,0.42692099669927175
Steel,25,23.083184,7.86,0.5012472738790653
Steel,25,23.868014,7.86,0.45979038712297016
Steel,25,25.961093,7.86,0.3770533493019586
Steel,25,22.890049,7.86,0.5119362739855573
Steel,25,24.233685,7.86,0.4426987473076377
Steel,25,24.60028,7.86,0.4278123279275013
Steel,25,26.743622,7.86,0.35063690824605354
Steel,25,25.768604,7.86,0.38382556507041593
Steel,25,24.442829,7.86,0.4341067638967
Steel,25,26.304514,7.86,0.36527185137625157
Steel,25,24.259484,7.86,0.44162552181606823
Steel,25,26.0091,7.86,0.3753830803094003
Steel,25,23.641123,7.86,0.471440272025868
Steel,25,26.073258,7.86,0.373163258557628
Steel,25,24.593866,7.86,0.42806573375327545
Steel,25,23.971496,7.86,0.4545911624981698
Steel,25,24.782856,7.86,0.4205759324582268
Steel,25,25.277344,7.86,0.40160850372178
Steel,25,24.505252,7.86,0.4315995069000358
Steel,25,25.553954,7.86,0.39150513756981914
Steel,25,24.417006,7.86,0.43514887630647164
Steel,25,25.620372,7.86,0.3891150473100086
Steel,25,25.442222,7.86,0.39555028847389834
Steel,25,24.939077,7.86,0.41445061808166656
Steel,25,24.558618,7.86,0.4294680500050356
Steel,25,25.151541,7.86,0.4063181807886097
Steel,25,25.550254,7.86,0.3916380747955624
Steel,25,27.061799,7.86,0.34024641507899445
Steel,25,25.93942,7.86,0.37780995144443535
Steel,25,25.97599,7.86,0.3765335308235
Steel,25,28.088512,7.86,0.30835079086255684
Steel,25,25.515958,7.86,0.3928783577867347
Steel,25,25.484644,7.86,0.39401112684456774
Steel,25,25.704015,7.86,0.3861263975189064
Steel,25,23.991034,7.86,0.45361611643288047
Steel,25,24.556098,7.86,0.4295681479001205
Steel,25,24.493831,7.86,0.4320567995296718
Steel,25,25.647614,7.86,0.3881410743624089
Steel,25,24.825825,7.86,0.4188824761947931
Steel,25,25.138223,7.86,0.40682192264189554
Steel,25,26.087455,7.86,0.3726738465841557
Steel,25,25.863151,7.86,0.380483785956052
Steel,25,24.838279,7.86,0.41839274350852174
Steel,25,24.330005,7.86,0.4387052460025297
Steel,25,26.135275,7.86,0.3710299036044282
Steel,25,25.773891,7.86,0.38363773688490643
Steel,25,23.393743,7.86,0.4844795662439705
Steel,25,24.686846,7.86,0.42438570749928706
Steel,25,25.165515,7.86,0.40578859419226304
Steel,25,25.77883,7.86,0.38346293411110216
Steel,25,25.910101,7.86,0.3788354341296896
Steel,25,25.283906,7.86,0.4013659876440325
Steel,25,25.585248,7.86,0.39037738700991115
Steel,25,25.064137,7.86,0.4096441939200744
Steel,25,24.326148,7.86,0.4388643940373163
Steel,25,24.738736,7.86,0.4223229884345001
Steel,25,25.018991,7.86,0.4113727796763019
Steel,25,24.965321,7.86,0.41343750598356266
Steel,25,23.114427,7.86,0.49953935337361505
Steel,25,24.602517,7.86,0.4277230332526941
Steel,25,25.056206,7.86,0.4099467480716682
Steel,25,24.71863,7.86,0.4231210273497813
Steel,25,24.753176,7.86,0.42175028454835706
Steel,25,25.487991,7.86,0.39389062251469525
Steel,25,23.921043,7.86,0.4571184989654154
Steel,25,23.371958,7.86,0.48564412822851494
Steel,25,24.65183,7.86,0.4257763744818603
Steel,25,25.764114,7.86,0.38398546005830814
Steel,25,26.687553,7.86,0.352496218680181
Steel,25,25.782128,7.86,0.38334610174330963
Steel,25,23.531736,7.86,0.47717177020099677
Steel,25,24.767633,7.86,0.4211787416854093
Steel,25,25.256634,7.86,0.4023778867317769
Steel,25,25.177591,7.86,0.4053314362645735
Steel,25,25.539305,7.86,0.39203289432273075
Steel,25,24.082951,7.86,0.4490597153545237
Steel,25,25.064943,7.86,0.4096126369818962
Steel,25,25.420323,7.86,0.39634677309578914
Steel,25,25.825671,7.86,0.38180503834815344
Steel,25,24.194282,7.86,0.4443431759995503
Steel,25,24.654843,7.86,0.4256575594680684
Steel,25,22.296182,7.86,0.5462975220078893
Steel,25,24.378538,7.86,0.43670744983229204
Steel,25,24.475585,7.86,0.43278885806338097
Steel,25,23.980415,7.86,0.45414498396232417
Steel,25,25.165612,7.86,0.4057847295757601
Steel,25,24.944055,7.86,0.41425878059502524
Steel,25,22.740786,7.86,0.5203620735185456
Steel,25,25.215508,7.86,0.4039101481269175
Steel,25,24.071676,7.86,0.4496168044436513
Steel,25,25.485689,7.86,0.3939736175024552
Steel,25,23.718149,7.86,0.4674415450609954
Steel,25,25.030007,7.86,0.410950386298185
Steel,25,24.716837,7.86,0.4231928174997294
Steel,25,25.303102,7.86,0.40065497642289916
Steel,25,25.124697,7.86,0.4073360385094128
Steel,25,24.744836,7.86,0.4220806059140548
Steel,25,23.463728,7.86,0.48075857512629655
Steel,25,23.522792,7.86,0.4776405523393077
Steel,25,24.416113,7.86,0.4351851823573611
Steel,25,24.99172,7.86,0.4124204754045123
Steel,25,24.391752,7.86,0.43616991132456234
Steel,25,25.625212,7.86,0.3889419504794347
Steel,25,24.720779,7.86,0.42303529114410066
Steel,25,24.034987,7.86,0.45143113536379226
Steel,25,24.721904,7.86,0.4229909852498849
Steel,25,25.22586,7.86,0.40352351653780977
Steel,25,25.324885,7.86,0.39985008687699153
Steel,25,26.878379,7.86,0.3462026261081815
Steel,25,24.331091,7.86,0.4386605124806229
Steel,25,24.926521,7.86,0.4149381913528207
Steel,25,25.426124,7.86,0.39613624143255616
Steel,25,24.976577,7.86,0.4130031442734064
Steel,25,24.499382,7.86,0.43183505220763096
Steel,25,23.450743,7.86,0.4814466821060447
Steel,25,24.489165,7.86,0.43224433171686333
Steel,25,23.926298,7.86,0.4568543572582955
Steel,25,23.273393,7.86,0.4909422158421489
Steel,25,24.204321,7.86,0.44392329975633776
Steel,25,23.952908,7.86,0.45552082418380396
Steel,25,25.583787,7.86,0.3904295192539355
Steel,25,25.601092,7.86,0.38980833322343766
Steel,25,24.096121,7.86,0.44846738501517913
Steel,25,24.739771,7.86,0.4222821051702155
Steel,25,23.141757,7.86,0.4980515104950479
Steel,25,24.50566,7.86,0.4315824768910127
Steel,25,25.398982,7.86,0.39712526110333596
Steel,25,25.824938,7.86,0.3818305203412796
Steel,25,24.286953,7.86,0.4404855347269837
Steel,25,26.051855,7.86,0.37390257619568623
Steel,25,23.484308,7.86,0.4796690927969318
Steel,25,23.752372,7.86,0.46568216773065396
Steel,25,25.709662,7.86,0.3859247327425575
Steel,25,26.671121,7.86,0.3530432533638638
Steel,25,25.493432,7.86,0.39369371442151385
Steel,25,24.959658,7.86,0.41365623921684763
Steel,25,22.804816,7.86,0.5167300876128528
Steel,25,22.977553,7.86,0.5070638208896072
Steel,25,25.12941,7.86,0.40715741226691043
Steel,25,24.641937,7.86,0.42616561610289894
Steel,25,23.894165,7.86,0.4584702350459594
Steel,25,25.065533,7.86,0.40959035790444964
Steel,25,25.115131,7.86,0.40770014820660194
Steel,25,25.944416,7.86,0.37763592535346924
Steel,25,25.136602,7.86,0.4068839983429648
Steel,25,26.228394,7.86,0.36784995391940856
Steel,25,25.007994,7.86,0.4117948116700915
Steel,25,24.884665,7.86,0.4165731562174182
Steel,25,26.064312,7.86,0.3734719380853942
Steel,25,24.021559,7.86,0.4520978571244089
Steel,25,27.814447,7.86,0.3165483833951011
Steel,25,25.375257,7.86,0.3979944233263907
Steel,25,25.380829,7.86,0.39778929370224525
Steel,25,25.525096,7.86,0.39254734006172726
Steel,25,26.877136,7.86,0.34624364256791507
Steel,25,25.792507,7.86,0.382977626543287
Steel,25,23.394944,7.86,0.4844161510777141
Steel,25,26.40347,7.86,0.36194713262928285
Steel,25,24.659103,7.86,0.42549001051507845
Steel,25,25.107155,7.86,0.40800298886240205
Steel,25,23.720746,7.86,0.46730813876763333
Steel,25,25.526202,7.86,0.39250662543276627
Steel,25,24.348626,7.86,0.43793779986597436
Steel,25,25.10017,7.86,0.40826883500608674
Steel,25,24.715901,7.86,0.4232301962516985
Steel,25,26.925013,7.86,0.3446825863281523
Steel,25,26.98226,7.86,0.34282368037978483
Steel,25,25.046513,7.86,0.4103182016605025
Steel,25,25.063978,7.86,0.40964957113058903
Steel,25,24.626557,7.86,0.42677342439069815
Steel,25,26.106006,7.86,0.37203565703758834
Steel,25,24.67108,7.86,0.4250148358608311
Steel,25,24.578663,7.86,0.42866938434885576
Steel,25,25.978593,7.86,0.3764436926805216
Steel,25,24.461701,7.86,0.43334692310686623
Steel,25,24.962245,7.86,0.41355609608770905
Steel,25,23.418689,7.86,0.4831498506133591
Steel,25,25.70419,7.86,0.3861202026133583
Steel,25,26.940867,7.86,0.3441674053076954
Steel,25,25.721225,7.86,0.38551208879033416
Steel,25,26.461799,7.86,0.36000599742412304
Steel,25,24.153898,7.86,0.44603536510884867
Steel,25,25.236324,7.86,0.4031338178094152
Steel,25,24.05684,7.86,0.45034930886844504
Steel,25,24.772234,7.86,0.420996758284889
Steel,25,25.772211,7.86,0.38369824179231893
Steel,25,25.101821,7.86,0.4082067638243445
Steel,25,23.587359,7.86,0.4742528854024929
Steel,25,23.684971,7.86,0.46915840949106696
Steel,25,23.618836,7.86,0.47260445704414683
Steel,25,25.491453,7.86,0.39376606158044675
Steel,25,27.063895,7.86,0.34017768338001536
Steel,25,26.362458,7.86,0.3633217376012155
Steel,25,23.104015,7.86,0.5001080196211023
Steel,25,26.421076,7.86,0.3613592248090771
Steel,25,25.9364,7.86,0.3779143116806087
Steel,25,23.4547,7.86,0.48123725809028656
Steel,25,24.696798,7.86,0.42398987756046325
Steel,25,26.095522,7.86,0.37239645873474325
Steel,25,25.550434,7.86,0.39163105374198287
Steel,25,23.690905,7.86,0.468850723995767
Steel,25,25.610742,7.86,0.38946129042164473
Steel,25,22.862499,7.86,0.5134799935304712
Steel,25,24.777178,7.86,0.42080069378358675
Steel,25,26.137957,7.86,0.3709378426543337
Steel,25,25.018394,7.86,0.41139570875055537
Steel,25,24.501062,7.86,0.43176697473239817
Steel,25,25.889346,7.86,0.37956349634221326
Steel,25,25.974752,7.86,0.3765768508908168
Steel,25,26.31004,7.86,0.36508515887611587
Steel,25,25.874342,7.86,0.3800898210414459
Steel,25,26.081375,7.86,0.37288316517126074
Steel,25,25.732909,7.86,0.38509550595358727
Steel,25,25.265529,7.86,0.4020478320026372
Steel,25,25.089509,7.86,0.40867582322117557
Steel,25,24.76274,7.86,0.4213719470690464
Steel,25,23.787632,7.86,0.46387603513415593
Steel,25,24.044688,7.86,0.45095010490002446
Steel,25,24.717986,7.86,0.42314676624950587
Steel,25,25.241452,7.86,0.4029430258757029
Steel,25,26.440813,7.86,0.36070063132127755
Steel,25,24.958203,7.86,0.4137118329420847
Steel,25,26.003476,7.86,0.37557837144949535
Steel,25,26.079316,7.86,0.3729543886897159
Steel,25,24.768553,7.86,0.4211409389810546
Steel,25,25.59469,7.86,0.3900383222291224
Steel,25,24.756472,7.86,0.4216193776319762
Steel,25,26.322136,7.86,0.3646774784840268
Steel,25,25.635843,7.86,0.3885614318363649
Steel,25,23.809516,7.86,0.46275902329750096
Steel,25,25.161525,7.86,0.40593886222726183
Steel,25,26.648112,7.86,0.35381062042678424
Steel,25,24.818769,7.86,0.41916036382618166
Steel,25,25.447715,7.86,0.3953504408672445
Steel,25,25.545879,7.86,0.39179579122261027
Steel,25,23.963377,7.86,0.45499698078063255
Steel,25,25.510708,7.86,0.39306809096667483
Steel,25,23.606165,7.86,0.4732668272113079
Steel,25,24.374376,7.86,0.4368786030817993
Steel,25,26.075723,7.86,0.3730781009011983
Steel,25,25.356756,7.86,0.3986744581802747
Steel,25,24.695522,7.86,0.4240401043928076
Steel,25,25.446461,7.86,0.39539623693592757
Steel,25,24.939908,7.86,0.41441846662396753
Steel,25,25.012579,7.86,0.4116194632305908
Steel,25,25.656819,7.86,0.38781164151628317
Steel,25,24.272632,7.86,0.4410797072723476
Steel,25,25.040336,7.86,0.41055485158277355
Steel,25,24.687732,7.86,0.4243509677879007
Steel,25,23.414397,7.86,0.4833791265611741
Steel,25,24.079544,7.86,0.44922828271663223
Steel,25,26.568206,7.86,0.3564940577898002
Steel,25,25.384723,7.86,0.3976459971910155
Steel,25,23.676412,7.86,0.4696033375642558
Steel,25,23.459646,7.86,0.4809734446839059
Steel,25,24.887836,7.86,0.41644910659013135
Steel,25,26.561187,7.86,0.3567307031519207
Steel,25,24.813242,7.86,0.4193782375443678
Steel,25,26.307,7.86,0.36518755586546053
Steel,25,25.351931,7.86,0.39885239394710476
Steel,25,25.47125,7.86,0.3944973257602887
Steel,25,23.664279,7.86,0.470233513508624
Steel,25,25.937523,7.86,0.37787545770873676
Steel,25,24.665068,7.86,0.4252552990256312
Steel,25,25.863092,7.86,0.3804861085782158
Steel,25,24.18583,7.86,0.44469662878227784
Steel,25,25.177049,7.86,0.4053525341488467
Steel,25,25.352003,7.86,0.3988497447903434
Steel,25,24.845967,7.86,0.4180908019744959
Steel,25,25.404545,7.86,0.3969225613602391
Steel,25,24.733603,7.86,0.4225263272425441
Steel,25,24.35094,7.86,0.43784227560694244
Steel,25,26.605483,7.86,0.3552396329131202
Steel,25,26.048953,7.86,0.3740029285964715
Steel,25,24.239135,7.86,0.4424719099749148
Steel,25,25.568444,7.86,0.3909821350470011
Steel,25,24.257321,7.86,0.44171605903090505
Steel,25,23.815315,7.86,0.4624634416094804
Steel,25,26.033809,7.86,0.37452693521488306
Steel,25,23.2959,7.86,0.489728317726755
Steel,25,25.926856,7.86,0.3782484804962514
Steel,25,24.747278,7.86,0.42198384908493153
Steel,25,24.788453,7.86,0.42035548330920386
Steel,25,25.409751,7.86,0.39673202784165534
Steel,25,25.581199,7.86,0.3905233085966641
Steel,25,24.173657,7.86,0.445206647045229
Steel,25,25.717726,7.86,0.38563694191791237
Steel,25,25.113371,7.86,0.4077664479669077
Steel,25,23.743945,7.86,0.4661134648550656
Steel,25,24.830126,7.86,0.4187138175608519
Steel,25,26.381279,7.86,0.3626897747606719
Steel,25,26.676595,7.86,0.35286112704664746
Steel,25,25.717348,7.86,0.38565079046658474
Steel,25,23.809657,7.86,0.46275290616041326
Steel,25,25.490607,7.86,0.39379615868545514
Steel,25,25.850861,7.86,0.38091657508655424
Steel,25,25.725708,7.86,0.385352224307856
Steel,25,25.784954,7.86,0.3832456170132843
Steel,25,25.363263,7.86,0.39843558881602675
Steel,25,24.927588,7.86,0.4148961294741818
Steel,25,24.391633,7.86,0.4361751538293913
Steel,25,23.102064,7.86,0.500213359491166
Steel,25,25.339642,7.86,0.399305128058695
Steel,25,25.186053,7.86,0.4050119378918731
Steel,25,25.557576,7.86,0.39137375531738744
Steel,25,23.662456,7.86,0.4703292678973658
Steel,25,25.645017,7.86,0.38823326867425056
Steel,25,27.054545,7.86,0.34048310657878456
Steel,25,25.07845,7.86,0.4090972061729822
Steel,25,24.938335,7.86,0.4144794453553054
Steel,25,25.309002,7.86,0.4004370793775947
Steel,25,27.032337,7.86,0.3412009584663189
Steel,25,23.976352,7.86,0.45434819948785515
Steel,25,25.203207,7.86,0.4043684550719533
Steel,25,24.200343,7.86,0.44408985722677924
Steel,25,24.452995,7.86,0.4336977097467742
Steel,25,24.95041,7.86,0.41401263822907425
Steel,25,26.347323,7.86,0.36382968671461835
Steel,25,26.800991,7.86,0.34874274328287347
Steel,25,25.448142,7.86,0.39533540739049033
Steel,25,24.623405,7.86,0.4268968287415742
Steel,25,27.492739,7.86,0.32646557028732026
Steel,25,24.572446,7.86,0.4289165724305939
Steel,25,24.428864,7.86,0.4346708585511095
Steel,25,23.225057,7.86,0.4935436786277375
Steel,25,26.396092,7.86,0.36219487689952606
Steel,25,25.968246,7.86,0.3768040309161264
Steel,25,27.417806,7.86,0.3288217349243725
Steel,25,23.610477,7.86,0.4730418004223341
Steel,25,26.458171,7.86,0.36012598468370627
Steel,25,25.070136,7.86,0.4094137140216946
Steel,25,25.8061,7.86,0.38249713097715654
Steel,25,23.352223,7.86,0.48670202145062685
Steel,25,26.468082,7.86,0.35979905890043284
Steel,25,25.786517,7.86,0.38319044678964925
Steel,25,24.96109,7.86,0.4136008416038098
Steel,25,25.645113,7.86,0.38823034572405374
Steel,25,24.234505,7.86,0.4426643069886938
Steel,25,24.42056,7.86,0.43500523138834996
Steel,25,24.536555,7.86,0.43034768469819656
Steel,25,23.147272,7.86,0.49775155918519315
Steel,25,25.861758,7.86,0.3805328699467888
Steel,25,26.191594,7.86,0.36910333206415097
Steel,25,24.298656,7.86,0.4400011212351135
Steel,25,25.348203,7.86,0.39898941923140974
Steel,25,24.73446,7.86,0.42249328175904405
Steel,25,25.328274,7.86,0.39972334154333716
Steel,25,24.372423,7.86,0.43695892774092365
Steel,25,24.116575,7.86,0.4476040136280611
Steel,25,26.052075,7.86,0.3738953576882961
Steel,25,24.936129,7.86,0.4145647985893121
Steel,25,27.022109,7.86,0.3415309608268828
Steel,25,25.04631,7.86,0.41032559876516306
Steel,25,24.073922,7.86,0.44950546604243036
Steel,25,26.226941,7.86,0.36789969134095296
Steel,25,25.6308,7.86,0.38874279219522734
Steel,25,25.726873,7.86,0.38531050810697104
Steel,25,26.190601,7.86,0.369136722299313
Steel,25,24.347204,7.86,0.4379966930495568
Steel,25,24.872747,7.86,0.41703944416424255
Steel,25,24.82855,7.86,0.41877576238436726
Steel,25,23.709253,7.86,0.46790089704794324
Steel,25,24.73641,7.86,0.4224151081705052
Steel,25,26.336379,7.86,0.36419821342076864
Steel,25,25.237338,7.86,0.4030956483078479
Steel,25,23.653939,7.86,0.47077231097062316
Steel,25,23.444161,7.86,0.48179539671208266
Steel,25,26.664776,7.86,0.3532552206466212
Steel,25,24.909681,7.86,0.41559456028238034
Steel,25,24.35259,7.86,0.43777430144888285
Steel,25,24.726008,7.86,0.4228283723595458
Steel,25,23.522692,7.86,0.4776462213580195
Steel,25,26.423095,7.86,0.3612918879368296
Steel,25,24.606947,7.86,0.4275487350832045
Steel,25,26.367402,7.86,0.36315562457440825
Steel,25,25.051652,7.86,0.41012073272056737
Steel,25,26.429532,7.86,0.36107766222818477
Steel,25,25.256694,7.86,0.40237565431185734
Steel,25,25.853233,7.86,0.38083273669245804
Steel,25,25.719093,7.86,0.38558843151162
Steel,25,25.623291,7.86,0.3890117073674549
Steel,25,25.347934,7.86,0.39899938542951585
Steel,25,24.767149,7.86,0.42119701355752864
Steel,25,26.915435,7.86,0.34499402853128136
Steel,25,24.093063,7.86,0.448596052213854
Steel,25,25.004308,7.86,0.41193698264768114
Steel,25,25.014886,7.86,0.41153043401872547
Steel,25,25.402441,7.86,0.39699908833538505
Steel,25,24.570527,7.86,0.42899232678217153
Steel,25,25.314746,7.86,0.40022428868620225
Steel,25,24.831157,7.86,0.4186731028863244
Steel,25,23.418047,7.86,0.4831841953896163
Steel,25,25.009552,7.86,0.41173558366239177
Steel,25,23.899435,7.86,0.4582045406414827
Steel,25,23.265614,7.86,0.4913645602490453
Steel,25,25.136873,7.86,0.4068736751795858
Steel,25,25.487883,7.86,0.3938942789433365
Steel,25,25.526698,7.86,0.3924886533052462
Steel,25,25.567171,7.86,0.39102776004183704
Steel,25,23.067411,7.86,0.5021116017290864
Steel,25,23.638983,7.86,0.47155177024679146
Steel,25,26.973521,7.86,0.34310653991228857
Steel,25,23.952791,7.86,0.45552638457039657
Steel,25,25.610841,7.86,0.3894580320534745
Steel,25,24.313062,7.86,0.4394049488156515
Steel,25,25.079673,7.86,0.40905026840351805
Steel,25,24.366746,7.86,0.43719169696272825
Steel,25,25.561541,7.86,0.3912308849286059
Steel,25,25.136774,7.86,0.4068773681375509
Steel,25,24.55171,7.86,0.42974256073787465
Steel,25,23.949828,7.86,0.45567468563825514
Steel,25,25.267774,7.86,0.40196445536429337
Steel,25,23.787281,7.86,0.4638938687875169
Steel,25,25.427481,7.86,0.39608651442775655
Steel,25,27.626485,7.86,0.3223049833095011
Steel,25,26.35017,7.86,0.3637342501254393
Steel,25,25.718348,7.86,0.3856146215351612
Steel,25,24.914393,7.86,0.41541099046843133
Steel,25,23.061247,7.86,0.5024497724313534
Steel,25,23.677714,7.86,0.4695353370647624
Steel,25,26.282793,7.86,0.3660059478664494
Steel,25,24.210244,7.86,0.4436763393029268
Steel,25,24.300748,7.86,0.43991406888903417
Steel,25,24.83435,7.86,0.41854802609094166
Steel,25,23.937954,7.86,0.4562686726019597
Steel,25,23.773231,7.86,0.46461272491869066
Steel,25,24.949526,7.86,0.4140474265323405
Steel,25,24.108471,7.86,0.4479459320801597
Steel,25,24.258981,7.86,0.44164653638650525
Steel,25,24.218809,7.86,0.4433190382785627
Steel,25,25.52236,7.86,0.392646047749014
Steel,25,24.767874,7.86,0.4211684267827661
Steel,25,24.821428,7.86,0.4190555261579747
Steel,25,25.596946,7.86,0.38995688907024156
Steel,25,24.85796,7.86,0.4176201599249418
Steel,25,24.721746,7.86,0.42299727969553846
Steel,25,25.47045,7.86,0.3945255599291036
Steel,25,25.668198,7.86,0.3874063894458381
Steel,25,24.852927,7.86,0.41781832081981607
Steel,25,25.080608,7.86,0.4090153409103267
Steel,25,24.21821,7.86,0.443344225794166
Steel,25,24.139317,7.86,0.44664824349122406
Steel,25,25.769148,7.86,0.3838062823676849
Steel,25,25.444942,7.86,0.39545101343097383
Steel,25,25.455298,7.86,0.39507555264656585
Steel,25,25.280854,7.86,0.40147826180551893
Steel,25,25.046203,7.86,0.4103304019999161
Steel,25,25.696412,7.86,0.3863985835905678
Steel,25,25.935109,7.86,0.37796009964842964
Steel,25,25.911228,7.86,0.3787963194027537
Steel,25,24.899222,7.86,0.41600305100965856
Steel,25,26.386993,7.86,0.36249909708415823
Steel,25,25.228461,7.86,0.4034263637020096
Steel,25,25.632376,7.86,0.388685250421026
Steel,25,25.282088,7.86,0.40143307313654625
Steel,25,25.247007,7.86,0.402736048925778
Steel,25,24.264248,7.86,0.4414268664396611
Steel,25,25.701351,7.86,0.38622163424819445
Steel,25,27.845294,7.86,0.31561502636927924
Steel,25,24.625205,7.86,0.42682637822335145
Steel,25,25.070995,7.86,0.40938151163850717
Steel,25,24.553795,7.86,0.429659450572627
Steel,25,24.51198,7.86,0.4313296242481666
Steel,25,26.544449,7.86,0.3572880136999607
Steel,25,24.327029,7.86,0.43882872474763895
Steel,25,24.52592,7.86,0.4307730052189508
Steel,25,23.412507,7.86,0.4834798317243524
Steel,25,24.242388,7.86,0.4423363353695284
Steel,25,23.2916,7.86,0.4899593886196288
Steel,25,25.631805,7.86,0.3887060052167433
Steel,25,27.799697,7.86,0.3169964457754759
Steel,25,24.633321,7.86,0.4265063318385623
Steel,25,23.333242,7.86,0.4877197484810557
Steel,25,25.9,7.86,0.3791893346166283
Steel,25,24.273075,7.86,0.4410617271103918
Steel,25,26.299347,7.86,0.36544698835058115
Steel,25,24.717971,7.86,0.4231474182191475
Steel,25,24.368184,7.86,0.43713253984694833
Steel,25,24.822042,7.86,0.4190313422735559
Steel,25,25.757777,7.86,0.38421054127859045
Steel,25,24.772579,7.86,0.42098234477044627
Steel,25,24.503275,7.86,0.43167801765018193
Steel,25,24.801168,7.86,0.4198537834925762
Steel,25,23.728145,7.86,0.4669269286256338
Steel,25,25.397032,7.86,0.3971958889135999
Steel,25,23.213273,7.86,0.49417874255541805
Steel,25,24.555879,7.86,0.42957659620012334
Steel,25,25.759385,7.86,0.3841529812705763
Steel,25,25.303048,7.86,0.4006565457795024
Steel,25,25.590321,7.86,0.39019448744309854
Steel,25,24.934954,7.86,0.414610272139454
Steel,25,26.169746,7.86,0.369849611957104
Steel,25,25.924699,7.86,0.37832423605908133
Steel,25,25.446141,7.86,0.39540828596078603
Steel,25,25.927546,7.86,0.3782240916146511
Steel,25,25.750424,7.86,0.38447253606820064
Steel,25,24.560536,7.86,0.42939052765581676
Steel,25,23.656101,7.86,0.47065968785177
Steel,25,25.420362,7.86,0.39634534495888646
Steel,25,25.546089,7.86,0.3917884853306213
Steel,25,26.090472,7.86,0.37256949163818875
Steel,25,24.063679,7.86,0.45001164275077077
Steel,25,24.093569,7.86,0.4485744798423029
Steel,25,25.4599,7.86,0.39490846278531105
Steel,25,24.928833,7.86,0.41484729509181734
Steel,25,23.114238,7.86,0.4995493870115716
Steel,25,25.375108,7.86,0.3979995272881481
Steel,25,23.147577,7.86,0.4977351542838253
Steel,25,24.054743,7.86,0.4504526528244621
Steel,25,26.351681,7.86,0.36368370608407885
Steel,25,26.824879,7.86,0.3479566926234544
Steel,25,23.784344,7.86,0.4640442005113459
Steel,25,24.670608,7.86,0.42503378739166553
Steel,25,25.042623,7.86,0.4104669509817745
Steel,25,26.781227,7.86,0.3493940389357887
Steel,25,24.507131,7.86,0.4315241673022831
Steel,25,24.523116,7.86,0.4308844931525403
Steel,25,26.548726,7.86,0.3571483473797768
Steel,25,24.625211,7.86,0.42682636140104896
Steel,25,25.722202,7.86,0.3854766514572227
Steel,25,23.522857,7.86,0.47763774336744197
Steel,25,24.828767,7.86,0.4187672637186061
Steel,25,23.340403,7.86,0.48733516137547805
Steel,25,23.944566,7.86,0.4559383078212774
Steel,25,25.839201,7.86,0.3813275270284845
Steel,25,24.950095,7.86,0.41402450468125634
Steel,25,24.680894,7.86,0.4246231933613158
Steel,25,24.25125,7.86,0.4419675384079938
Steel,25,24.779344,7.86,0.4207160842236826
Steel,25,25.301113,7.86,0.40072893799225495
Steel,25,25.982916,7.86,0.3762931080173779
Steel,25,22.374853,7.86,0.5416218108174254
Steel,25,24.168239,7.86,0.44543259005033875
Steel,25,25.159096,7.86,0.4060317598327908
Steel,25,24.901137,7.86,0.41592902776609103
Steel,25,25.403376,7.86,0.39696475701319905
Steel,25,25.26754,7.86,0.4019732203911226
Steel,25,24.695132,7.86,0.4240556573025036
Steel,25,24.473147,7.86,0.43288727494160945
Steel,25,24.754499,7.86,0.4216983252864363
Steel,25,26.148742,7.86,0.370568466870443
Steel,25,24.267992,7.86,0.4412713534478077
Steel,25,24.937193,7.86,0.41452291833635696
Steel,25,25.183342,7.86,0.40511420550620775
Steel,25,26.560351,7.86,0.3567582105548622
Steel,25,24.699692,7.86,0.42387493439068624
Steel,25,25.958807,7.86,0.3771329138680761
Steel,25,26.231979,7.86,0.3677282091012496
Steel,25,24.936246,7.86,0.41456015479096037
Steel,25,24.789281,7.86,0.420322506678796
Steel,25,24.670946,7.86,0.42502038586519936
Steel,25,24.744177,7.86,0.4221067111447288
Steel,25,25.85424,7.86,0.38079727616153686
Steel,25,25.23101,7.86,0.40333170754385106
Steel,25,25.23529,7.86,0.40317194502759923
Steel,25,23.874776,7.86,0.45944906406499725
Steel,25,24.03251,7.86,0.45155355705935407
Steel,25,27.143447,7.86,0.3375935022676461
Steel,25,24.822174,7.86,0.4190262714659461
Steel,25,24.225228,7.86,0.44305050614839586
Steel,25,26.431099,7.86,0.36102530354320056
Steel,25,25.281809,7.86,0.4014431346405602
Steel,25,25.578155,7.86,0.3906320530964602
Steel,25,24.861953,7.86,0.41746308797106385
Steel,25,24.681327,7.86,0.4246068289946029
Steel,25,24.830414,7.86,0.4187023202963279
Steel,25,23.617262,7.86,0.4726868733669444
Steel,25,24.912073,7.86,0.41550115125339937
Steel,25,25.296033,7.86,0.40091643221893425
Steel,25,26.850463,7.86,0.34711672934218296
Steel,25,25.085999,7.86,0.4088091042195831
Steel,25,22.665823,7.86,0.5246489093230021
Steel,25,24.906015,7.86,0.415738420150925
Steel,25,27.739504,7.86,0.31883145639581173
Steel,25,25.866366,7.86,0.38037026010850733
Steel,25,24.189111,7.86,0.44455968126046935
Steel,25,25.591107,7.86,0.3901663197834649
Steel,25,24.257987,7.86,0.4416877895913564
Steel,25,23.646192,7.86,0.47117580056434555
Steel,25,24.651631,7.86,0.425784521905192
Steel,25,25.091526,7.86,0.4085986366200472
Steel,25,23.127844,7.86,0.4988078771881832
Steel,25,23.850841,7.86,0.4606595511567535
Steel,25,25.010336,7.86,0.41170521266438326
Steel,25,24.591827,7.86,0.42814582602018286
Steel,25,25.394811,7.86,0.3972762086322975
Steel,25,23.785332,7.86,0.4639935406265854
Steel,25,25.714114,7.86,0.3857660186031598
Steel,25,23.816241,7.86,0.46241626196032365
Steel,25,26.642734,7.86,0.3539900656051238
Steel,25,23.284242,7.86,0.4903569356018725
Steel,25,23.907446,7.86,0.4578018196842603
Steel,25,25.417371,7.86,0.39645501676611494
Steel,25,26.664233,7.86,0.35327311594672817
Steel,25,25.315043,7.86,0.40021293081328274
Steel,25,25.562858,7.86,0.3911834724688254
Steel,25,25.017537,7.86,0.41142844029622977
Steel,25,23.973602,7.86,0.4544856806077559
Steel,25,24.509862,7.86,0.43141469862605186
Steel,25,23.78809,7.86,0.4638521308450245
Steel,25,23.72129,7.86,0.4672792117749126
Steel,25,25.401749,7.86,0.39702378462024546
Steel,25,23.876822,7.86,0.45934635814536107
Steel,25,25.319554,7.86,0.4000464433399536
Steel,25,23.698177,7.86,0.4684745400983644
Steel,25,25.296383,7.86,0.4009031082619797
Steel,25,24.511317,7.86,0.43135668691712764
Steel,25,26.406616,7.86,0.36184296125764015
Steel,25,25.323719,7.86,0.3998926932704462
Steel,25,26.235783,7.86,0.36759916282461497
Steel,25,24.244353,7.86,0.44225437335338946
Steel,25,25.056143,7.86,0.409949033245895
Steel,25,24.018913,7.86,0.452229159481951
Steel,25,24.586395,7.86,0.42836148676316194
Steel,25,24.737896,7.86,0.4223560318013909
Steel,25,24.274142,7.86,0.4410165771440912
Steel,25,23.784497,7.86,0.4640370616037676
Steel,25,23.586483,7.86,0.47429962786042285
Steel,25,22.660252,7.86,0.5249679706509299
Steel,25,23.943654,7.86,0.45598378999604083
Steel,25,25.627494,7.86,0.38886122161055
Steel,25,23.401501,7.86,0.4840657331943172
Steel,25,23.631877,7.86,0.4719222244132368
Steel,25,26.790899,7.86,0.34907516015496615
Steel,25,24.363504,7.86,0.43732486609873
Steel,25,25.321046,7.86,0.39999096583763877
Steel,25,25.642317,7.86,0.38832934927948937
Steel,25,25.662526,7.86,0.38760804776724733
Steel,25,23.477686,7.86,0.4800195817633495
Steel,25,24.76894,7.86,0.4211265140276655
Steel,25,23.381773,7.86,0.48511944570897314
Steel,25,27.446318,7.86,0.32792297155350103
Steel,25,23.405125,7.86,0.4838724826339626
Steel,25,23.95216,7.86,0.4555572121883943
Steel,25,23.959399,7.86,0.4551951499701314
Steel,25,23.50334,7.86,0.4786662592746411
Steel,25,26.352594,7.86,0.363653266059439
Steel,25,27.422448,7.86,0.3286750048672097
Steel,25,24.524251,7.86,0.4308384671782172
Steel,25,23.679577,7.86,0.46943932493055945
Steel,25,22.763075,7.86,0.5190952878925389
Steel,25,24.755891,7.86,0.42164292694920325
Steel,25,24.683635,7.86,0.4245146670714672
Steel,25,24.348704,7.86,0.4379343269271616
Steel,25,25.221375,7.86,0.40369035178164436
Steel,25,25.395173,7.86,0.39726410367623016
Steel,25,25.323083,7.86,0.3999165395895876
Steel,25,24.683875,7.86,0.4245046361888885
Steel,25,23.898378,7.86,0.4582580371466818
Steel,25,25.665833,7.86,0.38749015573926876
Steel,25,25.012514,7.86,0.4116212339612622
Steel,25,25.888358,7.86,0.3795981839632017
Steel,25,25.790076,7.86,0.38306426973289975
Steel,25,23.578238,7.86,0.4747325252255903
Steel,25,23.565778,7.86,0.47538627240931164
Steel,25,24.244459,7.86,0.44225072741953575
Steel,25,23.943735,7.86,0.455979475952923
Steel,25,25.755252,7.86,0.3843002261503894
Steel,25,25.35131,7.86,0.3988748834980696
Steel,25,26.099184,7.86,0.372270007958895
Steel,25,25.396487,7.86,0.3972163159532893
Steel,25,25.20865,7.86,0.4041660155623891
Steel,25,26.19973,7.86,0.36882599812298256
Steel,25,25.469727,7.86,0.39455290693358275
Steel,25,25.068101,7.86,0.4094918336617758
Steel,25,26.480453,7.86,0.359390600264701
Steel,25,25.115181,7.86,0.40769795490900496
Steel,25,24.695659,7.86,0.42403478129112054
Steel,25,24.162177,7.86,0.44568736174844864
Steel,25,25.703025,7.86,0.3861623619983266
Steel,25,26.237051,7.86,0.3675561845310797
Steel,25,24.949413,7.86,0.4140515469387258
Steel,25,26.307916,7.86,0.36515645989723655
Steel,25,23.029985,7.86,0.5041673641204347
Steel,25,24.944547,7.86,0.4142391843062454
Steel,25,24.959905,7.86,0.4136462913992195
Steel,25,24.273006,7.86,0.4410646508291532
Steel,25,27.383861,7.86,0.3298943662217422
Steel,25,24.933807,7.86,0.4146543451366075
Steel,25,24.592269,7.86,0.42812840143783537
Steel,25,25.025962,7.86,0.41110534361478446
Steel,25,22.997186,7.86,0.5059776154480415
Steel,25,24.240132,7.86,0.4424297124483199
Steel,25,25.98324,7.86,0.37628209602446944
Steel,25,24.371055,7.86,0.4370148103554252
Steel,25,24.171125,7.86,0.44531280003686075
Steel,25,26.309526,7.86,0.36510263163278067
Steel,25,26.340254,7.86,0.3640675600838606
Steel,25,25.51699,7.86,0.3928397701909907
Steel,25,24.544883,7.86,0.43001513025503063
Steel,25,24.760529,7.86,0.42145987293578396
Steel,25,24.19585,7.86,0.4442773098770225
Steel,25,24.005227,7.86,0.4529089214765534
Steel,25,23.955584,7.86,0.4553861977807078
Steel,25,24.381946,7.86,0.4365673750327426
Steel,25,23.965279,7.86,0.4549015979970892
Steel,25,23.436295,7.86,0.48221426545383833
Steel,25,25.219403,7.86,0.40376430492336485
Steel,25,25.234596,7.86,0.4031981859081372
Steel,25,26.700793,7.86,0.3520559722406187
Steel,25,24.331662,7.86,0.43863722979589703
Steel,25,25.296101,7.86,0.4009139796177327
Steel,25,25.312713,7.86,0.40029979043791475
Steel,25,24.746162,7.86,0.42202826932615034
Steel,25,25.744334,7.86,0.38468865260149643
Steel,25,25.775229,7.86,0.38359068744703023
Steel,25,25.327411,7.86,0.39975658961142935
Steel,25,24.74436,7.86,0.42209947658439717
Steel,25,24.64247,7.86,0.4261448313981728
Steel,25,23.632246,7.86,0.47190324444847553
Steel,25,24.194082,7.86,0.44435194740273987
Steel,25,24.377992,7.86,0.4367299112724979
Steel,25,23.876028,7.86,0.45938565167288536
Steel,25,25.439924,7.86,0.39563372477638525
Steel,25,26.196628,7.86,0.3689315464619907
Steel,25,24.091938,7.86,0.44864409898134466
Steel,25,25.283441,7.86,0.40138339843213
Steel,25,23.965889,7.86,0.45487208782884814
Steel,25,24.695078,7.86,0.42405842313538555
Steel,25,24.30967,7.86,0.43954608200360773
Steel,25,25.601896,7.86,0.38977905333359186
Steel,25,24.321212,7.86,0.43906894036547994
Steel,25,26.01166,7.86,0.37529427845124247
Steel,25,24.754279,7.86,0.4217067861725222
Steel,25,24.350396,7.86,0.43786570224510496
Steel,25,23.746695,7.86,0.4659735966562568
Steel,60,60.253205,7.86,0.024627365924189307
Steel,60,60.895218,7.86,0.023605174919314867
Steel,60,60.273321,7.86,0.024594468448197963
Steel,60,62.238832,7.86,0.021602095740737688
Steel,60,61.429787,7.86,0.022785581497898603
Steel,60,59.692472,7.86,0.02556349687907118
Steel,60,59.681973,7.86,0.025581390458597773
Steel,60,60.469697,7.86,0.02427533366918703
Steel,60,59.161981,7.86,0.026487727696238722
Steel,60,61.166288,7.86,0.023186018734428528
Steel,60,60.361601,7.86,0.024450455532220312
Steel,60,60.256459,7.86,0.024622065472431866
Steel,60,60.686954,7.86,0.02392991431249778
Steel,60,61.72283,7.86,0.0223486023028195
Steel,60,60.170955,7.86,0.02476254428898795
Steel,60,59.88696,7.86,0.02523482032585558
Steel,60,61.50872,7.86,0.022666897418371884
Steel,60,60.96755,7.86,0.023492720809242338
Steel,60,59.67902,7.86,0.025586401991569002
Steel,60,60.005186,7.86,0.025037082388352092
Steel,60,60.195381,7.86,0.02472230667274039
Steel,60,60.361813,7.86,0.02445012815150635
Steel,60,58.6434,7.86,0.027396950372528556
Steel,60,58.457515,7.86,0.027731585736527866
Steel,60,59.11261,7.86,0.02657547626494188
Steel,60,59.035262,7.86,0.026709731495840265
Steel,60,59.356176,7.86,0.02614548572406435
Steel,60,60.634711,7.86,0.024012065070850977
Steel,60,59.831071,7.86,0.025328822311119464
Steel,60,60.196395,7.86,0.024720681092223674
Steel,60,58.775697,7.86,0.02716204526449797
Steel,60,59.538358,7.86,0.0258284476187788
Steel,60,60.587258,7.86,0.024086936946297564
Steel,60,60.594952,7.86,0.024074796445115707
Steel,60,59.275426,7.86,0.026287272179963076
Steel,60,60.161662,7.86,0.024777827025165643
Steel,60,62.198848,7.86,0.021659046651140497
Steel,60,59.982402,7.86,0.0250751156932236
Steel,60,59.306813,7.86,0.02623197779151148
Steel,60,59.826238,7.86,0.025337019270419363
Steel,60,60.092177,7.86,0.024892635533978188
Steel,60,59.848832,7.86,0.025298905345461767
Steel,60,59.968645,7.86,0.02509805701496993
Steel,60,58.556553,7.86,0.02755277210358762
Steel,60,59.03737,7.86,0.026706115324550583
Steel,60,59.850665,7.86,0.025295833478849603
Steel,60,59.834732,7.86,0.0253226342677513
Steel,60,59.433811,7.86,0.026009921442438393
Steel,60,59.822986,7.86,0.025342500058693897
Steel,60,60.061015,7.86,0.024944263516400646
Steel,60,60.889413,7.86,0.02361419491955163
Steel,60,59.900788,7.86,0.025211600028356287
Steel,60,60.399103,7.86,0.02438956999435321
Steel,60,59.4584,7.86,0.025967051832568828
Steel,60,60.572096,7.86,0.024110948135275166
Steel,60,60.37573,7.86,0.02442751036926275
Steel,60,60.865817,7.86,0.023650751573958344
Steel,60,60.71346,7.86,0.023888322307678237
Steel,60,60.588736,7.86,0.024084620506620143
Steel,60,59.901583,7.86,0.02521027443829623
Steel,60,60.244939,7.86,0.02464091040246022
Steel,60,61.063509,7.86,0.023344165025947727
Steel,60,59.347925,7.86,0.026159912299825155
Steel,60,59.371592,7.86,0.02611848592147772
Steel,60,60.181431,7.86,0.02474525744383871
Steel,60,60.41528,7.86,0.024363353367841713
Steel,60,59.175894,7.86,0.026463033973710935
Steel,60,59.925237,7.86,0.02517066153158335
Steel,60,59.906001,7.86,0.025202859730076053
Steel,60,57.78472,7.86,0.028977937361031908
Steel,60,59.780406,7.86,0.025414371132335415
Steel,60,59.842682,7.86,0.025309286005222077
Steel,60,59.839707,7.86,0.025314267945949084
Steel,60,61.415914,7.86,0.022806448413130242
Steel,60,58.784202,7.86,0.027147144084459656
Steel,60,59.175377,7.86,0.02646395731033937
Steel,60,57.387804,7.86,0.029739669734289775
Steel,60,59.519083,7.86,0.02586180157365079
Steel,60,59.604356,7.86,0.0257145432066804
Steel,60,59.490023,7.86,0.02591218044464063
Steel,60,61.107677,7.86,0.023276043752471588
Steel,60,60.860618,7.86,0.023658789870764186
Steel,60,60.077857,7.86,0.0249163332390259
Steel,60,59.629387,7.86,0.02567150578877436
Steel,60,61.02619,7.86,0.023401800015526077
Steel,60,59.980242,7.86,0.02507866585211385
Steel,60,59.18173,7.86,0.026452694592873166
Steel,60,58.283751,7.86,0.02804820124500253
Steel,60,59.558686,7.86,0.0257933160468051
Steel,60,60.754644,7.86,0.023823822787229755
Steel,60,62.276539,7.86,0.02154861796567669
Steel,60,60.06161,7.86,0.024943310061297137
Steel,60,59.234644,7.86,0.026359157895867746
Steel,60,58.815035,7.86,0.02709304163085841
Steel,60,60.551955,7.86,0.024143091013822865
Steel,60,58.235384,7.86,0.02813702742466348
Steel,60,60.550345,7.86,0.02414567417818503
Steel,60,60.817712,7.86,0.023725528782309057
Steel,60,60.436279,7.86,0.024329359219375388
Steel,60,59.780338,7.86,0.02541449264467238
Steel,60,60.564941,7.86,0.02412230816073307
Steel,60,60.170938,7.86,0.024762556431076034
Steel,60,59.221876,7.86,0.02638166544233399
Steel,60,61.850412,7.86,0.02216156942935353
Steel,60,59.648321,7.86,0.02563898376814186
Steel,60,60.775752,7.86,0.023790923335394062
Steel,60,57.581386,7.86,0.029365669708279044
Steel,60,61.276471,7.86,0.02301775571999062
Steel,60,61.468764,7.86,0.022726869857092248
Steel,60,60.029834,7.86,0.02499609660809188
Steel,60,60.558771,7.86,0.024132207112091405
Steel,60,60.558515,7.86,0.024132621970018184
Steel,60,59.357216,7.86,0.026143630061187292
Steel,60,60.547122,7.86,0.024150824476226608
Steel,60,59.19137,7.86,0.026435615632811413
Steel,60,59.391243,7.86,0.026084099681159004
Steel,60,61.126943,7.86,0.023246447108290182
Steel,60,60.974658,7.86,0.023481685435015883
Steel,60,59.293624,7.86,0.02625519064350389
Steel,60,59.266424,7.86,0.026303077062905366
Steel,60,59.354403,7.86,0.02614854044434272
Steel,60,60.73264,7.86,0.023858253695165883
Steel,60,59.000015,7.86,0.026770743548427026
Steel,60,60.356713,7.86,0.024458431932988696
Steel,60,60.746847,7.86,0.023836026123872974
Steel,60,59.911755,7.86,0.02519318116418535
Steel,60,61.010064,7.86,0.023426757922021257
Steel,60,59.69569,7.86,0.025558019907651015
Steel,60,59.786144,7.86,0.025404637874773556
Steel,60,59.022754,7.86,0.026731358982852962
Steel,60,61.017177,7.86,0.023415760552863284
Steel,60,59.23348,7.86,0.026361172421106048
Steel,60,60.349772,7.86,0.024469756935621124
Steel,60,59.928684,7.86,0.025164874791454562
Steel,60,58.947217,7.86,0.026862288230607743
Steel,60,59.390897,7.86,0.02608473092071868
Steel,60,61.382872,7.86,0.022856409897355892
Steel,60,60.201658,7.86,0.02471198309163459
Steel,60,58.99085,7.86,0.02678659864995423
Steel,60,60.305328,7.86,0.024542145788893115
Steel,60,59.853886,7.86,0.025290377570299255
Steel,60,63.454046,7.86,0.019939250247769092
Steel,60,60.285124,7.86,0.024575167199119924
Steel,60,59.619375,7.86,0.025688753609459474
Steel,60,61.420028,7.86,0.022800260037625447
Steel,60,58.158964,7.86,0.028277790383804652
Steel,60,60.09432,7.86,0.02488902235125428
Steel,60,61.994428,7.86,0.0219524645454746
Steel,60,59.883801,7.86,0.025240112804643007
Steel,60,58.266699,7.86,0.028079432051877077
Steel,60,59.604082,7.86,0.025715053599466357
Steel,60,61.454518,7.86,0.02274832290543129
Steel,60,60.37607,7.86,0.02442696708995435
Steel,60,59.161144,7.86,0.02648915507305067
Steel,60,59.314757,7.86,0.02621808378331459
Steel,60,59.4403,7.86,0.025998615272439275
Steel,60,60.361198,7.86,0.02445111765177145
Steel,60,61.338196,7.86,0.022924000959475842
Steel,60,61.052423,7.86,0.023361222249072694
Steel,60,60.456012,7.86,0.024297498951079726
Steel,60,58.668355,7.86,0.027352316757294506
Steel,60,58.672067,7.86,0.02734564457108739
Steel,60,60.533252,7.86,0.024173139618713188
Steel,60,58.654529,7.86,0.027377002302756765
Steel,60,59.774433,7.86,0.02542443211170712
Steel,60,60.30415,7.86,0.024544071483241406
Steel,60,58.862406,7.86,0.027010127030975058
Steel,60,58.975738,7.86,0.026812820108260464
Steel,60,59.905879,7.86,0.025203028882358553
Steel,60,60.50365,7.86,0.024220725323177143
Steel,60,61.061519,7.86,0.02334717618185603
Steel,60,60.607053,7.86,0.02405566446698272
Steel,60,60.073657,7.86,0.024923347087937173
Steel,60,59.253805,7.86,0.02632531845927274
Steel,60,58.929093,7.86,0.026893849840283177
Steel,60,59.489123,7.86,0.02591376555259867
Steel,60,60.409936,7.86,0.024371996805675634
Steel,60,60.336624,7.86,0.02449114936610216
Steel,60,57.900098,7.86,0.028760269184410582
Steel,60,59.214323,7.86,0.02639504401168683
Steel,60,61.204508,7.86,0.023127498613831326
Steel,60,60.079215,7.86,0.024914075229066437
Steel,60,58.582991,7.86,0.027505211050356124
Steel,60,62.355821,7.86,0.021436436853621708
Steel,60,59.971058,7.86,0.025094000286227495
Steel,60,60.384334,7.86,0.024413489697512274
Steel,60,60.399525,7.86,0.0243888531563611
Steel,60,59.632405,7.86,0.025666344230962493
Steel,60,59.272426,7.86,0.026292487621834414
Steel,60,62.121675,7.86,0.02176930880166637
Steel,60,61.003206,7.86,0.023437396713354493
Steel,60,60.821937,7.86,0.02371896387543379
Steel,60,60.576289,7.86,0.024104300670692143
Steel,60,58.996683,7.86,0.02677650299389701
Steel,60,61.27753,7.86,0.02301612560815007
Steel,60,59.156867,7.86,0.02649684880815664
Steel,60,60.283287,7.86,0.02457818992107769
Steel,60,58.36061,7.86,0.027907713851756284
Steel,60,57.959141,7.86,0.028649511762235076
Steel,60,60.318291,7.86,0.024521008743261793
Steel,60,59.190901,7.86,0.026436472212142268
Steel,60,58.010832,7.86,0.02855288715491241
Steel,60,60.54061,7.86,0.024161275875556956
Steel,60,62.120081,7.86,0.021771602815394035
Steel,60,61.38956,7.86,0.02284628798083255
Steel,60,59.742682,7.86,0.025478190546832438
Steel,60,60.008845,7.86,0.02503102215026337
Steel,60,60.887706,7.86,0.023616870004260427
Steel,60,61.122128,7.86,0.023253826037976537
Steel,60,59.656464,7.86,0.02562501695957276
Steel,60,60.034178,7.86,0.024988856247298376
Steel,60,60.300615,7.86,0.024549854660852084
Steel,60,60.553876,7.86,0.024140030561627685
Steel,60,59.866924,7.86,0.02526845523955802
Steel,60,59.879915,7.86,0.02524662923666343
Steel,60,61.379832,7.86,0.022861030815594985
Steel,60,61.209521,7.86,0.023119853059365585
Steel,60,60.477411,7.86,0.0242629528769236
Steel,60,61.719109,7.86,0.022354101179914095
Steel,60,59.613554,7.86,0.025698727696593798
Steel,60,61.622973,7.86,0.02249629310553511
Steel,60,60.542515,7.86,0.024158242219816314
Steel,60,63.271026,7.86,0.020181112197431707
Steel,60,58.807518,7.86,0.027106289108629444
Steel,60,59.310655,7.86,0.026225258787200865
Steel,60,60.418798,7.86,0.024357628564519923
Steel,60,60.397234,7.86,0.024392577850011178
Steel,60,61.950139,7.86,0.02201653909344997
Steel,60,59.331625,7.86,0.026188483597795197
Steel,60,60.904919,7.86,0.023590181263256287
Steel,60,61.162463,7.86,0.023191866218937724
Steel,60,60.704648,7.86,0.023902133506493523
Steel,60,59.039004,7.86,0.026703261531739738
Steel,60,61.407759,7.86,0.022818796936088362
Steel,60,61.229325,7.86,0.023089602211331234
Steel,60,60.599585,7.86,0.0240674212577694
Steel,60,60.204348,7.86,0.024707567640450716
Steel,60,60.226108,7.86,0.02467179417099607
Steel,60,59.921264,7.86,0.025177242772953676
Steel,60,60.640785,7.86,0.024002525291461418
Steel,60,60.031135,7.86,0.024993890189426934
Steel,60,59.151475,7.86,0.026506395934912143
Steel,60,58.951408,7.86,0.026855047917702282
Steel,60,59.247964,7.86,0.02633560784036503
Steel,60,60.222132,7.86,0.024678355817501572
Steel,60,59.973044,7.86,0.02509070483186201
Steel,60,60.215344,7.86,0.024689525336835966
Steel,60,60.500813,7.86,0.024225253568653626
Steel,60,59.372679,7.86,0.02611656860369861
Steel,60,61.46566,7.86,0.02273157230691282
Steel,60,59.732289,7.86,0.025495810206766206
Steel,60,59.566573,7.86,0.02577966785306985
Steel,60,60.482386,7.86,0.02425488555983679
Steel,60,58.16349,7.86,0.028269473790075262
Steel,60,59.209466,7.86,0.026403626972086734
Steel,60,60.981073,7.86,0.023471739418400233
Steel,60,58.262578,7.86,0.028087020231348438
Steel,60,61.117574,7.86,0.023260832843576426
Steel,60,61.511137,7.86,0.022663289210964787
Steel,60,59.630545,7.86,0.025669500918540655
Steel,60,60.291813,7.86,0.0245642584011838
Steel,60,61.119087,7.86,0.023258466998655494
Steel,60,59.533211,7.86,0.02583734831652344
Steel,60,60.867776,7.86,0.023647746148268513
Steel,60,59.328851,7.86,0.026193341295440917
Steel,60,59.522398,7.86,0.025856053451497413
Steel,60,59.200664,7.86,0.026419228200511055
Steel,60,60.342647,7.86,0.02448133491074224
Steel,60,61.157969,7.86,0.02319878454513762
Steel,60,59.815887,7.86,0.025354395350680806
Steel,60,58.728751,7.86,0.027244979217636203
Steel,60,58.917293,7.86,0.026914348396612386
Steel,60,60.394599,7.86,0.024396895035012797
Steel,60,61.844116,7.86,0.022170711087637764
Steel,60,60.393725,7.86,0.024398282171281083
Steel,60,59.613103,7.86,0.025699465868763885
Steel,60,60.766184,7.86,0.02380582923495709
Steel,60,59.760501,7.86,0.02544799462846029
Steel,60,59.621715,7.86,0.025684685848152873
Steel,60,59.041541,7.86,0.026698901135511672
Steel,60,61.408449,7.86,0.022817730438771517
Steel,60,57.460792,7.86,0.02959811305078205
Steel,60,60.797859,7.86,0.023756415427820577
Steel,60,59.536255,7.86,0.025832069090094997
Steel,60,59.589659,7.86,0.02573984356408922
Steel,60,61.692315,7.86,0.02239363631551627
Steel,60,59.285869,7.86,0.02626889974736541
Steel,60,59.319931,7.86,0.026208985264836643
Steel,60,59.869606,7.86,0.02526395525524703
Steel,60,60.413847,7.86,0.02436564141879881
Steel,60,59.558144,7.86,0.025794196891367565
Steel,60,58.426141,7.86,0.027788452926206703
Steel,60,59.134302,7.86,0.02653684812552697
Steel,60,61.281334,7.86,0.023010332010420735
Steel,60,60.074777,7.86,0.024921416575608122
Steel,60,60.451087,7.86,0.024305430476300315
Steel,60,59.738579,7.86,0.02548517024644738
Steel,60,59.340502,7.86,0.026172906393458525
Steel,60,61.677569,7.86,0.022415426421357965
Steel,60,59.811808,7.86,0.025361315610397582
Steel,60,59.55663,7.86,0.025796816829765163
Steel,60,61.096142,7.86,0.02329381674874788
Steel,60,59.27764,7.86,0.02628331678172655
Steel,60,59.405273,7.86,0.026059649865990082
Steel,60,60.010247,7.86,0.02502864810445029
Steel,60,60.00027,7.86,0.025045292874090415
Steel,60,60.259611,7.86,0.02461688924847342
Steel,60,62.091669,7.86,0.02181237487149258
Steel,60,60.336248,7.86,0.024491739274423104
Steel,60,57.621946,7.86,0.029287949016070576
Steel,60,60.326299,7.86,0.02450794670924603
Steel,60,60.03788,7.86,0.0249826906457699
Steel,60,60.04345,7.86,0.02497341002069862
Steel,60,60.245947,7.86,0.024639271419829273
Steel,60,59.971322,7.86,0.02509359048598079
Steel,60,59.947388,7.86,0.02513352284817205
Steel,60,60.613044,7.86,0.024046245359200746
Steel,60,59.457919,7.86,0.025967895257278165
Steel,60,59.052314,7.86,0.026680283194790752
Steel,60,63.023781,7.86,0.020512605867951325
Steel,60,59.284143,7.86,0.026271885266188965
Steel,60,60.100143,7.86,0.02487943767667384
Steel,60,58.50434,7.86,0.02764691003166783
Steel,60,60.116468,7.86,0.0248524509569537
Steel,60,59.066774,7.86,0.02665536598527654
Steel,60,59.557527,7.86,0.025795297971751435
Steel,60,61.045065,7.86,0.023372620226304323
Steel,60,60.47201,7.86,0.02427169544194996
Steel,60,60.56841,7.86,0.024116732584662088
Steel,60,58.228795,7.86,0.028149056310322072
Steel,60,61.836895,7.86,0.022181259534200193
Steel,60,58.808119,7.86,0.027105194978430044
Steel,60,61.528561,7.86,0.02263716522252134
Steel,60,61.021544,7.86,0.023408985133545338
Steel,60,60.577333,7.86,0.024102658818172217
Steel,60,59.145015,7.86,0.02651786165347079
Steel,60,60.15159,7.86,0.024794403595141363
Steel,60,59.529079,7.86,0.025844479237591107
Steel,60,60.02904,7.86,0.024997381198246873
Steel,60,59.750128,7.86,0.025465585251252434
Steel,60,57.961389,7.86,0.028645307147026615
Steel,60,61.121784,7.86,0.023254380943436882
Steel,60,59.918893,7.86,0.025181251274548084
Steel,60,59.5152,7.86,0.025868539776430614
Steel,60,59.439673,7.86,0.025999657647098637
Steel,60,60.35846,7.86,0.024455573442384287
Steel,60,59.106244,7.86,0.026586837772372272
Steel,60,57.744824,7.86,0.029053652369951638
Steel,60,60.40713,7.86,0.02437653739080775
Steel,60,60.519103,7.86,0.0241958185629563
Steel,60,59.800368,7.86,0.02538060535009283
Steel,60,58.852097,7.86,0.027028125203190628
Steel,60,60.088936,7.86,0.02489800259354722
Steel,60,58.535468,7.86,0.027590744448746523
Steel,60,58.972769,7.86,0.02681794057182362
Steel,60,59.249302,7.86,0.02633322918128258
Steel,60,60.843939,7.86,0.0236847157232634
Steel,60,59.637389,7.86,0.02565773570645781
Steel,60,59.552134,7.86,0.02580463504754999
Steel,60,61.954693,7.86,0.022009930674555804
Steel,60,60.352462,7.86,0.02446534042258502
Steel,60,60.338995,7.86,0.024487255420896286
Steel,60,59.630299,7.86,0.02566990519018646
Steel,60,59.403628,7.86,0.026062507263368187
Steel,60,57.813594,7.86,0.028923293460761272
Steel,60,60.968741,7.86,0.02349088754056951
Steel,60,60.44831,7.86,0.02430991588761439
Steel,60,59.820834,7.86,0.02534607160826825
Steel,60,59.862773,7.86,0.025275421333246586
Steel,60,60.736144,7.86,0.02385279859461967
Steel,60,58.44529,7.86,0.0277537542059601
Steel,60,59.410119,7.86,0.02605118057248718
Steel,60,58.863697,7.86,0.02700781967989728
Steel,60,61.771509,7.86,0.022276972459001558
Steel,60,60.875656,7.86,0.023635510322426022
Steel,60,57.797307,7.86,0.028954127645830396
Steel,60,58.486238,7.86,0.02767965679461421
Steel,60,59.867654,7.86,0.025267232688466517
Steel,60,59.52756,7.86,0.025847109684850697
Steel,60,58.675618,7.86,0.027339332856536207
Steel,60,61.944762,7.86,0.02202432405515389
Steel,60,60.31254,7.86,0.024530376033324967
Steel,60,60.474816,7.86,0.02426712185653614
Steel,60,59.307985,7.86,0.026229959996113876
Steel,60,60.722274,7.86,0.02387451593338135
Steel,60,59.619567,7.86,0.025688398047525682
Steel,60,59.716657,7.86,0.025522336715820902
Steel,60,60.611002,7.86,0.02404946791964501
Steel,60,58.371002,7.86,0.027888768975920988
Steel,60,61.597028,7.86,0.022534889649519017
Steel,60,60.182389,7.86,0.02474367794271061
Steel,60,61.280944,7.86,0.023010949184576208
Steel,60,58.92458,7.86,0.026901715162014003
Steel,60,59.076835,7.86,0.026637960117142305
Steel,60,58.8381,7.86,0.027052629997932422
Steel,60,60.250298,7.86,0.02463216214567297
Steel,60,60.065983,7.86,0.024936031620251882
Steel,60,59.535588,7.86,0.02583320922266688
Steel,60,58.985931,7.86,0.026795095939308414
Steel,60,58.733404,7.86,0.027236720097954838
Steel,60,59.951516,7.86,0.025126655087441947
Steel,60,59.534413,7.86,0.02583523685721539
Steel,60,59.314393,7.86,0.02621873369965512
Steel,60,61.547089,7.86,0.022609424772921476
Steel,60,59.917674,7.86,0.025183312010910702
Steel,60,61.270043,7.86,0.023027535799518183
Steel,60,59.466748,7.86,0.025952585547958734
Steel,60,60.244776,7.86,0.024641185726347534
Steel,60,59.944524,7.86,0.025138348717450243
Steel,60,58.302378,7.86,0.028014137354988942
Steel,60,61.428338,7.86,0.022787738877469085
Steel,60,59.864846,7.86,0.025271963896654943
Steel,60,60.746418,7.86,0.023836735175439265
Steel,60,59.247971,7.86,0.026335594256717144
Steel,60,59.835156,7.86,0.025321952390228206
Steel,60,59.133148,7.86,0.02653891579968947
Steel,60,61.235998,7.86,0.023079440434789468
Steel,60,60.311409,7.86,0.02453225061671745
Steel,60,60.367054,7.86,0.024441610432960406
Steel,60,61.358184,7.86,0.022893736173978472
Steel,60,61.156341,7.86,0.023201256421698062
Steel,60,60.765343,7.86,0.02380715744011412
Steel,60,58.578273,7.86,0.027513677570642325
Steel,60,59.304321,7.86,0.026236390199008128
Steel,60,58.996112,7.86,0.026777479939056333
Steel,60,60.727534,7.86,0.02386624661528592
Steel,60,60.170652,7.86,0.024763027781990965
Steel,60,58.609488,7.86,0.027457603107014845
Steel,60,59.811256,7.86,0.02536223286974281
Steel,60,58.505888,7.86,0.027644073202619003
Steel,60,59.946844,7.86,0.02513444332211233
Steel,60,58.344627,7.86,0.027936871438524555
Steel,60,60.528827,7.86,0.024180242286012097
Steel,60,60.377963,7.86,0.024423839370559274
Steel,60,61.907948,7.86,0.0220777390601299
Steel,60,60.847873,7.86,0.02367861769578938
Steel,60,59.577086,7.86,0.02576151335004142
Steel,60,60.81807,7.86,0.023724929517297724
Steel,60,58.602336,7.86,0.0274704765276414
Steel,60,59.037527,7.86,0.026705831502730298
Steel,60,60.333143,7.86,0.024496751930601544
Steel,60,57.84175,7.86,0.028870159850825167
Steel,60,59.962839,7.86,0.02510778032293176
Steel,60,58.979737,7.86,0.026805889530749104
Steel,60,60.101307,7.86,0.02487750161242601
Steel,60,58.922264,7.86,0.02690569848545659
Steel,60,60.424248,7.86,0.024348778473282408
Steel,60,60.019327,7.86,0.025013525563678644
Steel,60,61.400366,7.86,0.022829950117158326
Steel,60,60.006735,7.86,0.025034513982702983
Steel,60,59.231357,7.86,0.02636495032579042
Steel,60,59.753114,7.86,0.025460517116828646
Steel,60,58.655764,7.86,0.02737479536025766
Steel,60,60.406137,7.86,0.024378118160956086
Steel,60,60.58985,7.86,0.02408281531978332
Steel,60,62.469196,7.86,0.02127708322202757
Steel,60,59.378164,7.86,0.02610695863719535
Steel,60,59.732205,7.86,0.025495940413803684
Steel,60,59.424241,7.86,0.02602653227031166
Steel,60,60.212114,7.86,0.024694852517770365
Steel,60,60.381691,7.86,0.02441781661695789
Steel,60,59.946625,7.86,0.025134841843419742
Steel,60,61.086326,7.86,0.02330893016381559
Steel,60,59.38302,7.86,0.026098484307196107
Steel,60,60.986174,7.86,0.02346381223711943
Steel,60,60.538498,7.86,0.024164689644989846
Steel,60,59.98797,7.86,0.025065779221575924
Steel,60,59.685063,7.86,0.025576085383364013
Steel,60,62.426668,7.86,0.021336714846395304
Steel,60,59.182991,7.86,0.026450488527994254
Steel,60,60.297933,7.86,0.02455424992942739
Steel,60,59.249781,7.86,0.026332389528513304
Steel,60,61.785621,7.86,0.02225623766410022
Steel,60,60.886826,7.86,0.02361818847948045
Steel,60,59.32165,7.86,0.02620597028594467
Steel,60,60.512595,7.86,0.024206306041780524
Steel,60,60.257696,7.86,0.024620052944201325
Steel,60,59.483375,7.86,0.02592361670467487
Steel,60,60.758164,7.86,0.02381836510001454
Steel,60,60.389305,7.86,0.024405447104530777
Steel,60,60.215699,7.86,0.02468892430022028
Steel,60,59.95808,7.86,0.02511566007257094
Steel,60,60.431054,7.86,0.024337779442600713
Steel,60,60.229388,7.86,0.024666479565584182
Steel,60,60.059093,7.86,0.024947498994729533
Steel,60,59.358984,7.86,0.026140554927351126
Steel,60,61.693766,7.86,0.022391449929187793
Steel,60,58.94958,7.86,0.026858197170748284
Steel,60,60.427636,7.86,0.02434328980904875
Steel,60,59.679759,7.86,0.025585133458690894
Steel,60,61.759547,7.86,0.022294519400594105
Steel,60,59.096517,7.86,0.02660412008391434
Steel,60,59.264737,7.86,0.026306066247263067
Steel,60,59.030182,7.86,0.02671852117627954
Steel,60,60.323465,7.86,0.024512570637624673
Steel,60,58.626949,7.86,0.027426311231415076
Steel,60,59.521472,7.86,0.02585769653868193
Steel,60,57.847634,7.86,0.028859086525002388
Steel,60,60.240421,7.86,0.02464834073178915
Steel,60,59.499785,7.86,0.025895223478760884
Steel,60,58.511943,7.86,0.027633128572500144
Steel,60,61.085609,7.86,0.023310013963882083
Steel,60,58.692333,7.86,0.02730949190766795
Steel,60,60.796944,7.86,0.023757868728336982
Steel,60,59.298959,7.86,0.02624582617709263
Steel,60,61.601571,7.86,0.022528142881839356
Steel,60,60.749551,7.86,0.023831811625870468
Steel,60,58.991952,7.86,0.026784673429569396
Steel,60,59.082917,7.86,0.026627551860534466
Steel,60,60.605525,7.86,0.024058106573125994
Steel,60,59.737622,7.86,0.025486775725485918
Steel,60,59.830657,7.86,0.02532952530973846
Steel,60,61.272239,7.86,0.02302416762660724
Steel,60,59.251311,7.86,0.02632976199714312
Steel,60,60.091294,7.86,0.024894080277743418
Steel,60,60.954628,7.86,0.023512829258852112
Steel,60,60.809117,7.86,0.023738902369883217
Steel,60,59.840387,7.86,0.02531311186858156
Steel,60,59.711094,7.86,0.025531832963449946
Steel,60,58.261185,7.86,0.028089549700022996
Steel,60,58.943755,7.86,0.026868372197321487
Steel,60,60.318359,7.86,0.02452090195056769
Steel,60,59.862118,7.86,0.025276502640439624
Steel,60,60.074927,7.86,0.024921203863213934
Steel,60,61.039254,7.86,0.023381608441947872
Steel,60,58.812677,7.86,0.027097174028189865
Steel,60,59.76382,7.86,0.025442411862198932
Steel,60,60.188711,7.86,0.024733312192453342
Steel,60,59.29584,7.86,0.02625130766689808
Steel,60,61.431477,7.86,0.022783052543604763
Steel,60,60.908587,7.86,0.0235844598693502
Steel,60,60.290133,7.86,0.024566996509784444
Steel,60,61.794232,7.86,0.022243684546960924
Steel,60,58.501105,7.86,0.027652729643480808
Steel,60,59.992274,7.86,0.025058576481391502
Steel,60,60.366337,7.86,0.024442759814683634
Steel,60,59.085445,7.86,0.02662314643016178
Steel,60,60.300715,7.86,0.02454967353297988
Steel,60,58.893418,7.86,0.02695594655223629
Steel,60,60.690557,7.86,0.02392420172116503
Steel,60,61.057835,7.86,0.023352881331246952
Steel,60,60.272333,7.86,0.02459608044596193
Steel,60,58.147202,7.86,0.028299559246232023
Steel,60,59.033206,7.86,0.026713310793747176
Steel,60,60.56471,7.86,0.024122644496896613
Steel,60,60.021199,7.86,0.02501040034759506
Steel,60,57.305997,7.86,0.02989916349614815
Steel,60,61.24283,7.86,0.023069024193662843
Steel,60,60.136657,7.86,0.02481906356811719
Steel,60,59.180925,7.86,0.026454172248078382
Steel,60,60.994956,7.86,0.02345015044249878
Steel,60,59.32246,7.86,0.02620451807191235
Steel,60,59.311548,7.86,0.026223719678408218
Steel,60,60.358353,7.86,0.024455787062666382
Steel,60,61.781038,7.86,0.022262988640800185
Steel,60,61.623587,7.86,0.02249541928205444
Steel,60,60.359711,7.86,0.024453534492754548
Steel,60,60.462386,7.86,0.02428714992661806
Steel,60,60.791499,7.86,0.02376630596675456
Steel,60,58.743016,7.86,0.02721967365249674
Steel,60,60.644148,7.86,0.023997223944961413
Steel,60,59.265927,7.86,0.026303946693960266
Steel,60,60.318478,7.86,0.024520689467179342
Steel,60,59.772532,7.86,0.025427655945679535
Steel,60,60.501208,7.86,0.024224644093862574
Steel,60,60.118103,7.86,0.024849722732193356
Steel,60,56.92697,7.86,0.030649466053638146
Steel,60,60.178892,7.86,0.024749414743046518
Steel,60,60.642153,7.86,0.024000326331964392
Steel,60,60.445928,7.86,0.024313724866563524
Steel,60,59.897414,7.86,0.02521728253949236
Steel,60,61.642162,7.86,0.022467852777842502
Steel,60,60.311373,7.86,0.024532298226595497
Steel,60,60.437673,7.86,0.024327074884435185
Steel,60,61.044492,7.86,0.023373510026358776
Steel,60,60.362593,7.86,0.024448861006785592
Steel,60,59.101982,7.86,0.026594383536593685
Steel,60,57.561663,7.86,0.02940356483771707
Steel,60,59.522879,7.86,0.025855240996664905
Steel,60,60.760946,7.86,0.02381400951251037
Steel,60,59.646904,7.86,0.025641431821281726
Steel,60,60.801178,7.86,0.02375124525390265
Steel,60,60.148728,7.86,0.02479916507373464
Steel,60,61.288066,7.86,0.023000092363138994
Steel,60,59.704783,7.86,0.02554255664848123
Steel,60,60.467615,7.86,0.024278716304721806
Steel,60,60.505885,7.86,0.024217123921879018
Steel,60,61.501602,7.86,0.022677607794366537
Steel,60,58.293363,7.86,0.028030598399135413
Steel,60,59.541592,7.86,0.025822796936231195
Steel,60,60.848516,7.86,0.023677604163128137
Steel,60,61.545896,7.86,0.022611197272273675
Steel,60,60.240072,7.86,0.02464891850359568
Steel,60,59.707296,7.86,0.02553831397025068
Steel,60,60.757118,7.86,0.023819988738918513
Steel,60,60.868703,7.86,0.023646278212113184
Steel,60,59.640338,7.86,0.025652689064601508
Steel,60,60.330307,7.86,0.024501444824863373
Steel,60,61.180527,7.86,0.023164252783629158
Steel,60,61.890459,7.86,0.022103189510363837
Steel,60,60.742605,7.86,0.023842692406789295
Steel,60,60.044139,7.86,0.024972262980631703
Steel,60,59.945925,7.86,0.025136022774831034
Steel,60,60.557397,7.86,0.024134420518759178
Steel,60,59.884327,7.86,0.025239228974207148
Steel,60,60.18964,7.86,0.024731762387383983
Steel,60,58.942124,7.86,0.026871153362665864
Steel,60,61.297057,7.86,0.022986450265564274
Steel,60,58.859815,7.86,0.027014646692452654
Steel,60,59.567888,7.86,0.025777401807723123
Steel,60,60.097593,7.86,0.024883628616858902
Steel,60,61.990987,7.86,0.021957426164361592
Steel,60,59.577317,7.86,0.025761133548870552
Steel,60,59.333984,7.86,0.0261843229442174
Steel,60,59.449183,7.86,0.025983106099704344
Steel,60,61.658897,7.86,0.022443046677033503
Steel,60,57.187653,7.86,0.030131470860092626
Steel,60,58.997262,7.86,0.026775459634800533
Steel,60,62.731289,7.86,0.020913303376840775
Steel,60,60.590882,7.86,0.024081210076279023
Steel,60,58.894015,7.86,0.026954914551645302
Steel,60,59.958082,7.86,0.02511566007257094
Steel,60,60.067455,7.86,0.024933565385316173
Steel,60,60.846125,7.86,0.023681327824266518
Steel,60,61.839502,7.86,0.022177480018175127
Steel,60,60.388552,7.86,0.02440665380296308
Steel,60,59.460212,7.86,0.02596393817875691
Steel,60,60.787084,7.86,0.023773240361336427
Steel,60,59.301747,7.86,0.02624090177273386
Steel,60,58.966663,7.86,0.02682857578133103
Steel,60,58.240091,7.86,0.02812833673529342
Steel,60,58.434872,7.86,0.027772648777714775
Steel,60,59.103555,7.86,0.02659157369829632
Steel,60,58.82221,7.86,0.02708045221252254
Steel,60,60.313237,7.86,0.02452918291207846
Steel,60,58.800598,7.86,0.027118354006912985
Steel,60,56.856334,7.86,0.03079149787683956
Steel,60,58.956088,7.86,0.026846870331766873
Steel,60,59.52814,7.86,0.025846120121091033
Steel,60,59.394551,7.86,0.026078335311450963
Steel,60,61.519525,7.86,0.022650710553621705
Steel,60,59.386457,7.86,0.026092485182817413
Steel,60,60.880923,7.86,0.02362731792328119
Steel,60,59.981017,7.86,0.025077385303057156
Steel,60,59.957695,7.86,0.025116323332743596
Steel,60,59.16462,7.86,0.026483000805603632
Steel,60,59.941217,7.86,0.02514390569434608
Steel,60,59.234904,7.86,0.026358699945961926
Steel,60,60.170024,7.86,0.024764078828454147
Steel,60,59.76375,7.86,0.02544254891479594
Steel,60,59.055372,7.86,0.026675071973137225
Steel,60,60.991894,7.86,0.023454957084161475
Steel,60,60.42684,7.86,0.02434461378641685
Steel,60,59.551937,7.86,0.025804948938762933
Steel,60,60.145493,7.86,0.02480448712081147
Steel,60,59.916177,7.86,0.025185828520372804
Steel,60,59.132409,7.86,0.026540262682560437
Steel,60,60.070496,7.86,0.024928542893628503
Steel,60,59.378988,7.86,0.026105561104942047
Steel,60,59.055066,7.86,0.02667554542727923
Steel,60,58.377233,7.86,0.02787741942482978
Steel,60,59.641393,7.86,0.025650932639421305
Steel,60,60.566971,7.86,0.024119062486463977
Steel,60,59.305341,7.86,0.026234613057056128
Steel,60,62.520709,7.86,0.021205117949965546
Steel,60,60.885686,7.86,0.02361998368709703
Steel,60,61.30433,7.86,0.022975419430798557
Steel,60,60.795243,7.86,0.023760483562480512
Steel,60,61.852865,7.86,0.02215798108381044
Steel,60,59.212998,7.86,0.026397397752499142
Steel,60,57.439263,7.86,0.029639783038565536
Steel,60,59.553874,7.86,0.02580161071653347
Steel,60,60.558219,7.86,0.02413309711433907
Steel,60,60.151517,7.86,0.0247945183151054
Steel,60,60.275473,7.86,0.02459096648851035
Steel,60,61.32091,7.86,0.02295020645977735
Steel,60,60.382058,7.86,0.0244172141508668
Steel,60,60.798913,7.86,0.0237548253126403
Steel,60,59.060437,7.86,0.0266662727418012
Steel,60,58.904606,7.86,0.026936482174348225
Steel,60,61.614114,7.86,0.022509452482205525
Steel,60,60.100902,7.86,0.024878204381167366
Steel,60,59.376771,7.86,0.026109376639569797
Steel,60,59.378606,7.86,0.026106179121386488
Steel,60,59.350877,7.86,0.02615472291572826
Steel,60,59.291041,7.86,0.02625974348988465
Steel,60,58.716852,7.86,0.027266041817414887
Steel,60,58.49958,7.86,0.02765551560913169
Steel,60,59.804996,7.86,0.025372836892176596
Steel,60,59.407074,7.86,0.02605646972526576
Steel,60,61.107159,7.86,0.02327687535738973
Steel,60,60.293077,7.86,0.02456218841410252
Steel,60,60.265318,7.86,0.024607545710399442
Steel,60,59.25688,7.86,0.026319937078553363
Steel,60,59.878972,7.86,0.025248223585296888
Steel,60,60.361001,7.86,0.02445141800432634
Steel,60,60.716196,7.86,0.023884034187745443
Steel,60,59.906108,7.86,0.025202669457696995
Steel,60,61.079124,7.86,0.023320070452371205
Steel,60,60.007989,7.86,0.025032413139058563
Steel,60,60.792847,7.86,0.023764283828526557
Steel,60,59.510148,7.86,0.02587727660929981
Steel,60,58.187412,7.86,0.02822532885682352
Steel,60,60.268359,7.86,0.024602541638906964
Steel,60,60.725324,7.86,0.023869741884447005
Steel,60,60.575347,7.86,0.024105757654753777
Steel,60,60.422187,7.86,0.02435210076211436
Steel,60,59.651413,7.86,0.025633655698505464
Steel,60,59.193254,7.86,0.026432342536561914
Steel,60,60.551728,7.86,0.024143464268515654
Steel,60,60.426447,7.86,0.02434526009693429
Steel,60,59.439101,7.86,0.026000699830254485
Steel,60,61.109424,7.86,0.02327340906840476
Steel,60,59.117134,7.86,0.02656744424921948
Steel,60,59.416477,7.86,0.026040105567985312
Steel,60,61.636425,7.86,0.02247638423245223
Steel,60,60.868582,7.86,0.023646471787517276
Steel,60,59.641991,7.86,0.02564985563169171
Steel,60,60.287381,7.86,0.024571450896714777
Steel,60,60.154792,7.86,0.024789172030303244
Steel,60,57.254386,7.86,0.030000214422551758
Steel,60,59.093526,7.86,0.026609250955738333
Steel,60,59.949153,7.86,0.025130623730929433
Steel,60,59.643389,7.86,0.0256474839746349
Steel,60,60.247103,7.86,0.02463737227440065
Steel,60,61.129482,7.86,0.02324254406434014
Steel,60,59.678464,7.86,0.025587343078671915
Steel,60,58.942345,7.86,0.02687079150998793
Steel,60,60.324852,7.86,0.0245103158749374
Steel,60,59.673377,7.86,0.02559605388757862
Steel,60,59.843936,7.86,0.02530714809062285
Steel,60,59.708226,7.86,0.025536714264411578
Steel,60,62.241838,7.86,0.021597845734625733
Steel,60,57.759296,7.86,0.02902613678920391
Steel,60,59.611666,7.86,0.02570200129177735
Steel,60,59.996311,7.86,0.02505187821602302
Steel,60,59.218858,7.86,0.026387024033228058
Steel,60,60.899826,7.86,0.023598094012757594
Steel,60,60.813258,7.86,0.0237324121681671
Steel,60,59.952245,7.86,0.025125422568342732
Steel,60,59.729326,7.86,0.02550086810697221
Steel,60,59.888043,7.86,0.02523298638800231
Steel,60,59.895213,7.86,0.025220933840447605
Steel,60,59.921627,7.86,0.02517667465136634
Steel,60,59.812001,7.86,0.025360963431293133
Steel,60,60.252449,7.86,0.024628588187598145
Steel,60,60.753212,7.86,0.023826075153048156
Steel,60,58.76974,7.86,0.027172580223204054
Steel,60,58.949336,7.86,0.02685863391028355
Steel,60,58.251482,7.86,0.028107399986215593
Steel,60,60.866397,7.86,0.02364988835050855
Steel,60,60.250323,7.86,0.0246321164944957
Steel,60,60.505268,7.86,0.024218098587664782
Steel,60,58.570502,7.86,0.02752767469830172
Steel,60,61.784948,7.86,0.02225726495193029
Steel,60,59.391149,7.86,0.026084305759956215
Steel,60,60.168206,7.86,0.024767076846165866
Steel,60,60.854385,7.86,0.023668524753459277
Steel,60,59.01302,7.86,0.026748233119679093
Steel,60,59.453676,7.86,0.02597532213009994
Steel,60,60.179172,7.86,0.024748946288312278
Steel,60,62.857473,7.86,0.020739805152628396
Steel,60,60.301125,7.86,0.024549032627264215
Steel,60,61.606361,7.86,0.022521017305385006
Steel,60,61.205673,7.86,0.023125724474559052
Steel,60,60.36801,7.86,0.02444001692393702
Steel,60,59.010804,7.86,0.026752017404955187
Steel,60,61.059754,7.86,0.023349903330323635
Steel,60,58.50189,7.86,0.027651294071119725
Steel,60,61.600875,7.86,0.022529169962836198
Steel,60,60.200005,7.86,0.024714687623438213
Steel,60,57.349776,7.86,0.029813736859900204
Steel,60,59.659494,7.86,0.025619827534510586
Steel,60,60.653948,7.86,0.023981804655405024
Steel,60,59.762976,7.86,0.02544382405877652
Steel,60,60.715006,7.86,0.023885885819699977
Steel,60,59.149976,7.86,0.026509060290102887
Steel,60,58.694018,7.86,0.027306511701439204
Steel,60,59.928555,7.86,0.025165061367757095
Steel,60,60.031566,7.86,0.024993213768712
Steel,60,59.651616,7.86,0.025633340835607702
Steel,60,61.227291,7.86,0.02309269738540583
Steel,60,59.149793,7.86,0.02650939192916964
Steel,60,60.313166,7.86,0.02452930725908712
Steel,60,60.06797,7.86,0.024932748133416453
Steel,60,58.443284,7.86,0.027757397697765807
Steel,60,58.68097,7.86,0.02732976290288227
Steel,60,60.011911,7.86,0.02502586253767088
Steel,60,61.9812,7.86,0.02197153914040093
Steel,60,60.57927,7.86,0.02409957974445791
Steel,60,58.274365,7.86,0.028065385093588024
Steel,60,56.889512,7.86,0.030724728702966147
Steel,60,60.733054,7.86,0.023857605978875165
Steel,60,59.903787,7.86,0.025206560626251005
Steel,60,61.141266,7.86,0.023224423196004013
Steel,60,59.119282,7.86,0.026563587706819523
Steel,60,60.350212,7.86,0.024469024594592433
Steel,60,60.846173,7.86,0.023681213849323264
Steel,60,59.552536,7.86,0.025803959029884374
Steel,60,59.573914,7.86,0.025766996689453422
Steel,60,60.025263,7.86,0.025003666692764204
Steel,60,60.542676,7.86,0.024158000735333404
Steel,60,59.985666,7.86,0.02506966243073129
Steel,60,60.973996,7.86,0.023482704433114298
Steel,60,59.538065,7.86,0.025828959292805383
Steel,60,58.671605,7.86,0.027346508940121885
Steel,60,61.976975,7.86,0.021977652128706393
Steel,60,59.395366,7.86,0.02607690738104669
Steel,60,59.431558,7.86,0.026013838731659206
Steel,60,59.934197,7.86,0.02515567649634628
Steel,60,60.067181,7.86,0.024934054683168585
Steel,60,59.613316,7.86,0.02569916182938769
Steel,60,59.982566,7.86,0.025074762724828146
Steel,60,59.960238,7.86,0.025112083109873607
Steel,60,60.174819,7.86,0.024756147396230662
Steel,60,57.642513,7.86,0.02924859314462411
Steel,60,61.880876,7.86,0.022117138075216966
Steel,60,59.852712,7.86,0.02529238744598087
Steel,60,60.580623,7.86,0.02409745526495006
Steel,60,58.621899,7.86,0.027435370810843598
Steel,60,59.529,7.86,0.025844582183326144
Steel,60,59.327684,7.86,0.026195371109867274
Steel,60,61.469724,7.86,0.02272548182716927
Steel,60,59.414186,7.86,0.026044105723363017
Steel,60,60.75808,7.86,0.02381842551719617
Steel,60,59.34958,7.86,0.026156998158154234
Steel,60,59.547381,7.86,0.02581283777811947
Steel,60,59.75445,7.86,0.025458294515246394
Steel,60,61.283845,7.86,0.02300651525167733
Steel,60,58.110147,7.86,0.02836815942163535
Steel,60,58.684336,7.86,0.027323734495111746
Steel,60,58.052695,7.86,0.028474818590117797
Steel,60,58.912498,7.86,0.026922740482315848
Steel,60,59.1884,7.86,0.026440924618975698
Steel,60,58.385519,7.86,0.027862371887661802
Steel,60,59.265852,7.86,0.026304113663987556
Steel,60,57.985286,7.86,0.028600587966553917
Steel,60,58.982011,7.86,0.026801895643536258
Steel,60,61.20042,7.86,0.023133781990809062
Steel,60,60.403588,7.86,0.024382274091279445
Steel,60,60.187468,7.86,0.02473536731009842
Steel,60,58.997221,7.86,0.026775571268551648
Steel,60,58.463915,7.86,0.02771997355777863
Steel,60,58.860844,7.86,0.027012847479373665
Steel,60,59.95679,7.86,0.02511784472436168
Steel,60,60.868177,7.86,0.023647089512108907
Steel,60,60.902367,7.86,0.023594134751477938
Steel,60,60.630612,7.86,0.02401850289121429
Steel,60,59.262443,7.86,0.026310083288649283
Steel,60,60.02455,7.86,0.0250049091945891
Steel,60,59.678657,7.86,0.025587025132145752
Steel,60,59.79881,7.86,0.025383261784343483
Steel,60,62.037128,7.86,0.021890832542263778
Steel,60,58.238,7.86,0.028132140125203625
Steel,60,59.765323,7.86,0.02543984233946963
Steel,60,61.211749,7.86,0.023116475539933075
Steel,60,58.534109,7.86,0.027593204864486652
Steel,60,59.356253,7.86,0.026145360324342642
Steel,60,59.470962,7.86,0.025945243857606895
Steel,60,59.77671,7.86,0.025420591984939372
Steel,60,58.404043,7.86,0.027828668656991563
Steel,60,60.595286,7.86,0.024074272543875324
Steel,60,60.666287,7.86,0.02396243364394252
Steel,60,60.508375,7.86,0.024213109943230116
Steel,60,59.129626,7.86,0.026545196570507624
Steel,60,60.086511,7.86,0.02490200275515102
Steel,60,59.10056,7.86,0.026596895808158987
Steel,60,59.667403,7.86,0.02560627681947044
Steel,60,62.153468,7.86,0.02172385454907045
Steel,60,60.095695,7.86,0.024886787343234323
Steel,60,58.812473,7.86,0.027097519606861065
Steel,60,60.180335,7.86,0.024747072104292143
Steel,60,58.648204,7.86,0.0273883354425155
Steel,60,58.80099,7.86,0.02711765248341075
Steel,60,58.958877,7.86,0.026842054289176177
Steel,60,59.555691,7.86,0.025798520968583913
Steel,60,60.936969,7.86,0.023540293402929912
Steel,60,60.578398,7.86,0.02410094414726862
Steel,60,60.522995,7.86,0.02418963223017965
Steel,60,58.901075,7.86,0.026942584620784495
Steel,60,59.458686,7.86,0.025966549191993767
Steel,60,60.272001,7.86,0.024596618063632992
Steel,60,59.37168,7.86,0.026118312197856788
Steel,60,59.721634,7.86,0.02551392976046688
Steel,60,60.441359,7.86,0.024321112758708324
Steel,60,59.651227,7.86,0.02563399767253636
Steel,60,60.22606,7.86,0.024671892613982633
Steel,60,61.592728,7.86,0.022541290391104998
Steel,60,59.828141,7.86,0.02533377878143727
Steel,60,61.179338,7.86,0.023166047735998643
Steel,60,60.55937,7.86,0.024131245063870706
Steel,60,58.532758,7.86,0.027595600107749207
Steel,60,58.897863,7.86,0.02694829137510568
Steel,60,59.166404,7.86,0.026479899565064097
Steel,60,59.145165,7.86,0.02651762331419685
Steel,60,59.90971,7.86,0.025196624117771686
Steel,60,60.614644,7.86,0.024043694028861546
Steel,60,61.255158,7.86,0.02305021390119852
Steel,60,60.308175,7.86,0.024537490335227553
Steel,60,59.55432,7.86,0.025800828767499864
Steel,60,57.917759,7.86,0.028727090750884393
Steel,60,60.07059,7.86,0.024928387627258394
Steel,60,60.02577,7.86,0.025002829630701356
Steel,60,60.182929,7.86,0.02474278718063254
Steel,60,62.10624,7.86,0.02179148621593967
Steel,60,61.240597,7.86,0.023072422182411872
Steel,60,60.785061,7.86,0.023776351294141105
Steel,60,59.037923,7.86,0.026705120075559405
Steel,60,59.487005,7.86,0.02591744550128597
Steel,60,59.905155,7.86,0.02520426828617982
Steel,60,59.224593,7.86,0.026376902080768344
Steel,60,60.500465,7.86,0.024225845016140037
Steel,60,60.356909,7.86,0.024458081236551396
Steel,60,58.911692,7.86,0.02692413310578963
Steel,60,61.196817,7.86,0.023139324189081153
Steel,60,60.10231,7.86,0.024875884352365794
Steel,60,58.270929,7.86,0.028071722959300605
Steel,60,59.948657,7.86,0.025131418411981625
Steel,60,60.281206,7.86,0.024581551052847393
Steel,60,60.972792,7.86,0.02348461341947571
Steel,60,59.662524,7.86,0.025614642728412455
Steel,60,60.827938,7.86,0.023709575450885742
Steel,60,60.187142,7.86,0.02473582339789843
Steel,60,58.684945,7.86,0.027322627630687216
Steel,60,58.584833,7.86,0.027501910574125422
Steel,60,61.12256,7.86,0.023253194938952646
Steel,60,61.195984,7.86,0.02314053774349302
Steel,60,60.322909,7.86,0.02451348213422071
Steel,60,61.495707,7.86,0.02268640969942081
Steel,60,61.05661,7.86,0.023354781778624073
Steel,60,60.683629,7.86,0.02393511930258308
Steel,60,59.088689,7.86,0.026617601337495037
Steel,60,61.731429,7.86,0.0223359096042398
Steel,60,60.536301,7.86,0.024168212971847472
Steel,60,59.614161,7.86,0.025697683013557696
Steel,60,59.33173,7.86,0.026188311620397108
Steel,60,60.256784,7.86,0.024621512356098725
Steel,60,58.328941,7.86,0.02796552549310867
Steel,60,60.699673,7.86,0.0239099221528373
Steel,60,59.046429,7.86,0.026690484794966603
Steel,60,60.370608,7.86,0.0244358192523062
Steel,60,59.47838,7.86,0.025932380597313134
Steel,60,59.735581,7.86,0.02549022245826862
Steel,60,59.24309,7.86,0.02634423834330556
Steel,60,59.838771,7.86,0.02531586754653647
Steel,60,61.88938,7.86,0.022104731831908756
Steel,60,61.38506,7.86,0.022853114596104444
Steel,60,60.354479,7.86,0.02446205379373343
Steel,60,59.974706,7.86,0.025087925387390957
Steel,60,60.844201,7.86,0.023684309591146292
Steel,60,61.12997,7.86,0.023241755515459487
Steel,60,59.170182,7.86,0.026473146643074288
Steel,60,59.922561,7.86,0.02517512015116884
Steel,60,58.178042,7.86,0.028242611048350113
Steel,60,61.123102,7.86,0.02325231611841736
Steel,60,62.065024,7.86,0.02185062546105452
Steel,60,60.080083,7.86,0.02491266647726502
Steel,60,57.87499,7.86,0.02880747440085178
Steel,60,60.608891,7.86,0.024052798807333735
Steel,60,59.095911,7.86,0.026605126681959947
Steel,60,59.336651,7.86,0.026179670302631856
Steel,60,60.626576,7.86,0.024024883431748804
Steel,60,60.254554,7.86,0.024625182863498733
Steel,60,59.511891,7.86,0.025874214991714196
Steel,60,59.350394,7.86,0.026155593530574565
Steel,60,60.125836,7.86,0.024836907131264154
Steel,60,59.590534,7.86,0.025738356497807906
Steel,60,58.890763,7.86,0.026960595078192588
Steel,60,59.667437,7.86,0.02560623241091597
Steel,60,60.339593,7.86,0.024486317233927808
Steel,60,59.821897,7.86,0.02534429075426607
Steel,60,58.586491,7.86,0.02749889867229585
Steel,60,60.989065,7.86,0.023459326685076873
Steel,60,57.261189,7.86,0.029986926811934964
Steel,60,59.553635,7.86,0.025802021862961252
Steel,60,59.379802,7.86,0.026104157356255302
Steel,60,60.148179,7.86,0.024800060309921976
Steel,60,60.561662,7.86,0.024127569881805307
Steel,60,61.126765,7.86,0.023246701094228047
Steel,60,59.287595,7.86,0.02626586689823698
Steel,60,60.586582,7.86,0.02408799516189281
Steel,60,60.195818,7.86,0.024721605298066614
Steel,60,58.288461,7.86,0.028039543698794838
Steel,60,61.90054,7.86,0.022088536074108517
Steel,60,58.561225,7.86,0.027544370794471647
Steel,60,60.419497,7.86,0.024356483438977478
Steel,60,60.38996,7.86,0.024404398169787088
Steel,60,60.275637,7.86,0.024590683867587153
Steel,60,59.505423,7.86,0.025885420320296813
Steel,60,60.827253,7.86,0.023710638267101385
Steel,60,58.439633,7.86,0.02776400924395546
Steel,60,59.934171,7.86,0.025155691541409914
Steel,60,59.436125,7.86,0.026005867830982198
Steel,60,59.322702,7.86,0.02620412110992331
Steel,60,60.428748,7.86,0.024341461594692013
Steel,60,61.077479,7.86,0.023322596474094515
Steel,60,59.656744,7.86,0.025624550044780137
Steel,60,60.780681,7.86,0.023783198173913424
Steel,60,60.049741,7.86,0.02496299227417377
Steel,60,59.107268,7.86,0.026584980879070623
Steel,90,89.742048,7.86,0.003802410394701354
Steel,90,89.700514,7.86,0.0038123717610478946
Steel,90,89.30334,7.86,0.003909005347296379
Steel,90,90.428483,7.86,0.003641557362855483
Steel,90,90.234646,7.86,0.0036862744850915817
Steel,90,88.40935,7.86,0.00413558452431443
Steel,90,88.348474,7.86,0.004151491072546827
Steel,90,90.424684,7.86,0.0036424172035700165
Steel,90,89.184714,7.86,0.003938333069419619
Steel,90,90.302041,7.86,0.003670670254431898
Steel,90,90.780932,7.86,0.0035616327896557526
Steel,90,88.729047,7.86,0.004053078414385323
Steel,90,88.588463,7.86,0.004089150643775166
Steel,90,91.674432,7.86,0.0033668533705680423
Steel,90,90.351571,7.86,0.003659235817484673
Steel,90,89.580759,7.86,0.003841262040954287
Steel,90,89.06606,7.86,0.0039678927153693885
Steel,90,89.489559,7.86,0.003863398530760078
Steel,90,88.809428,7.86,0.004032603522778396
Steel,90,90.883412,7.86,0.0035387322960209137
Steel,90,89.223249,7.86,0.003928778928445793
Steel,90,91.093535,7.86,0.0034922201641909047
Steel,90,89.599371,7.86,0.0038367548298328244
Steel,90,88.95665,7.86,0.003995351864906249
Steel,90,89.573698,7.86,0.00384296470368322
Steel,90,87.375833,7.86,0.004414246147994826
Steel,90,89.879231,7.86,0.003769699086142909
Steel,90,89.829881,7.86,0.003781429726729491
Steel,90,90.824743,7.86,0.0035518239825254954
Steel,90,88.113695,7.86,0.00421338109818601
Steel,90,91.161866,7.86,0.0034772250522125676
Steel,90,90.820599,7.86,0.003552753799322038
Steel,90,91.252044,7.86,0.0034575422956177274
Steel,90,89.947279,7.86,0.0037535868903074057
Steel,90,91.013897,7.86,0.003509776987971543
Steel,90,88.528756,7.86,0.004104572983577795
Steel,90,90.713048,7.86,0.003576892744552165
Steel,90,89.228837,7.86,0.003927393268309707
Steel,90,88.348598,7.86,0.004151455920094752
Steel,90,88.875859,7.86,0.004015751840422926
Steel,90,90.005531,7.86,0.003739843391043781
Steel,90,89.175701,7.86,0.003940577290397809
Steel,90,90.376074,7.86,0.003653586410769982
Steel,90,88.191762,7.86,0.004192692245810312
Steel,90,87.872902,7.86,0.004277886068604312
Steel,90,91.372387,7.86,0.003431448725270667
Steel,90,90.9038,7.86,0.0035341837757010036
Steel,90,88.950703,7.86,0.003996847334056875
Steel,90,89.997,7.86,0.0037418477577011197
Steel,90,91.019507,7.86,0.0035085385337581647
Steel,90,90.419201,7.86,0.0036436807523933653
Steel,90,90.148223,7.86,0.003706386641567695
Steel,90,91.095154,7.86,0.003491864733399592
Steel,90,89.269288,7.86,0.003917393772076066
Steel,90,90.031178,7.86,0.0037338093515292907
Steel,90,89.982151,7.86,0.0037453485630322093
Steel,90,89.727238,7.86,0.0038059578592212285
Steel,90,89.610194,7.86,0.003834134342641832
Steel,90,90.072868,7.86,0.003724016046771858
Steel,90,90.034407,7.86,0.0037330489399226177
Steel,90,88.951572,7.86,0.003996618907204253
Steel,90,90.801796,7.86,0.003556962721914634
Steel,90,89.023615,7.86,0.0039785274904802536
Steel,90,89.781767,7.86,0.0037929195611085325
Steel,90,89.70472,7.86,0.0038113580473430318
Steel,90,90.358104,7.86,0.0036577289067398345
Steel,90,87.880896,7.86,0.004275732103569197
Steel,90,90.89091,7.86,0.0035370598108981875
Steel,90,89.32301,7.86,0.0039041589730711705
Steel,90,91.219963,7.86,0.00346453440624498
Steel,90,89.521835,7.86,0.003855541104446582
Steel,90,89.951156,7.86,0.0037526690862791333
Steel,90,91.913786,7.86,0.00331660048302822
Steel,90,89.722662,7.86,0.0038070559748348744
Steel,90,91.23885,7.86,0.0034604189601090568
Steel,90,90.039045,7.86,0.0037319577211112824
Steel,90,90.415419,7.86,0.0036445478311950886
Steel,90,90.069959,7.86,0.0037247015135229095
Steel,90,90.847852,7.86,0.0035466554215367613
Steel,90,89.314468,7.86,0.003906258591831767
Steel,90,89.015951,7.86,0.003980457073058862
Steel,90,89.361424,7.86,0.0038947128928404078
Steel,90,90.09971,7.86,0.0037177319220311586
Steel,90,89.779181,7.86,0.003793527177356072
Steel,90,90.710275,7.86,0.003577509250843382
Steel,90,91.304732,7.86,0.003446092459556686
Steel,90,89.024162,7.86,0.003978382109513334
Steel,90,89.266051,7.86,0.003918190866417
Steel,90,88.563761,7.86,0.004095523585211408
Steel,90,92.030373,7.86,0.0032923951715726645
Steel,90,90.304669,7.86,0.0036700562635762365
Steel,90,90.479802,7.86,0.003629813171327287
Steel,90,88.659792,7.86,0.004070818204490853
Steel,90,89.99883,7.86,0.0037414149590733817
Steel,90,90.509248,7.86,0.0036230866898127622
Steel,90,89.747242,7.86,0.0038011677654010054
Steel,90,91.075706,7.86,0.003496143672797099
Steel,90,92.311831,7.86,0.003234709236607958
Steel,90,89.052937,7.86,0.003971168728857542
Steel,90,88.977913,7.86,0.003990003610257535
Steel,90,89.122244,7.86,0.003953874351683206
Steel,90,91.606199,7.86,0.003381330684943241
Steel,90,91.042355,7.86,0.0035034956643210254
Steel,90,89.864472,7.86,0.0037732118074408115
Steel,90,90.03656,7.86,0.003732542057038904
Steel,90,89.183456,7.86,0.003938644927471558
Steel,90,90.890027,7.86,0.00353725422368054
Steel,90,89.620098,7.86,0.0038317449349747055
Steel,90,89.739923,7.86,0.003802924069725388
Steel,90,90.60879,7.86,0.0036004401893925493
Steel,90,89.812005,7.86,0.0037856998476740148
Steel,90,89.765034,7.86,0.003796914204054214
Steel,90,90.010575,7.86,0.0037386559862347445
Steel,90,90.795355,7.86,0.003558403324445978
Steel,90,91.646493,7.86,0.0033727765288909255
Steel,90,90.585486,7.86,0.003605734791579768
Steel,90,90.803314,7.86,0.0035566136083133378
Steel,90,89.800146,7.86,0.003788527201696891
Steel,90,89.292202,7.86,0.003911750630064027
Steel,90,90.653986,7.86,0.0035902159462337007
Steel,90,90.171241,7.86,0.003701020825202386
Steel,90,88.577371,7.86,0.004092013289656545
Steel,90,89.67193,7.86,0.0038192538282509026
Steel,90,89.917103,7.86,0.0037607183589307446
Steel,90,89.489542,7.86,0.0038634013382602187
Steel,90,91.481736,7.86,0.003407916589162435
Steel,90,90.479839,7.86,0.0036298052966256445
Steel,90,91.373175,7.86,0.003431285469262232
Steel,90,90.263425,7.86,0.0036795970017453137
Steel,90,90.081388,7.86,0.0037220215159115893
Steel,90,89.063402,7.86,0.003968558012571543
Steel,90,90.01193,7.86,0.003738337281707968
Steel,90,90.013054,7.86,0.0037380721744582988
Steel,90,88.632886,7.86,0.0040777174067590715
Steel,90,89.460473,7.86,0.003870479720970281
Steel,90,89.676717,7.86,0.003818105412680231
Steel,90,90.41348,7.86,0.003644995516184134
Steel,90,90.46135,7.86,0.003634030491067695
Steel,90,89.418682,7.86,0.0038806872467567915
Steel,90,90.46887,7.86,0.0036323053328976627
Steel,90,89.817921,7.86,0.003784285436061969
Steel,90,87.13038,7.86,0.0044831975575571415
Steel,90,89.515298,7.86,0.0038571291117250736
Steel,90,91.078989,7.86,0.0034954287243749824
Steel,90,88.318194,7.86,0.00415941015431995
Steel,90,90.112691,7.86,0.003714694736929144
Steel,90,91.585261,7.86,0.003385789663662217
Steel,90,89.239387,7.86,0.003924787678963832
Steel,90,90.002149,7.86,0.0037406371550220262
Steel,90,88.695984,7.86,0.004061540047193237
Steel,90,91.627231,7.86,0.0033768629877939335
Steel,90,89.916667,7.86,0.003760824527217305
Steel,90,90.046627,7.86,0.003730173147023903
Steel,90,91.3543,7.86,0.00343535706732548
Steel,90,90.661478,7.86,0.003588519723462122
Steel,90,89.124371,7.86,0.003953334049815364
Steel,90,89.352722,7.86,0.003896855797260774
Steel,90,90.494931,7.86,0.003626347460769284
Steel,90,89.375879,7.86,0.0038911753052144433
Steel,90,87.882757,7.86,0.004275229118033067
Steel,90,89.946759,7.86,0.003753711140517044
Steel,90,88.519787,7.86,0.004106897320913118
Steel,90,91.616282,7.86,0.003379183538677588
Steel,90,90.176788,7.86,0.0036997275551041778
Steel,90,89.094825,7.86,0.0039607028943687015
Steel,90,89.301368,7.86,0.003909487945666447
Steel,90,88.110602,7.86,0.004214204340210144
Steel,90,88.900538,7.86,0.004009506955854708
Steel,90,91.016323,7.86,0.003509239530957567
Steel,90,92.231786,7.86,0.0032510026321299606
Steel,90,90.726397,7.86,0.0035738921355035597
Steel,90,89.907957,7.86,0.003762891074595218
Steel,90,89.568041,7.86,0.0038443355153446206
Steel,90,89.043504,7.86,0.003973539905766177
Steel,90,92.059766,7.86,0.0032863240452348915
Steel,90,89.811251,7.86,0.003785885845381757
Steel,90,92.11563,7.86,0.0032748102725154715
Steel,90,91.39352,7.86,0.0034268842829991452
Steel,90,88.259204,7.86,0.004174905683116124
Steel,90,89.334048,7.86,0.0039014442226547046
Steel,90,89.330955,7.86,0.0039022059338251905
Steel,90,89.920154,7.86,0.003759993090344057
Steel,90,89.939686,7.86,0.0037553806029755965
Steel,90,92.996239,7.86,0.003098626018463845
Steel,90,88.922772,7.86,0.004003894102560341
Steel,90,90.22897,7.86,0.0036875916992887914
Steel,90,90.616508,7.86,0.0035986969087987296
Steel,90,89.998428,7.86,0.003741510673043661
Steel,90,90.110181,7.86,0.003715277384760129
Steel,90,88.955191,7.86,0.003995717307190308
Steel,90,90.106486,7.86,0.0037161454942397304
Steel,90,90.511399,7.86,0.0036225919375891817
Steel,90,90.327601,7.86,0.003664763965432553
Steel,90,90.570201,7.86,0.0036092036318029464
Steel,90,91.412608,7.86,0.003422769635450017
Steel,90,90.936967,7.86,0.00352681329804991
Steel,90,90.071295,7.86,0.003724385356263035
Steel,90,88.828242,7.86,0.004027814734628039
Steel,90,89.399995,7.86,0.0038852659191226883
Steel,90,89.780369,7.86,0.00379324884021055
Steel,90,90.252346,7.86,0.0036821607784066806
Steel,90,89.521667,7.86,0.0038555874009975127
Steel,90,89.064267,7.86,0.003968341992535955
Steel,90,88.811801,7.86,0.004031988930872436
Steel,90,88.348822,7.86,0.004151398247873498
Steel,90,89.765049,7.86,0.0037969077742719343
Steel,90,88.530335,7.86,0.004104163831529722
Steel,90,88.999474,7.86,0.003984585109560898
Steel,90,89.606098,7.86,0.0038351302387830077
Steel,90,88.664083,7.86,0.004069708440905525
Steel,90,90.379752,7.86,0.003652752627892083
Steel,90,90.740223,7.86,0.00357077523773561
Steel,90,89.450573,7.86,0.0038729038602532996
Steel,90,89.562973,7.86,0.003845560733600448
Steel,90,90.53743,7.86,0.0036166605612598024
Steel,90,89.286005,7.86,0.003913276027535484
Steel,90,89.217266,7.86,0.003930265979415672
Steel,90,91.196498,7.86,0.0034696563441821257
Steel,90,90.884188,7.86,0.0035385581760605995
Steel,90,90.60155,7.86,0.0036020884254385965
Steel,90,90.925645,7.86,0.003529333092069193
Steel,90,88.022721,7.86,0.004237630587511252
Steel,90,91.353836,7.86,0.003435459566040508
Steel,90,90.392062,7.86,0.0036499144633796747
Steel,90,91.010781,7.86,0.0035104642861006276
Steel,90,90.387162,7.86,0.0036510389031212806
Steel,90,90.048925,7.86,0.0037296423244149307
Steel,90,89.724691,7.86,0.0038065705091414326
Steel,90,90.367144,7.86,0.00365564558838741
Steel,90,89.688252,7.86,0.003815325166793733
Steel,90,90.867876,7.86,0.0035421881058142687
Steel,90,88.413543,7.86,0.004134484542085335
Steel,90,89.458424,7.86,0.003870978604662311
Steel,90,92.044823,7.86,0.003289406195467591
Steel,90,89.37392,7.86,0.0038916519189239004
Steel,90,89.761316,7.86,0.003797799518800508
Steel,90,89.117419,7.86,0.003955067591838573
Steel,90,90.335846,7.86,0.003662863531132843
Steel,90,89.263735,7.86,0.003918763255802743
Steel,90,89.814389,7.86,0.0037851287050007123
Steel,90,90.848867,7.86,0.003546431995610411
Steel,90,89.301237,7.86,0.003909521734713694
Steel,90,90.788611,7.86,0.0035599144247335304
Steel,90,90.822229,7.86,0.0035523821992886786
Steel,90,91.054956,7.86,0.003500718619332796
Steel,90,90.140541,7.86,0.0037081807069366643
Steel,90,93.241259,7.86,0.003051402671421733
Steel,90,91.054534,7.86,0.0035008065228050453
Steel,90,90.324878,7.86,0.003665389463560513
Steel,90,89.124076,7.86,0.003953414934205791
Steel,90,89.902941,7.86,0.0037640757414291394
Steel,90,91.426327,7.86,0.0034198245791883606
Steel,90,91.709535,7.86,0.0033594277926707926
Steel,90,91.478329,7.86,0.0034086506392051264
Steel,90,90.785192,7.86,0.0035606775978433126
Steel,90,88.74434,7.86,0.00404918021155271
Steel,90,90.487162,7.86,0.003628122041043974
Steel,90,88.758598,7.86,0.0040455362606118305
Steel,90,88.512529,7.86,0.004108773975192149
Steel,90,90.239159,7.86,0.003685223511638173
Steel,90,90.523199,7.86,0.0036199003986367804
Steel,90,90.903377,7.86,0.0035342797176893025
Steel,90,90.497136,7.86,0.0036258420540976025
Steel,90,90.531586,7.86,0.003617988348026247
Steel,90,89.015347,7.86,0.003980588653003463
Steel,90,89.895023,7.86,0.0037659652326416464
Steel,90,88.492883,7.86,0.004113870488046343
Steel,90,87.996631,7.86,0.004244618424832726
Steel,90,90.740643,7.86,0.003570681086108722
Steel,90,89.246876,7.86,0.003922931932353321
Steel,90,90.872499,7.86,0.0035411662456936604
Steel,90,91.108348,7.86,0.0034889681674081805
Steel,90,89.380683,7.86,0.003889996704531452
Steel,90,90.590311,7.86,0.003604638768652771
Steel,90,89.338843,7.86,0.0039002694320554895
Steel,90,88.154121,7.86,0.00420265774517802
Steel,90,90.123309,7.86,0.0037122028648222745
Steel,90,89.529126,7.86,0.0038537690007921814
Steel,90,89.559911,7.86,0.0038463041270646327
Steel,90,91.975343,7.86,0.0033037895841269258
Steel,90,88.474143,7.86,0.0041187323397642315
Steel,90,90.382871,7.86,0.003652026498193154
Steel,90,89.005193,7.86,0.003983150559086919
Steel,90,90.908261,7.86,0.003533196841305995
Steel,90,90.298431,7.86,0.0036714967631480246
Steel,90,90.379344,7.86,0.003652841867694342
Steel,90,89.05511,7.86,0.003970636959147659
Steel,90,89.234412,7.86,0.003926018716058096
Steel,90,90.927251,7.86,0.0035289743712875648
Steel,90,91.770798,7.86,0.003346522120140603
Steel,90,90.480308,7.86,0.0036296972371091364
Steel,90,89.102579,7.86,0.0039587774856197164
Steel,90,90.338939,7.86,0.003662147668039758
Steel,90,92.427472,7.86,0.0032112979971375896
Steel,90,90.102423,7.86,0.0037170879856802184
Steel,90,91.461841,7.86,0.0034121832261857876
Steel,90,89.259671,7.86,0.0039197726785626915
Steel,90,89.957914,7.86,0.0037510722593749753
Steel,90,90.619565,7.86,0.003598012524180988
Steel,90,90.397328,7.86,0.0036487089535350986
Steel,90,89.233611,7.86,0.003926218066465426
Steel,90,89.190483,7.86,0.003936901725843382
Steel,90,90.988284,7.86,0.003515438256578192
Steel,90,91.191551,7.86,0.0034707424452268304
Steel,90,91.512144,7.86,0.0034014048748501834
Steel,90,91.80393,7.86,0.0033395616738057
Steel,90,90.134619,7.86,0.0037095641973031485
Steel,90,89.688801,7.86,0.0038151880721095173
Steel,90,91.350991,7.86,0.0034360801898349483
Steel,90,90.713069,7.86,0.0035768893209956903
Steel,90,89.017545,7.86,0.003980044609523797
Steel,90,88.966364,7.86,0.003992907298944749
Steel,90,90.49193,7.86,0.003627033474136546
Steel,90,89.822725,7.86,0.0037831522959896175
Steel,90,89.97357,7.86,0.0037473800351221507
Steel,90,91.072533,7.86,0.0034968419829761337
Steel,90,90.759037,7.86,0.0035665470327362865
Steel,90,91.329873,7.86,0.003440644859884547
Steel,90,88.068464,7.86,0.004225415951616343
Steel,90,90.253398,7.86,0.003681926612089962
Steel,90,90.694689,7.86,0.0035810363691990074
Steel,90,88.473414,7.86,0.004118915992728883
Steel,90,89.345104,7.86,0.0038987246258657955
Steel,90,89.159515,7.86,0.003944589554613484
Steel,90,90.021698,7.86,0.00373603299099969
Steel,90,91.627854,7.86,0.003376722337089746
Steel,90,92.022589,7.86,0.0032940047939433014
Steel,90,89.185712,7.86,0.003938090726501105
Steel,90,90.526557,7.86,0.0036191355056200266
Steel,90,90.558798,7.86,0.00361179322973996
Steel,90,90.387626,7.86,0.0036509344638628247
Steel,90,90.39898,7.86,0.0036483230819372263
Steel,90,90.303743,7.86,0.003670273247925647
Steel,90,91.68757,7.86,0.003364071383121529
Steel,90,91.102467,7.86,0.0034902572496116543
Steel,90,88.939846,7.86,0.003999580581684362
Steel,90,90.795721,7.86,0.00355832116039186
Steel,90,90.892373,7.86,0.003536730033151104
Steel,90,90.314967,7.86,0.00366767069783832
Steel,90,91.131424,7.86,0.003483900575139605
Steel,90,90.188074,7.86,0.0036970954460064515
Steel,90,90.200468,7.86,0.0036942120559252624
Steel,90,90.121241,7.86,0.003712686418888352
Steel,90,87.981756,7.86,0.004248599665353627
Steel,90,89.919602,7.86,0.0037601364865910607
Steel,90,89.331749,7.86,0.0039020026916792043
Steel,90,88.813552,7.86,0.004031545630154985
Steel,90,91.434018,7.86,0.003418163803098696
Steel,90,90.504208,7.86,0.003624234775638526
Steel,90,89.970169,7.86,0.0037481757307386357
Steel,90,89.435197,7.86,0.0038766521088961837
Steel,90,90.29617,7.86,0.003672019391025727
Steel,90,90.991436,7.86,0.003514737001692239
Steel,90,89.173034,7.86,0.003941238532416951
Steel,90,89.995172,7.86,0.0037422796770423352
Steel,90,90.868066,7.86,0.003542143669144301
Steel,90,88.063999,7.86,0.004226609417165226
Steel,90,89.94243,7.86,0.0037547296379079626
Steel,90,89.570709,7.86,0.0038436896193758847
Steel,90,89.86617,7.86,0.003772802929857716
Steel,90,89.498371,7.86,0.003861256738454707
Steel,90,90.137625,7.86,0.003708861117265213
Steel,90,91.923627,7.86,0.0033145467708893686
Steel,90,89.676078,7.86,0.003818250374038275
Steel,90,90.291711,7.86,0.0036730521206217743
Steel,90,91.994746,7.86,0.003299772923418892
Steel,90,89.449984,7.86,0.0038730385212645373
Steel,90,91.814675,7.86,0.003337301080950812
Steel,90,90.005323,7.86,0.003739884734329241
Steel,90,91.781896,7.86,0.0033441831653494795
Steel,90,90.750201,7.86,0.0035685318400200325
Steel,90,90.307108,7.86,0.0036694974095268355
Steel,90,89.934369,7.86,0.003756633925005197
Steel,90,89.375959,7.86,0.0038911502424084517
Steel,90,90.075792,7.86,0.0037233313413249803
Steel,90,90.897361,7.86,0.0035356225418174884
Steel,90,89.986889,7.86,0.00374423850612448
Steel,90,89.683377,7.86,0.0038164981139919875
Steel,90,89.749217,7.86,0.0038007003433726465
Steel,90,90.992477,7.86,0.0035145110679465183
Steel,90,91.225161,7.86,0.003463400596525299
Steel,90,89.332849,7.86,0.003901735425210276
Steel,90,89.331412,7.86,0.0039020875585314206
Steel,90,90.379359,7.86,0.003652836919943633
Steel,90,91.527532,7.86,0.0033981138386355247
Steel,90,91.14599,7.86,0.0034807056394630387
Steel,90,88.748148,7.86,0.004048201244269793
Steel,90,89.735924,7.86,0.003803878530554368
Steel,90,89.069396,7.86,0.003967053711215602
Steel,90,89.732487,7.86,0.003804698619124381
Steel,90,91.60441,7.86,0.003381706949001097
Steel,90,88.577399,7.86,0.004092006849565421
Steel,90,88.381135,7.86,0.004142944788399936
Steel,90,89.171446,7.86,0.003941626170453169
Steel,90,90.287311,7.86,0.003674063834460869
Steel,90,90.620755,7.86,0.0035977362278631223
Steel,90,90.437448,7.86,0.0036394966079367733
Steel,90,91.175685,7.86,0.003474206051213297
Steel,90,88.236914,7.86,0.004180786403509678
Steel,90,91.188337,7.86,0.0034714409698005737
Steel,90,89.687905,7.86,0.0038154101258792393
Steel,90,90.731494,7.86,0.0035727440001392615
Steel,90,88.676575,7.86,0.004066506795827784
Steel,90,90.004957,7.86,0.00373997480376816
Steel,90,90.236271,7.86,0.0036858943933038898
Steel,90,91.155751,7.86,0.0034785742937569262
Steel,90,88.414745,7.86,0.004134177340848354
Steel,90,90.030753,7.86,0.003733904008378866
Steel,90,88.914765,7.86,0.004005911722432979
Steel,90,90.505496,7.86,0.003623940678616434
Steel,90,90.777217,7.86,0.0035624639684635707
Steel,90,91.28717,7.86,0.0034499037901625455
Steel,90,89.464971,7.86,0.003869386903456547
Steel,90,90.927226,7.86,0.003528983094501941
Steel,90,91.360902,7.86,0.0034339366340000676
Steel,90,88.356753,7.86,0.00414931933995088
Steel,90,90.612345,7.86,0.003599639843338187
Steel,90,90.958511,7.86,0.003522037927245177
Steel,90,89.741274,7.86,0.0038025963312286757
Steel,90,88.789226,7.86,0.004037735283183008
Steel,90,90.942956,7.86,0.0035254895445280764
Steel,90,88.800491,7.86,0.004034875502071813
Steel,90,89.821649,7.86,0.003783401018061035
Steel,90,89.959876,7.86,0.0037506117135985657
Steel,90,90.715538,7.86,0.003576329731454522
Steel,90,89.373368,7.86,0.003891783804944101
Steel,90,89.315416,7.86,0.003906030385893847
Steel,90,90.098915,7.86,0.0037179140641671465
Steel,90,91.00639,7.86,0.0035114312093480694
Steel,90,92.28745,7.86,0.0032396641870045175
Steel,90,88.492519,7.86,0.004113963734734745
Steel,90,90.315342,7.86,0.003667591485483526
Steel,90,88.913465,7.86,0.0040062382253150935
Steel,90,91.018811,7.86,0.0035086810494552776
Steel,90,89.061455,7.86,0.003969046300376967
Steel,90,89.325352,7.86,0.003903583604624984
Steel,90,89.410729,7.86,0.003882635783773309
Steel,90,89.923801,7.86,0.0037591405146442584
Steel,90,90.323198,7.86,0.003665778740934116
Steel,90,90.483701,7.86,0.003628918218152455
Steel,90,89.994232,7.86,0.0037425065180476144
Steel,90,88.670109,7.86,0.004068159854224953
Steel,90,90.727786,7.86,0.0035735728150573113
Steel,90,89.947041,7.86,0.003753646224774833
Steel,90,91.161735,7.86,0.0034772611586257685
Steel,90,89.292261,7.86,0.003911731612655509
Steel,90,88.397725,7.86,0.004138614289489019
Steel,90,89.965974,7.86,0.0037491663257930292
Steel,90,91.295953,7.86,0.00344800110253964
Steel,90,90.160942,7.86,0.003703415805153618
Steel,90,89.80033,7.86,0.0037884851612204036
Steel,90,89.129653,7.86,0.003952025201037933
Steel,90,91.757766,7.86,0.0033492620642311278
Steel,90,88.970397,7.86,0.003991889140637332
Steel,90,89.274606,7.86,0.003916081169135226
Steel,90,90.570034,7.86,0.003609244140366217
Steel,90,88.143979,7.86,0.004205344841067209
Steel,90,91.274591,7.86,0.0034526435909343666
Steel,90,90.624193,7.86,0.003596955321954972
Steel,90,90.899231,7.86,0.003535209780891226
Steel,90,90.558117,7.86,0.003611951591626616
Steel,90,89.838876,7.86,0.0037792997753469636
Steel,90,88.936851,7.86,0.004000347445010339
Steel,90,89.859925,7.86,0.0037742945184304926
Steel,90,89.024764,7.86,0.0039782332708311954
Steel,90,90.486155,7.86,0.003628355822310814
Steel,90,90.80678,7.86,0.0035558469483643806
Steel,90,91.476809,7.86,0.003408973140451544
Steel,90,90.371768,7.86,0.003654580358162737
Steel,90,90.924575,7.86,0.0035295733328189025
Steel,90,89.702855,7.86,0.0038118108852286587
Steel,90,89.521723,7.86,0.0038555768489570473
Steel,90,90.473672,7.86,0.003631211279555603
Steel,90,89.613527,7.86,0.0038333372104613394
Steel,90,90.269186,7.86,0.003678266731627678
Steel,90,88.938808,7.86,0.003999842711834788
Steel,90,89.118372,7.86,0.003954838195702045
Steel,90,90.635409,7.86,0.0035944161747009057
Steel,90,90.88669,7.86,0.0035379993691553742
Steel,90,89.014344,7.86,0.003980850239896948
Steel,90,90.670614,7.86,0.003586457532552217
Steel,90,89.467264,7.86,0.0038688198538610924
Steel,90,90.016505,7.86,0.0037372568931796834
Steel,90,91.416944,7.86,0.003421835323842517
Steel,90,90.807487,7.86,0.0035556835884266746
Steel,90,90.795872,7.86,0.003558287675582692
Steel,90,91.90879,7.86,0.0033176400301233753
Steel,90,89.296121,7.86,0.003910779254598516
Steel,90,89.014125,7.86,0.003980905778472914
Steel,90,89.277878,7.86,0.003915283660135076
Steel,90,89.745499,7.86,0.0038015806022131896
Steel,90,87.645449,7.86,0.004339759112158229
Steel,90,89.792572,7.86,0.0037903330879260023
Steel,90,89.455429,7.86,0.003871712316740972
Steel,90,90.78376,7.86,0.003561001488966411
Steel,90,90.352419,7.86,0.003659035881987049
Steel,90,89.399303,7.86,0.003885440232072879
Steel,90,90.589961,7.86,0.0036047182901559212
Steel,90,90.723263,7.86,0.0035745895303071567
Steel,90,89.231454,7.86,0.003926749229925872
Steel,90,89.506976,7.86,0.0038591530608686913
Steel,90,87.774637,7.86,0.004304505894756202
Steel,90,88.90934,7.86,0.00400727556545818
Steel,90,89.25753,7.86,0.00392029683804632
Steel,90,90.074166,7.86,0.0037237076681816304
Steel,90,89.054617,7.86,0.003970747941642673
Steel,90,89.486548,7.86,0.0038641282156749975
Steel,90,88.774669,7.86,0.0040414427748277915
Steel,90,90.171114,7.86,0.0037010553779783617
Steel,90,90.425715,7.86,0.0036421868746242246
Steel,90,90.402365,7.86,0.0036475489460073285
Steel,90,90.012361,7.86,0.0037382360014970844
Steel,90,88.458927,7.86,0.004122678515783586
Steel,90,89.380046,7.86,0.0038901469732177396
Steel,90,89.592693,7.86,0.00383837006185584
Steel,90,89.596705,7.86,0.0038373984529236588
Steel,90,90.074981,7.86,0.0037235279368769323
Steel,90,91.425541,7.86,0.0034199972838932498
Steel,90,90.812096,7.86,0.003554657433219307
Steel,90,89.012482,7.86,0.003981316503307915
Steel,90,90.678403,7.86,0.003584704793727328
Steel,90,90.640302,7.86,0.003593312950212643
Steel,90,89.193933,7.86,0.003936050572122221
Steel,90,90.848866,7.86,0.003546431995610411
Steel,90,89.839623,7.86,0.003779111727928458
Steel,90,88.590047,7.86,0.004088748101911448
Steel,90,90.455203,7.86,0.0036354287514887224
Steel,90,90.216962,7.86,0.0036903792055149797
Steel,90,89.772322,7.86,0.0037951684822996783
Steel,90,89.962547,7.86,0.003749981725980485
Steel,90,89.280915,7.86,0.003914526883159312
Steel,90,90.610131,7.86,0.0036001400965560513
Steel,90,89.956549,7.86,0.003751388919853357
Steel,90,90.166449,7.86,0.0037021278896996125
Steel,90,90.357142,7.86,0.003657956316041213
Steel,90,88.845414,7.86,0.0040234629535034075
Steel,90,89.105717,7.86,0.003957992172944414
Steel,90,87.790056,7.86,0.004300316256588751
Steel,90,90.564742,7.86,0.003610444017838687
Steel,90,88.78779,7.86,0.00403810190909935
Steel,90,90.13257,7.86,0.0037100419476545103
Steel,90,90.370988,7.86,0.003654762780937464
Steel,90,90.602353,7.86,0.003601901473546097
Steel,90,88.795983,7.86,0.004036011757948857
Steel,90,89.934838,7.86,0.003756525482545841
Steel,90,91.67028,7.86,0.003367727696001069
Steel,90,91.714315,7.86,0.0033584107841772783
Steel,90,90.987323,7.86,0.0035156551312099747
Steel,90,90.337493,7.86,0.003662484747785493
Steel,90,88.994894,7.86,0.003985735479272718
Steel,90,90.718622,7.86,0.003575642069328704
Steel,90,89.841979,7.86,0.0037785633172196164
Steel,90,90.560528,7.86,0.003611409930759045
Steel,90,89.367157,7.86,0.0038933053968047394
Steel,90,89.827067,7.86,0.003782112148855699
Steel,90,90.164147,7.86,0.0037026724509284727
Steel,90,90.246278,7.86,0.003683566607411093
Steel,90,90.493723,7.86,0.003626630694859588
Steel,90,89.420805,7.86,0.0038801671008535125
Steel,90,88.656716,7.86,0.004071603457362401
Steel,90,91.624785,7.86,0.0033773811460165153
Steel,90,92.489254,7.86,0.0031988568767367257
Steel,90,90.447421,7.86,0.0036372161372887294
Steel,90,88.676008,7.86,0.00406665651476851
Steel,90,89.226805,7.86,0.003927895445395768
Steel,90,90.509118,7.86,0.003623110646566563
Steel,90,91.341116,7.86,0.003438207018564627
Steel,90,88.787109,7.86,0.004038272355793934
Steel,90,89.875667,7.86,0.0037705469426148166
Steel,90,90.195932,7.86,0.0036952796146257324
Steel,90,90.864578,7.86,0.003542930703444192
Steel,90,89.656399,7.86,0.0038229876076461998
Steel,90,88.436185,7.86,0.004128590344006559
Steel,90,90.621198,7.86,0.00359762829268422
Steel,90,91.124796,7.86,0.0034853540604314094
Steel,90,89.917409,7.86,0.0037606527006038564
Steel,90,90.40524,7.86,0.0036468949817551524
Steel,90,89.525509,7.86,0.0038546523210281464
Steel,90,89.154227,7.86,0.003945908238397649
Steel,90,91.026426,7.86,0.0035070138417703043
Steel,90,90.387496,7.86,0.0036509668620756065
Steel,90,90.490369,7.86,0.0036273937608155026
Steel,90,91.502115,7.86,0.0034035496192343496
Steel,90,88.945158,7.86,0.003998246675588247
Steel,90,89.447974,7.86,0.0038735284639958177
Steel,90,90.157933,7.86,0.0037041198393735764
Steel,90,89.435687,7.86,0.0038765335645739125
Steel,90,90.783137,7.86,0.003561143178801707
Steel,90,89.812601,7.86,0.0037855660638896377
Steel,90,89.007467,7.86,0.003982576257132793
Steel,90,90.065772,7.86,0.0037256770275138264
Steel,90,90.170339,7.86,0.003701232614158215
Steel,90,90.934682,7.86,0.0035273214664923807
Steel,90,90.393141,7.86,0.0036496658282192205
Steel,90,90.461146,7.86,0.0036340715995916264
Steel,90,90.320292,7.86,0.0036664441858872973
Steel,90,89.811777,7.86,0.0037857493952722916
Steel,90,89.283781,7.86,0.0039138264877762174
Steel,90,90.288838,7.86,0.003673711383258046
Steel,90,89.666875,7.86,0.003820462523185123
Steel,90,91.689823,7.86,0.003363592552843278
Steel,90,91.342182,7.86,0.0034379805903212335
Steel,90,90.632839,7.86,0.0035949965422820782
Steel,90,90.378467,7.86,0.0036530364721524488
Steel,90,89.912041,7.86,0.003761927121084814
Steel,90,88.738876,7.86,0.004050574508338868
Steel,90,89.783828,7.86,0.0037924202373414255
Steel,90,90.1014,7.86,0.0037173411338660557
Steel,90,90.229456,7.86,0.0036874817059487715
Steel,90,90.469536,7.86,0.003632152164180968
Steel,90,90.92133,7.86,0.003530294164976445
Steel,90,89.307846,7.86,0.003907885376753645
Steel,90,89.316924,7.86,0.0039056540172421085
Steel,90,91.450857,7.86,0.0034145455789620837
Steel,90,90.770982,7.86,0.0035638678073979455
Steel,90,89.609229,7.86,0.0038343674628192395
Steel,90,89.892789,7.86,0.0037664840759200615
Steel,90,89.897286,7.86,0.003765421697436882
Steel,90,90.031574,7.86,0.0037337226404251284
Steel,90,90.472683,7.86,0.0036314347802688693
Steel,90,92.534993,7.86,0.003189682863775139
Steel,90,90.189757,7.86,0.003696709839496296
Steel,90,90.662598,7.86,0.003588271972543535
Steel,90,88.313523,7.86,0.004160647316208247
Steel,90,89.5151,7.86,0.0038571752730504833
Steel,90,91.228815,7.86,0.0034626044227263008
Steel,90,90.402315,7.86,0.003647559457720149
Steel,90,85.610885,7.86,0.004933543748300338
Steel,90,90.674023,7.86,0.0035856883602056475
Steel,90,91.918164,7.86,0.0033156906995723072
Steel,90,88.004092,7.86,0.0042426204234169845
Steel,90,91.519388,7.86,0.0033998472349343715
Steel,90,87.228044,7.86,0.004455624931931495
Steel,90,90.937999,7.86,0.0035265820728193156
Steel,90,89.991351,7.86,0.003743179603114814
Steel,90,87.650029,7.86,0.0043385027569175835
Steel,90,90.446138,7.86,0.0036375058921862672
Steel,90,91.15084,7.86,0.00347964124831244
Steel,90,90.363887,7.86,0.0036563931274395103
Steel,90,90.584828,7.86,0.0036058816339609437
Steel,90,89.588324,7.86,0.0038394195843093103
Steel,90,88.13861,7.86,0.004206768029735745
Steel,90,90.691864,7.86,0.003581668548976043
Steel,90,91.749754,7.86,0.003350946362677685
Steel,90,91.129581,7.86,0.003484305310114613
Steel,90,88.012124,7.86,0.004240462541253991
Steel,90,88.485106,7.86,0.0041158790921900145
Steel,90,89.154032,7.86,0.003945952574134915
Steel,90,88.407025,7.86,0.004136180029781302
Steel,90,90.04419,7.86,0.0037307514714973638
Steel,90,90.393416,7.86,0.0036496014857977698
Steel,90,88.569747,7.86,0.004093982558900067
Steel,90,90.777128,7.86,0.003562486440958238
Steel,90,90.601104,7.86,0.0036021890837874227
Steel,90,89.451841,7.86,0.003872588907046416
Steel,90,89.827478,7.86,0.0037820114387675102
Steel,90,88.050199,7.86,0.004230288185140472
Steel,90,89.667738,7.86,0.0038202557817624385
Steel,90,90.007385,7.86,0.003739394764767939
Steel,90,90.168748,7.86,0.0037016062733703815
Steel,90,90.378877,7.86,0.003652945894571859
Steel,90,90.244242,7.86,0.0036840409924508133
Steel,90,89.735656,7.86,0.003803943578747009
Steel,90,90.286195,7.86,0.0036743213272220293
Steel,90,91.002032,7.86,0.003512398145142725
Steel,90,89.904502,7.86,0.003763703121615938
Steel,90,90.317595,7.86,0.003667069131755249
Steel,90,89.813829,7.86,0.0037852674399734753
Steel,90,89.353241,7.86,0.0038967156012555274
Steel,90,90.52288,7.86,0.0036199751490861654
Steel,90,89.444774,7.86,0.0038743127098559956
Steel,90,90.386147,7.86,0.003651275148168003
Steel,90,90.028255,7.86,0.0037344941998128755
Steel,90,89.696065,7.86,0.003813446153872754
Steel,90,89.671857,7.86,0.0038192693276456764
Steel,90,89.491879,7.86,0.003862831263644623
Steel,90,88.354199,7.86,0.004149982657781649
Steel,90,90.382895,7.86,0.0036520180092255807
Steel,90,90.231547,7.86,0.0036869882745536086
Steel,90,90.84967,7.86,0.0035462519556492588
Steel,90,89.468543,7.86,0.0038685149512490574
Steel,90,91.895384,7.86,0.0033204340693412876
Steel,90,89.620264,7.86,0.0038317039823428617
Steel,90,89.12489,7.86,0.003953205879143306
Steel,90,89.006315,7.86,0.003982861157812113
Steel,90,88.266078,7.86,0.004173106485769669
Steel,90,91.532628,7.86,0.0033970202525984735
Steel,90,91.371067,7.86,0.0034317381894742012
Steel,90,90.600745,7.86,0.0036022724429366324
Steel,90,89.103911,7.86,0.003958433840424611
Steel,90,91.811268,7.86,0.003338024739054478
Steel,90,89.648281,7.86,0.0038249464980014917
Steel,90,89.730974,7.86,0.0038050697862277516
Steel,90,91.437259,7.86,0.0034174699036009677
Steel,90,90.658911,7.86,0.0035891077854419556
Steel,90,92.201103,7.86,0.003257280558844106
Steel,90,90.248722,7.86,0.003683006341698219
Steel,90,89.602969,7.86,0.0038358805587794262
Steel,90,89.388195,7.86,0.003888153226546155
Steel,90,88.153004,7.86,0.004202958145695894
Steel,90,89.721404,7.86,0.003807358471831255
Steel,90,91.144593,7.86,0.0034810124627126715
Steel,90,90.598834,7.86,0.0036027054222374476
Steel,90,90.020308,7.86,0.003736362972560002
Steel,90,89.005066,7.86,0.003983175034420259
Steel,90,90.226873,7.86,0.0036880805736226514
Steel,90,91.012814,7.86,0.0035100131435805717
Steel,90,90.430719,7.86,0.0036410503532956257
Steel,90,90.166735,7.86,0.0037020661069512694
Steel,90,89.203042,7.86,0.003933786189448568
Steel,90,90.867182,7.86,0.0035423443724875506
Steel,90,86.868095,7.86,0.004558043668377583
Steel,90,90.382846,7.86,0.0036520307978086964
Steel,90,92.570322,7.86,0.0031826113512914687
Steel,90,88.491627,7.86,0.004114198409471992
Steel,90,89.758631,7.86,0.0037984468065681686
Steel,90,89.992089,7.86,0.003743009063907654
Steel,90,89.537417,7.86,0.003851757391363368
Steel,90,91.036374,7.86,0.003504812355050244
Steel,90,90.472451,7.86,0.003631482120982208
Steel,90,90.1523,7.86,0.0037054363290673882
Steel,90,90.797273,7.86,0.003557969727918292
Steel,90,90.016751,7.86,0.0037371966713281367
Steel,90,93.179864,7.86,0.0030631607325444575
Steel,90,90.151347,7.86,0.003705660862404952
Steel,90,90.195282,7.86,0.003695418353233485
Steel,90,88.289532,7.86,0.004166937830762009
Steel,90,89.45655,7.86,0.0038714317882022594
Steel,90,91.147378,7.86,0.0034804030456901647
Steel,90,88.664543,7.86,0.0040695984752633155
Steel,90,87.842443,7.86,0.004286125556356064
Steel,90,90.032315,7.86,0.003733543635930992
Steel,90,91.370745,7.86,0.0034318016687832705
Steel,90,90.042381,7.86,0.0037311712871631376
Steel,90,89.663875,7.86,0.0038211805243632173
Steel,90,88.141512,7.86,0.004206006819638894
Steel,90,90.452254,7.86,0.003636109516053143
Steel,90,90.661275,7.86,0.003588565386391795
Steel,90,88.218268,7.86,0.004185701651057227
Steel,90,91.134532,7.86,0.0034832200709413283
Steel,90,90.765696,7.86,0.003565053454785254
Steel,90,91.132316,7.86,0.0034837063404782394
Steel,90,90.583525,7.86,0.0036061838887538012
Steel,90,90.653683,7.86,0.0035902855745358815
Steel,90,90.520721,7.86,0.003620468330487836
Steel,90,90.868472,7.86,0.003542055758443753
Steel,90,88.181242,7.86,0.004195484462369296
Steel,90,88.498941,7.86,0.004112297278228635
Steel,90,89.263992,7.86,0.003918704603795562
Steel,90,89.87018,7.86,0.0037718578989443144
Steel,90,90.388137,7.86,0.0036508141482446146
Steel,90,90.324682,7.86,0.0036654374931297555
Steel,90,91.117106,7.86,0.0034870446317531046
Steel,90,91.148495,7.86,0.003480158969300195
Steel,90,89.127615,7.86,0.003952526767893675
Steel,90,90.238576,7.86,0.003685360400818642
Steel,90,89.152168,7.86,0.003946422321083819
Steel,90,89.811753,7.86,0.0037857570308837208
Steel,90,90.321791,7.86,0.003666096240555635
Steel,90,86.591288,7.86,0.004638397813302425
Steel,90,92.411244,7.86,0.003214571367103069
Steel,90,90.566409,7.86,0.0036100712563831637
Steel,90,89.404297,7.86,0.003884210398319497
Steel,90,91.92737,7.86,0.0033137678987565913
Steel,90,89.652569,7.86,0.0038239167134579196
Steel,90,90.132519,7.86,0.003710052511003683
Steel,90,89.512884,7.86,0.0038577159579173273
Steel,90,91.651992,7.86,0.0033716048931181925
Steel,90,89.895015,7.86,0.0037659623039936903
Steel,90,90.149484,7.86,0.0037060945072173845
Steel,90,91.203782,7.86,0.003468065724414222
Steel,90,90.585139,7.86,0.0036058152511809186
Steel,90,89.945652,7.86,0.0037539641472117465
Steel,90,91.110391,7.86,0.003488514545209947
Steel,90,92.538483,7.86,0.003188982300366495
Steel,90,90.31741,7.86,0.0036671104571050278
Steel,90,90.11676,7.86,0.00371374325207336
Steel,90,90.170627,7.86,0.0037011619785903152
Steel,90,91.31043,7.86,0.0034448563900298197
Steel,90,89.400802,7.86,0.003885067720744738
Steel,90,89.721682,7.86,0.0038072971672577414
Steel,90,88.462557,7.86,0.004121737672502684
Steel,90,88.816132,7.86,0.004030893886276652
Steel,90,89.4822,7.86,0.0038651853058434852
Steel,90,89.944063,7.86,0.003754346007311027
Steel,90,91.769083,7.86,0.003346875469353778
Steel,90,90.535993,7.86,0.0036169868762765123
Steel,90,89.087921,7.86,0.0039624344845053195
Steel,90,89.27202,7.86,0.003916721771660562
Steel,90,91.374749,7.86,0.0034309383057216053
Steel,90,91.12661,7.86,0.003484955087300774
Steel,90,90.02815,7.86,0.0037345119895030783
Steel,90,89.557474,7.86,0.0038468811090481172
Steel,90,91.124933,7.86,0.0034853259908510835
Steel,90,89.006673,7.86,0.00398277363235955
Steel,90,90.39203,7.86,0.0036499249422464676
Steel,90,92.272659,7.86,0.0032426719524131166
Steel,90,90.205356,7.86,0.0036930825558822837
Steel,90,89.224391,7.86,0.003928495345450872
Steel,90,90.410369,7.86,0.0036457114336319258
Steel,90,89.529991,7.86,0.003853559285632359
Steel,90,88.605884,7.86,0.004084668725583592
Steel,90,90.701036,7.86,0.003579597885096341
Steel,90,91.117834,7.86,0.0034868807157064944
Steel,90,89.689093,7.86,0.0038151244646929365
Steel,90,89.622764,7.86,0.003831103048455591
Steel,90,89.038435,7.86,0.003974809249883732
Steel,90,89.850064,7.86,0.003776638355099655
Steel,90,89.437632,7.86,0.003876056724688979
Steel,90,88.988967,7.86,0.003987221156249806
Steel,90,91.892169,7.86,0.0033211058640972503
Steel,90,90.466493,7.86,0.003632852613161485
Steel,90,90.572395,7.86,0.003608706385532187
Steel,90,90.8834,7.86,0.003538732117829929
Steel,90,90.771036,7.86,0.0035638515779097325
Steel,90,89.58689,7.86,0.0038397740793193725
Steel,90,90.272553,7.86,0.003677484749704058
Steel,90,89.73097,7.86,0.0038050697862277516
Steel,90,90.438464,7.86,0.0036392731794415672
Steel,90,90.341691,7.86,0.0036615083462682306
Steel,90,89.61734,7.86,0.003832404721947555
Steel,90,88.670701,7.86,0.004068011497682218
Steel,90,90.146237,7.86,0.0037068471106868604
Steel,90,89.795731,7.86,0.0037895787082842577
Steel,90,88.109628,7.86,0.00421446659455374
Steel,90,90.507662,7.86,0.0036234421545044753
Steel,90,90.965342,7.86,0.003520526393541299
Steel,90,92.528356,7.86,0.003191010071949528
Steel,90,89.608802,7.86,0.003834468996281745
Steel,90,89.461288,7.86,0.003870284925649024
Steel,90,88.890579,7.86,0.004012017590627489
Steel,90,90.208642,7.86,0.003692314397638891
Steel,90,90.202318,7.86,0.0036937912320694002
Steel,90,89.188704,7.86,0.00393734660896479
Steel,90,89.82507,7.86,0.003782583879852638
Steel,90,88.021334,7.86,0.004238000963617268
Steel,90,90.926377,7.86,0.003529173277034801
Steel,90,89.229321,7.86,0.003927277215435815
Steel,90,89.965344,7.86,0.0037493196647910656
Steel,90,88.573307,7.86,0.004093062998703676
Steel,90,89.417646,7.86,0.003880945026463939
Steel,90,89.720409,7.86,0.0038075942300725527
Steel,90,89.988709,7.86,0.0037438117831085286
Steel,90,90.479733,7.86,0.003629828375683821
Steel,90,91.439075,7.86,0.003417074550250077
Steel,90,90.732711,7.86,0.0035724624565790473
Steel,90,90.962165,7.86,0.0035212315643419825
Steel,90,91.446104,7.86,0.0034155688186201494
Steel,90,90.569708,7.86,0.003609317161729143
Steel,90,89.963293,7.86,0.00374980534618696
Steel,90,91.009112,7.86,0.003510828978804363
Steel,90,91.073009,7.86,0.0034967403126905093
Steel,90,90.648566,7.86,0.0035914401998936403
Steel,90,88.545372,7.86,0.004100274889887931
Steel,90,89.15854,7.86,0.00394483408305791
Steel,90,89.725146,7.86,0.0038064643322360805
Steel,90,90.779621,7.86,0.003561927728993304
Steel,90,89.978654,7.86,0.0037461835681785087
Steel,90,91.136869,7.86,0.0034827066541479805
Steel,90,91.315237,7.86,0.003443817763116177
Steel,90,91.19917,7.86,0.0034690748338956057
Steel,90,91.205541,7.86,0.0034676796075596462
Steel,90,88.963006,7.86,0.003993743261357596
Steel,90,90.482635,7.86,0.0036291560735506544
Steel,90,89.392471,7.86,0.003887101812209959
Steel,90,88.350934,7.86,0.004150840252165584
Steel,90,89.712529,7.86,0.0038094872764001465
Steel,90,91.324737,7.86,0.003441759919967929
Steel,90,90.460742,7.86,0.0036341665952149722
Steel,90,92.017809,7.86,0.0032949972432507312
Steel,90,90.17723,7.86,0.0036996249069238566
Steel,90,92.447803,7.86,0.0032071934430646072
Steel,90,90.177521,7.86,0.0036995562615890413
Steel,90,90.02248,7.86,0.003735854412699169
Steel,90,88.72061,7.86,0.0040552320798516
Steel,90,91.110563,7.86,0.0034884801495599707
Steel,90,89.497875,7.86,0.003861374913501918
Steel,90,89.352952,7.86,0.0038967956284182335
Steel,90,91.281231,7.86,0.003451202807720641
Steel,90,91.158223,7.86,0.0034780294383633926
Steel,90,91.132051,7.86,0.0034837620545885824
Steel,90,89.637809,7.86,0.0038274701881566018
Steel,90,89.949024,7.86,0.003753177991550602
Steel,90,89.940146,7.86,0.00375527121031758
Steel,90,90.782518,7.86,0.003561275647935299
Steel,90,91.553565,7.86,0.0033925500330626553
Steel,90,90.368147,7.86,0.0036554116789113055
Steel,90,91.974891,7.86,0.0033038884007907995
Steel,90,90.897194,7.86,0.0035356544719816504
Steel,90,89.765201,7.86,0.0037968720240960188
Steel,90,90.828711,7.86,0.0035509356296582048
Steel,90,91.70594,7.86,0.0033601851372683346
Steel,90,91.998289,7.86,0.0032990340001764398
Steel,90,91.186891,7.86,0.0034717565084248342
Steel,90,90.025674,7.86,0.0037350985475482702
Steel,90,89.783307,7.86,0.003792542435164472
Steel,90,90.57607,7.86,0.0036078724234979765
Steel,90,91.673974,7.86,0.003366949295972152
Steel,90,90.433769,7.86,0.0036403436959725577
Steel,90,90.454532,7.86,0.0036355859132248705
Steel,90,90.051398,7.86,0.0037290536584749672
Steel,90,89.672109,7.86,0.0038192107512530814
Steel,90,89.837865,7.86,0.0037795380951164796
Steel,90,90.135426,7.86,0.003709376932165207
Steel,90,91.7181,7.86,0.003357616520396679
Steel,90,89.760286,7.86,0.003798045803110303
Steel,90,90.052612,7.86,0.0037287699175640055
Steel,90,89.134622,7.86,0.003950783934167495
Steel,90,90.716631,7.86,0.0035760863473087946
Steel,90,91.366679,7.86,0.0034326798141407276
Steel,90,91.624498,7.86,0.0033774385931734183
Steel,90,90.203365,7.86,0.0036935416968806346
Steel,90,90.574354,7.86,0.003608262099058379
Steel,90,89.84645,7.86,0.003777494928988642
Steel,90,90.528019,7.86,0.003618811583379462
Steel,90,90.313965,7.86,0.003667912744547212
Steel,90,90.058264,7.86,0.003727439586155008
Steel,90,90.137754,7.86,0.0037088306520229875
Steel,90,90.451922,7.86,0.0036361828029017077
Steel,90,89.705848,7.86,0.0038110954004458254
Steel,90,89.757503,7.86,0.0037987199468997312
Steel,90,91.707362,7.86,0.003359879460736924
Steel,90,92.710547,7.86,0.003154703674366367
Steel,90,88.795633,7.86,0.004036104175512952
Steel,90,88.740529,7.86,0.004050146789376045
Steel,90,89.042847,7.86,0.0039737078407383886
Steel,90,89.896712,7.86,0.0037655591618745675
Steel,90,90.895781,7.86,0.003535971672010034
Steel,90,90.591253,7.86,0.0036044250865563425
Steel,90,90.172031,7.86,0.0037008379659608038
Steel,90,90.528936,7.86,0.0036185959679689234
Steel,90,89.307914,7.86,0.003907872123596638
Steel,90,89.755877,7.86,0.0037990966641284294
Steel,90,89.979905,7.86,0.003745877267375822
Steel,90,88.415784,7.86,0.0041339044425467335
Steel,90,88.83869,7.86,0.004025159713315446
Steel,90,88.878434,7.86,0.0040150959445122295
Steel,90,90.764108,7.86,0.003565411132598099
Steel,90,90.245355,7.86,0.003683786579182576
Steel,90,90.611061,7.86,0.0035999350328148848
Steel,90,88.160345,7.86,0.004201012319768782
Steel,90,88.516433,7.86,0.0041077641872065895
Steel,90,90.663215,7.86,0.0035881306737129024
Steel,90,87.22133,7.86,0.0044575081631960745
Steel,90,91.224629,7.86,0.0034635142950667215
Steel,90,88.176683,7.86,0.00419668123826479
Steel,90,90.843345,7.86,0.0035476664019764457
Steel,90,89.111415,7.86,0.003956571690265803
Steel,90,91.048904,7.86,0.003502042745735126
Steel,90,93.208161,7.86,0.0030577398749516735
Steel,90,87.726822,7.86,0.004317518514923252
Steel,90,90.695377,7.86,0.0035808801819712907
Steel,90,88.191837,7.86,0.004192669986018189
Steel,90,90.426769,7.86,0.0036419457722587467
Steel,90,89.793228,7.86,0.0037901764762862215
Steel,90,90.129782,7.86,0.003710694270868834
Steel,90,89.088314,7.86,0.003962329974743537
Steel,90,90.780541,7.86,0.003561712976583666
Steel,90,88.551642,7.86,0.004098654737400131
Steel,90,91.241637,7.86,0.0034598057648948253
Steel,90,89.59075,7.86,0.0038388375870381805
Steel,90,88.597309,7.86,0.0040868713968618305
Steel,90,91.594937,7.86,0.00338372773208283
Steel,90,89.932657,7.86,0.0037570352702536967
Steel,90,91.907636,7.86,0.0033178818865953396
Steel,90,91.221356,7.86,0.0034642332234122255
Steel,90,89.201854,7.86,0.00393408074906699
Steel,90,89.91501,7.86,0.0037612185436202415
Steel,90,90.121038,7.86,0.0037127348266087026
Steel,90,91.526303,7.86,0.003398374648006582
Steel,90,90.437518,7.86,0.0036394843371555462
Steel,90,90.176293,7.86,0.0036998413394591346
Steel,90,89.80012,7.86,0.0037885349950135903
Steel,90,89.949443,7.86,0.0037530745919244976
Steel,90,91.304592,7.86,0.003446131605733399
Steel,90,90.003705,7.86,0.0037402643879675965
Steel,90,89.605003,7.86,0.003835396694095917
Steel,90,89.435493,7.86,0.0038765770974602096
Steel,90,89.446235,7.86,0.0038739607952933534
Steel,90,88.597904,7.86,0.004086724084598611
Steel,90,89.249625,7.86,0.003922262294454471
Steel,90,91.49842,7.86,0.003404345976005414
Steel,90,89.793401,7.86,0.0037901327716180475
Steel,90,90.704412,7.86,0.0035788406903119784
Steel,90,87.521243,7.86,0.004373902484712095
Steel,90,90.568311,7.86,0.0036096343437739056
Steel,90,89.838647,7.86,0.0037793497669872016
Steel,90,89.51856,7.86,0.0038563419475845383
Steel,90,90.18096,7.86,0.0036987474044439797
Steel,90,89.504175,7.86,0.003859835886683846
Steel,90,87.876125,7.86,0.00427702296906103
Steel,90,90.922248,7.86,0.003530090914643376
Steel,90,90.243018,7.86,0.0036843288827332283
Steel,90,89.686058,7.86,0.0038158485719560252
Steel,90,89.033815,7.86,0.003975966828012399
Steel,90,88.530142,7.86,0.004104211325309805
Steel,90,90.223893,7.86,0.0036887741579186986
Steel,90,91.613441,7.86,0.0033797929940493528
Steel,90,90.203166,7.86,0.003693590644264913
Steel,90,88.617238,7.86,0.004081744637245111
BPE,25,25.225117,1.04,0.3110248013988437
BPE,25,24.946657,1.04,0.3144622487074118
BPE,25,25.864044,1.04,0.30337535396048904
BPE,25,25.606733,1.04,0.3064189247388732
BPE,25,22.014177,1.04,0.3653235676776184
BPE,25,25.545242,1.04,0.307152502124518
BPE,25,23.996521,1.04,0.3288349277466267
BPE,25,23.578271,1.04,0.33600766280489824
BPE,25,24.811527,1.04,0.31615377547913026
BPE,25,25.410971,1.04,0.3087653724139192
BPE,25,23.359265,1.04,0.3399426915730779
BPE,25,25.704576,1.04,0.30525545127876036
BPE,25,25.763339,1.04,0.3045579305958309
BPE,25,25.046976,1.04,0.3132161421190698
BPE,25,24.132376,1.04,0.3266350381788254
BPE,25,24.020622,1.04,0.32844281305558504
BPE,25,26.025932,1.04,0.30148893152580386
BPE,25,23.488777,1.04,0.3375886477739848
BPE,25,26.06447,1.04,0.3010435556587606
BPE,25,24.834801,1.04,0.3158615293660222
BPE,25,24.904166,1.04,0.3149925182286707
BPE,25,23.291912,1.04,0.3411923312844589
BPE,25,24.853283,1.04,0.31562958420319726
BPE,25,25.613586,1.04,0.30633734602798707
BPE,25,23.66359,1.04,0.3345105606408512
BPE,25,25.498636,1.04,0.30771039915477844
BPE,25,25.089012,1.04,0.3126967032094748
BPE,25,24.356244,1.04,0.3230796717356388
BPE,25,25.854673,1.04,0.303484545617682
BPE,25,22.797743,1.04,0.3501268008251038
BPE,25,25.346681,1.04,0.3095447845637435
BPE,25,26.619435,1.04,0.29475537729761
BPE,25,26.439943,1.04,0.29676387082001926
BPE,25,25.389807,1.04,0.30902128121929606
BPE,25,24.698319,1.04,0.31778025928376896
BPE,25,24.364197,1.04,0.32295489406231426
BPE,25,24.697074,1.04,0.31779978175869145
BPE,25,25.543807,1.04,0.30716978503108805
BPE,25,24.192756,1.04,0.3256652965252857
BPE,25,25.757424,1.04,0.3046277044604612
BPE,25,27.133161,1.04,0.2890994289539832
BPE,25,24.938117,1.04,0.3145685807991608
BPE,25,23.655605,1.04,0.334651093641798
BPE,25,23.655255,1.04,0.33465704137260455
BPE,25,25.776566,1.04,0.30440124240182354
BPE,25,24.940254,1.04,0.3145420083756686
BPE,25,25.876831,1.04,0.30322662174120274
BPE,25,24.466366,1.04,0.3213623983029864
BPE,25,25.830624,1.04,0.30376545587612414
BPE,25,24.841701,1.04,0.31577505862648503
BPE,25,24.267496,1.04,0.3244745024716255
BPE,25,24.599002,1.04,0.31930625722933453
BPE,25,23.802946,1.04,0.3320780540910106
BPE,25,26.98936,1.04,0.2906661004219859
BPE,25,24.903618,1.04,0.31499913614417047
BPE,25,25.644514,1.04,0.30597020463967933
BPE,25,24.463131,1.04,0.32141272601557824
BPE,25,23.948072,1.04,0.32962510381775123
BPE,25,24.766119,1.04,0.31674610250965607
BPE,25,26.101193,1.04,0.3006200317649055
BPE,25,24.479268,1.04,0.32116165341075414
BPE,25,24.129468,1.04,0.32668165386202647
BPE,25,25.155464,1.04,0.3118785379516794
BPE,25,25.499023,1.04,0.3077056353466421
BPE,25,26.642848,1.04,0.29449518368441463
BPE,25,25.35375,1.04,0.30945878772424856
BPE,25,25.643993,1.04,0.3059764261889353
BPE,25,25.719275,1.04,0.30508073364188615
BPE,25,23.846985,1.04,0.3313159559718223
BPE,25,24.036668,1.04,0.3281820920903869
BPE,25,23.916104,1.04,0.3301489889869249
BPE,25,23.667854,1.04,0.33443585632746525
BPE,25,25.79546,1.04,0.30417781550484096
BPE,25,25.29005,1.04,0.3102325249531956
BPE,25,25.079496,1.04,0.3128142864107206
BPE,25,22.407283,1.04,0.3574751266808571
BPE,25,27.055477,1.04,0.28994377473721067
BPE,25,24.105728,1.04,0.32706454276495645
BPE,25,27.051813,1.04,0.28998388300242195
BPE,25,23.550759,1.04,0.33649228950892285
BPE,25,24.187599,1.04,0.32574781663969693
BPE,25,22.797151,1.04,0.35013776376073863
BPE,25,25.362125,1.04,0.30935716009879716
BPE,25,23.898743,1.04,0.3304336414910013
BPE,25,23.927,1.04,0.32997015568785715
BPE,25,23.627486,1.04,0.33514384735016955
BPE,25,25.777355,1.04,0.30439182393701836
BPE,25,25.711464,1.04,0.3051736775974977
BPE,25,26.812034,1.04,0.29261889840506083
BPE,25,24.314293,1.04,0.32373749310579575
BPE,25,25.218819,1.04,0.3111016952046988
BPE,25,23.710665,1.04,0.33368532275305074
BPE,25,24.664961,1.04,0.3182916276455315
BPE,25,24.481155,1.04,0.3211321176825243
BPE,25,25.46445,1.04,0.3081206820486644
BPE,25,26.017022,1.04,0.3015922444395463
BPE,25,25.991067,1.04,0.30189303468464873
BPE,25,24.157188,1.04,0.32623579424529686
BPE,25,25.998468,1.04,0.3018072157733817
BPE,25,24.955915,1.04,0.3143469518382912
BPE,25,24.675403,1.04,0.31813149148911324
BPE,25,24.291489,1.04,0.32409588001517053
BPE,25,24.440064,1.04,0.32177138081102685
BPE,25,26.742314,1.04,0.293392988035314
BPE,25,25.307411,1.04,0.3100215020935767
BPE,25,25.174612,1.04,0.3116432514577434
BPE,25,24.737753,1.04,0.31717808863690533
BPE,25,27.445979,1.04,0.28574930592521136
BPE,25,26.30501,1.04,0.29828932948017683
BPE,25,24.278938,1.04,0.32429374363149266
BPE,25,24.726385,1.04,0.31735161316106053
BPE,25,24.785755,1.04,0.31647872158007345
BPE,25,25.145872,1.04,0.31199652825676577
BPE,25,24.298774,1.04,0.323981464465872
BPE,25,25.438817,1.04,0.30842923023304836
BPE,25,26.452088,1.04,0.2966272098124858
BPE,25,23.686372,1.04,0.3341108703260565
BPE,25,23.871853,1.04,0.33088650001627606
BPE,25,24.516841,1.04,0.3205773386130929
BPE,25,24.563204,1.04,0.3198589743098917
BPE,25,26.998466,1.04,0.2905664636309091
BPE,25,26.001709,1.04,0.3017694022608828
BPE,25,25.944322,1.04,0.3024361016635493
BPE,25,24.735634,1.04,0.3172104468944486
BPE,25,24.713687,1.04,0.3175458348698272
BPE,25,23.548295,1.04,0.3365360353767788
BPE,25,25.78174,1.04,0.30434005926176005
BPE,25,25.491055,1.04,0.30780137949485187
BPE,25,26.285997,1.04,0.29850546234010344
BPE,25,24.78917,1.04,0.31643568093773067
BPE,25,24.858221,1.04,0.31556766065224184
BPE,25,25.170046,1.04,0.31169961543919333
BPE,25,25.891898,1.04,0.30304920745681546
BPE,25,23.529784,1.04,0.3368627444865391
BPE,25,25.736056,1.04,0.30488134098369
BPE,25,24.979504,1.04,0.31405335276817714
BPE,25,23.941363,1.04,0.3297351106013997
BPE,25,22.915394,1.04,0.34797715341189067
BPE,25,24.863526,1.04,0.315500956990335
BPE,25,26.447713,1.04,0.29667623223737166
BPE,25,26.674685,1.04,0.294141990352228
BPE,25,25.355376,1.04,0.3094388100839454
BPE,25,26.962006,1.04,0.2909658886056586
BPE,25,24.957059,1.04,0.3143324828706211
BPE,25,25.953304,1.04,0.30233166586756094
BPE,25,24.548769,1.04,0.3200823340179888
BPE,25,24.485401,1.04,0.32106620333315017
BPE,25,24.322491,1.04,0.32360891721145607
BPE,25,22.939471,1.04,0.34754038012125776
BPE,25,26.287092,1.04,0.29849313847889414
BPE,25,24.358368,1.04,0.3230460082875144
BPE,25,24.198561,1.04,0.32557235119675754
BPE,25,23.820028,1.04,0.33178229008098764
BPE,25,24.795641,1.04,0.3163540922492149
BPE,25,26.763492,1.04,0.29315705877748455
BPE,25,27.093779,1.04,0.2895268665437931
BPE,25,23.339133,1.04,0.3403150132380804
BPE,25,24.645552,1.04,0.3185893646386296
BPE,25,23.965642,1.04,0.329338369411642
BPE,25,25.988338,1.04,0.30192488572038234
BPE,25,25.286594,1.04,0.3102747630319918
BPE,25,24.363431,1.04,0.3229672582571423
BPE,25,25.072573,1.04,0.31289974074733
BPE,25,24.522581,1.04,0.3204881914596151
BPE,25,26.614246,1.04,0.29481307798684814
BPE,25,25.54696,1.04,0.30713214922129384
BPE,25,25.669823,1.04,0.30566934394878614
BPE,25,22.333083,1.04,0.35894332186624195
BPE,25,24.933211,1.04,0.3146298888378913
BPE,25,27.083211,1.04,0.28964181630773267
BPE,25,26.326129,1.04,0.2980497011500668
BPE,25,23.15291,1.04,0.34371199260971613
BPE,25,24.686574,1.04,0.3179602676202185
BPE,25,23.798481,1.04,0.3321556042352942
BPE,25,26.711102,1.04,0.29373891196117113
BPE,25,25.244278,1.04,0.3107906013711408
BPE,25,24.232204,1.04,0.325034398035434
BPE,25,25.034158,1.04,0.3133750660520505
BPE,25,22.392634,1.04,0.3577643418783705
BPE,25,23.915039,1.04,0.33016641278106357
BPE,25,25.036444,1.04,0.313346755321958
BPE,25,25.845675,1.04,0.30358965200798627
BPE,25,23.058686,1.04,0.3453921332913936
BPE,25,24.618845,1.04,0.31900014605925836
BPE,25,26.009686,1.04,0.3016773052918397
BPE,25,23.548547,1.04,0.3365315959416969
BPE,25,25.229183,1.04,0.31097518521013884
BPE,25,25.065975,1.04,0.312981060465925
BPE,25,26.71438,1.04,0.2937026245871441
BPE,25,24.769864,1.04,0.3166889245462984
BPE,25,24.828399,1.04,0.3159418915673466
BPE,25,25.85496,1.04,0.3034813806731105
BPE,25,23.673651,1.04,0.3343338560806312
BPE,25,24.779117,1.04,0.3165623254410093
BPE,25,24.544275,1.04,0.3201520874244355
BPE,25,24.861088,1.04,0.31553166265526017
BPE,25,25.848406,1.04,0.3035577189686783
BPE,25,25.554161,1.04,0.30704585163303855
BPE,25,24.251318,1.04,0.3247295460679421
BPE,25,25.136699,1.04,0.31210915606010536
BPE,25,26.490442,1.04,0.29619609102066713
BPE,25,24.168634,1.04,0.326052064998885
BPE,25,25.145167,1.04,0.31200489569356743
BPE,25,24.806839,1.04,0.3162130864224159
BPE,25,24.936995,1.04,0.31458289920565374
BPE,25,23.369342,1.04,0.3397560064136022
BPE,25,26.410763,1.04,0.2970924839529636
BPE,25,24.225648,1.04,0.32513902072002177
BPE,25,26.026072,1.04,0.3014871908166671
BPE,25,24.378623,1.04,0.3227293316743989
BPE,25,24.374495,1.04,0.32279421578574885
BPE,25,26.213123,1.04,0.2993361450235763
BPE,25,25.993885,1.04,0.3018602743884865
BPE,25,25.208666,1.04,0.3112261962114418
BPE,25,25.761151,1.04,0.30458368240084244
BPE,25,24.711447,1.04,0.31757988650555363
BPE,25,24.991632,1.04,0.3139025187237702
BPE,25,24.338376,1.04,0.3233594319872622
BPE,25,25.904065,1.04,0.3029061506587935
BPE,25,24.306587,1.04,0.32385838147419327
BPE,25,26.485156,1.04,0.2962554755878109
BPE,25,24.684166,1.04,0.31799706892173657
BPE,25,25.020509,1.04,0.31354433390542275
BPE,25,25.758728,1.04,0.30461248580621575
BPE,25,25.023864,1.04,0.31350260251157147
BPE,25,24.702092,1.04,0.31772296082551277
BPE,25,24.969977,1.04,0.31417168441054
BPE,25,25.893818,1.04,0.303026721283012
BPE,25,24.337148,1.04,0.3233788424167321
BPE,25,24.873763,1.04,0.31537258233443927
BPE,25,25.010287,1.04,0.31367093576610905
BPE,25,25.864585,1.04,0.3033690525870145
BPE,25,24.900155,1.04,0.31504257726784207
BPE,25,26.808299,1.04,0.2926600477723758
BPE,25,24.843461,1.04,0.31575293844215335
BPE,25,24.762316,1.04,0.3168039344885315
BPE,25,24.828968,1.04,0.3159348694176398
BPE,25,23.683359,1.04,0.3341638356555282
BPE,25,23.963273,1.04,0.3293769176486421
BPE,25,24.469333,1.04,0.3213164282110817
BPE,25,26.13583,1.04,0.3002219501724993
BPE,25,24.966874,1.04,0.31421031420357315
BPE,25,24.515356,1.04,0.3206005083239451
BPE,25,26.226535,1.04,0.2991830558740446
BPE,25,26.551177,1.04,0.2955163387212386
BPE,25,26.255382,1.04,0.298853879398893
BPE,25,24.14691,1.04,0.32640086617485814
BPE,25,24.504751,1.04,0.32076497540443455
BPE,25,26.813736,1.04,0.2926000578631003
BPE,25,25.24114,1.04,0.3108290973250094
BPE,25,24.732373,1.04,0.3172601760493215
BPE,25,25.718348,1.04,0.3050915910879485
BPE,25,26.007299,1.04,0.3017047716819097
BPE,25,24.42855,1.04,0.3219506936280953
BPE,25,25.21944,1.04,0.31109425835305327
BPE,25,25.92656,1.04,0.3026429583993337
BPE,25,23.839713,1.04,0.33144143826095523
BPE,25,25.012345,1.04,0.31364520423894043
BPE,25,23.88561,1.04,0.3306496407050757
BPE,25,24.01642,1.04,0.3285111175372918
BPE,25,24.4369,1.04,0.3218208089012454
BPE,25,25.47712,1.04,0.30796850688479355
BPE,25,24.677977,1.04,0.31809195869376067
BPE,25,24.351582,1.04,0.32315242146606826
BPE,25,25.051555,1.04,0.31315940018105265
BPE,25,23.853037,1.04,0.3312113945576233
BPE,25,25.428803,1.04,0.3085497753373718
BPE,25,26.131387,1.04,0.3002728065916521
BPE,25,24.920796,1.04,0.31478475991057653
BPE,25,24.797351,1.04,0.31633242907909226
BPE,25,25.37344,1.04,0.3092198203237216
BPE,25,22.971531,1.04,0.34695991197820397
BPE,25,25.536817,1.04,0.3072530841339253
BPE,25,28.101886,1.04,0.2789727717550986
BPE,25,24.877324,1.04,0.31532838145151487
BPE,25,24.880875,1.04,0.31528390893606495
BPE,25,25.743607,1.04,0.3047918416479066
BPE,25,26.645333,1.04,0.2944673729860453
BPE,25,25.974968,1.04,0.3020795915295587
BPE,25,22.844393,1.04,0.3492713562924784
BPE,25,25.563399,1.04,0.3069356911540697
BPE,25,27.57193,1.04,0.2844330654328481
BPE,25,25.622441,1.04,0.30623229101172694
BPE,25,23.845398,1.04,0.3313431839613959
BPE,25,25.28183,1.04,0.3103326676569985
BPE,25,23.719313,1.04,0.3335342626092689
BPE,25,26.232804,1.04,0.2991116809599848
BPE,25,24.044117,1.04,0.32806124017388427
BPE,25,25.074244,1.04,0.31287918641604373
BPE,25,24.14222,1.04,0.32647628374290405
BPE,25,24.453552,1.04,0.32156171261824956
BPE,25,26.486151,1.04,0.2962443924952858
BPE,25,25.103457,1.04,0.3125184945437221
BPE,25,24.440798,1.04,0.3217601401126364
BPE,25,23.854772,1.04,0.3311813534290793
BPE,25,23.128299,1.04,0.3441493969837218
BPE,25,23.748719,1.04,0.33302126824854594
BPE,25,25.111959,1.04,0.3124137259538884
BPE,25,25.980234,1.04,0.30201868710470514
BPE,25,24.439649,1.04,0.3217780560708113
BPE,25,26.570544,1.04,0.2953000691118457
BPE,25,24.2825,1.04,0.3242377650755374
BPE,25,24.761988,1.04,0.3168090017289843
BPE,25,23.920423,1.04,0.3300778616789785
BPE,25,25.990762,1.04,0.30189653282689716
BPE,25,27.097511,1.04,0.2894862685980764
BPE,25,23.238183,1.04,0.3421951721096953
BPE,25,24.653838,1.04,0.3184623190362452
BPE,25,26.26478,1.04,0.2987469528031003
BPE,25,23.553054,1.04,0.33645177995807085
BPE,25,25.566684,1.04,0.30689630120011274
BPE,25,26.221472,1.04,0.29924074152672536
BPE,25,25.078229,1.04,0.3128298863371147
BPE,25,25.550263,1.04,0.3070923577304836
BPE,25,26.760902,1.04,0.2931861545339566
BPE,25,26.948427,1.04,0.29111487619207577
BPE,25,24.938033,1.04,0.3145697245286143
BPE,25,24.467622,1.04,0.3213428923615265
BPE,25,24.08002,1.04,0.3274797510268807
BPE,25,25.976964,1.04,0.3020565138929463
BPE,25,23.628224,1.04,0.33513081681057355
BPE,25,24.747426,1.04,0.3170306835963001
BPE,25,25.10269,1.04,0.31252808718381614
BPE,25,24.496997,1.04,0.3208854313618042
BPE,25,25.27982,1.04,0.31035717076474856
BPE,25,27.564513,1.04,0.2845102529472268
BPE,25,24.878401,1.04,0.31531502414456897
BPE,25,24.564594,1.04,0.3198371587244281
BPE,25,26.015332,1.04,0.3016119768978889
BPE,25,25.239584,1.04,0.3108480834528426
BPE,25,26.439336,1.04,0.29677055481688064
BPE,25,25.164688,1.04,0.31176511946365787
BPE,25,24.751577,1.04,0.3169672686566398
BPE,25,23.216275,1.04,0.34259106203991574
BPE,25,23.380265,1.04,0.33955451836733097
BPE,25,23.164301,1.04,0.3435100211865813
BPE,25,25.379339,1.04,0.3091483799560749
BPE,25,23.637751,1.04,0.3349645208895981
BPE,25,26.255577,1.04,0.298851910578667
BPE,25,25.030247,1.04,0.31342338590967683
BPE,25,24.755813,1.04,0.31690283876802167
BPE,25,24.156145,1.04,0.32625256422091437
BPE,25,25.622259,1.04,0.30623429500570815
BPE,25,24.195502,1.04,0.3256213099398326
BPE,25,24.014622,1.04,0.32854014618578486
BPE,25,26.18835,1.04,0.29961956235930026
BPE,25,25.354621,1.04,0.30944815004505744
BPE,25,24.765071,1.04,0.31676183898756394
BPE,25,25.641433,1.04,0.30600631799825506
BPE,25,25.008932,1.04,0.3136879341285807
BPE,25,25.383013,1.04,0.30910372228157795
BPE,25,24.183152,1.04,0.32581934001697865
BPE,25,27.070399,1.04,0.28978129220612625
BPE,25,24.42038,1.04,0.3220779587674879
BPE,25,26.556016,1.04,0.2954624390132462
BPE,25,24.811131,1.04,0.3161592369556248
BPE,25,25.807097,1.04,0.30404064881609355
BPE,25,25.734223,1.04,0.30490294724134087
BPE,25,26.146852,1.04,0.3000953265361215
BPE,25,24.159376,1.04,0.326200623612228
BPE,25,26.075635,1.04,0.3009148850205927
BPE,25,26.84644,1.04,0.29223821090697444
BPE,25,24.741307,1.04,0.31712392671333706
BPE,25,25.034706,1.04,0.3133680622882249
BPE,25,24.476553,1.04,0.32120376571142867
BPE,25,24.653564,1.04,0.3184663457152963
BPE,25,26.711423,1.04,0.29373537112459885
BPE,25,23.995765,1.04,0.32884713980042535
BPE,25,24.057881,1.04,0.3278379208696835
BPE,25,26.610901,1.04,0.29485040251231137
BPE,25,25.624548,1.04,0.3062072558840916
BPE,25,27.12037,1.04,0.28923816458289336
BPE,25,24.549561,1.04,0.32006993407076645
BPE,25,25.126281,1.04,0.31223740865385613
BPE,25,24.339323,1.04,0.32334452825905147
BPE,25,25.143301,1.04,0.3120282705065627
BPE,25,23.225903,1.04,0.34242104852280164
BPE,25,25.684955,1.04,0.3054889730499188
BPE,25,25.323474,1.04,0.30982630441545184
BPE,25,24.942445,1.04,0.31451494862163126
BPE,25,24.609636,1.04,0.31914218314233284
BPE,25,24.105246,1.04,0.32707245044582156
BPE,25,25.727713,1.04,0.30498045427955095
BPE,25,23.82891,1.04,0.3316284535433549
BPE,25,25.511896,1.04,0.30755139570064677
BPE,25,27.074451,1.04,0.2897372449619242
BPE,25,26.485521,1.04,0.2962513424538347
BPE,25,23.494872,1.04,0.337480746571448
BPE,25,24.463262,1.04,0.3214109342375336
BPE,25,25.421451,1.04,0.3086382984447263
BPE,25,24.929718,1.04,0.3146735417935821
BPE,25,23.600594,1.04,0.3356153013304376
BPE,25,25.385316,1.04,0.30907580455024614
BPE,25,24.989983,1.04,0.31392308713495426
BPE,25,26.914325,1.04,0.29148965908700486
BPE,25,24.746771,1.04,0.317040712603756
BPE,25,26.168003,1.04,0.29985260326191515
BPE,25,23.732912,1.04,0.3332968788370426
BPE,25,23.971991,1.04,0.3292346169392502
BPE,25,25.721662,1.04,0.3050522567094983
BPE,25,26.083731,1.04,0.30082161498482407
BPE,25,24.042607,1.04,0.32808560523758207
BPE,25,25.024077,1.04,0.3134997092465126
BPE,25,23.618421,1.04,0.33530260894501884
BPE,25,24.81878,1.04,0.31606289644143376
BPE,25,25.836923,1.04,0.30369171758464886
BPE,25,24.565042,1.04,0.3198301797573609
BPE,25,24.750965,1.04,0.316976712672846
BPE,25,23.870205,1.04,0.33091506031226525
BPE,25,24.351642,1.04,0.32315154768933485
BPE,25,26.758111,1.04,0.293217153636017
BPE,25,25.072925,1.04,0.3128953354915395
BPE,25,23.997692,1.04,0.3288159575335328
BPE,25,24.685228,1.04,0.31798105050403547
BPE,25,23.402572,1.04,0.33914335478841906
BPE,25,23.98584,1.04,0.3290087503107535
BPE,25,26.36034,1.04,0.2976621387705236
BPE,25,24.857518,1.04,0.3155765096800812
BPE,25,26.89073,1.04,0.29174947183678523
BPE,25,24.904652,1.04,0.3149863547441451
BPE,25,24.964021,1.04,0.3142456281260325
BPE,25,25.640894,1.04,0.3060129822741101
BPE,25,22.327412,1.04,0.3590559675017406
BPE,25,25.204939,1.04,0.3112717699733968
BPE,25,24.951014,1.04,0.314407845105418
BPE,25,26.486039,1.04,0.2962457440249013
BPE,25,25.964679,1.04,0.30219922964446144
BPE,25,23.866308,1.04,0.33098230360502123
BPE,25,26.242139,1.04,0.29900521843197575
BPE,25,24.737685,1.04,0.3171790357763271
BPE,25,24.095547,1.04,0.32722887665071143
BPE,25,25.197103,1.04,0.3113676798811871
BPE,25,24.797231,1.04,0.31633403085044504
BPE,25,26.538465,1.04,0.29565846726650125
BPE,25,25.340622,1.04,0.3096181050849216
BPE,25,25.205659,1.04,0.3112628262020509
BPE,25,25.900647,1.04,0.30294631484598533
BPE,25,26.092872,1.04,0.30071600787752906
BPE,25,25.783605,1.04,0.3043178948819149
BPE,25,26.419463,1.04,0.29699437694962194
BPE,25,25.608682,1.04,0.30639579662171484
BPE,25,25.167651,1.04,0.3117287683143484
BPE,25,26.239172,1.04,0.2990390164737168
BPE,25,24.909104,1.04,0.31493079462725376
BPE,25,25.033247,1.04,0.3133862988626916
BPE,25,26.721577,1.04,0.29362324325685446
BPE,25,26.621924,1.04,0.29472778505347136
BPE,25,24.991824,1.04,0.3139001448456801
BPE,25,24.546448,1.04,0.32011824175352177
BPE,25,26.463174,1.04,0.29650232352122874
BPE,25,25.800418,1.04,0.30411908014804967
BPE,25,25.315581,1.04,0.30992204278400715
BPE,25,24.678127,1.04,0.318089589003035
BPE,25,25.331697,1.04,0.3097262351219074
BPE,25,24.978292,1.04,0.31406815718123193
BPE,25,24.335662,1.04,0.3234020846995055
BPE,25,25.129042,1.04,0.31220356280886197
BPE,25,25.265424,1.04,0.31053274160333244
BPE,25,24.624605,1.04,0.31891162804072565
BPE,25,25.903826,1.04,0.3029089867865949
BPE,25,26.288832,1.04,0.2984732144339772
BPE,25,25.969898,1.04,0.3021385279555413
BPE,25,24.723752,1.04,0.3173918168938515
BPE,25,25.755822,1.04,0.3046470012321877
BPE,25,25.077961,1.04,0.31283315576674264
BPE,25,23.764254,1.04,0.33275056598971253
BPE,25,25.672729,1.04,0.30563451370736605
BPE,25,25.146132,1.04,0.31199346917857357
BPE,25,27.593548,1.04,0.28420742463854204
BPE,25,26.457271,1.04,0.29656883132306605
BPE,25,25.71115,1.04,0.30517731470274057
BPE,25,25.249171,1.04,0.31073093854373707
BPE,25,25.163722,1.04,0.31177707335862576
BPE,25,23.996311,1.04,0.3288379510712942
BPE,25,23.261013,1.04,0.3417686426622115
BPE,25,24.127441,1.04,0.32671446551133093
BPE,25,24.952283,1.04,0.3143919024854168
BPE,25,22.894461,1.04,0.3483576989943846
BPE,25,24.455678,1.04,0.3215285264104669
BPE,25,24.752387,1.04,0.3169548957992107
BPE,25,24.784573,1.04,0.3164933174503597
BPE,25,24.338276,1.04,0.3233610729792345
BPE,25,24.658486,1.04,0.31839094920826544
BPE,25,26.723894,1.04,0.2935976645810038
BPE,25,25.662145,1.04,0.3057608873252704
BPE,25,24.439699,1.04,0.32177742338764836
BPE,25,24.931652,1.04,0.31464935217906786
BPE,25,24.971687,1.04,0.3141505277719559
BPE,25,24.232045,1.04,0.32503704506026876
BPE,25,24.23087,1.04,0.3250559480594617
BPE,25,26.010524,1.04,0.3016675343561036
BPE,25,24.580216,1.04,0.31959635041532247
BPE,25,23.905304,1.04,0.33032590663468536
BPE,25,24.95686,1.04,0.31433502742819824
BPE,25,25.11801,1.04,0.31233924244524397
BPE,25,23.027296,1.04,0.3459550372624809
BPE,25,24.959254,1.04,0.31430511906004166
BPE,25,25.86798,1.04,0.30332936631995944
BPE,25,25.451229,1.04,0.3082797621714795
BPE,25,27.229795,1.04,0.2880547645804378
BPE,25,26.251109,1.04,0.29890285851063614
BPE,25,26.448934,1.04,0.29666278092447723
BPE,25,27.800086,1.04,0.28206538546155296
BPE,25,25.758156,1.04,0.30461921761011146
BPE,25,25.16307,1.04,0.3117851602935562
BPE,25,25.97374,1.04,0.30209398374072965
BPE,25,24.440764,1.04,0.32176071327621025
BPE,25,25.107686,1.04,0.31246646704598585
BPE,25,24.352272,1.04,0.323141650272843
BPE,25,25.397985,1.04,0.3089225126242735
BPE,25,24.348091,1.04,0.3232072922904858
BPE,25,24.313072,1.04,0.32375662999327526
BPE,25,25.413473,1.04,0.30873478278002625
BPE,25,24.862289,1.04,0.31551649505128293
BPE,25,23.072479,1.04,0.34514509560223083
BPE,25,23.544443,1.04,0.3366039689482614
BPE,25,23.852734,1.04,0.3312166994365174
BPE,25,24.117028,1.04,0.3268822137266414
BPE,25,25.414423,1.04,0.30872355029148624
BPE,25,25.218939,1.04,0.31110025991573476
BPE,25,26.065279,1.04,0.30103448457892773
BPE,25,25.752802,1.04,0.30468256189895876
BPE,25,26.071903,1.04,0.30095776125013696
BPE,25,25.608396,1.04,0.3063991839050897
BPE,25,25.209679,1.04,0.3112137013633969
BPE,25,26.099352,1.04,0.30064158795218965
BPE,25,25.919413,1.04,0.3027261274466958
BPE,25,25.376095,1.04,0.30918753625478307
BPE,25,26.271072,1.04,0.2986752881368066
BPE,25,22.654212,1.04,0.35278427522698025
BPE,25,24.709537,1.04,0.3176089122920197
BPE,25,24.69421,1.04,0.31784326809534574
BPE,25,26.152683,1.04,0.3000284005138547
BPE,25,26.571395,1.04,0.2952905781630401
BPE,25,23.549821,1.04,0.3365088399318428
BPE,25,26.411167,1.04,0.2970880831461931
BPE,25,23.828555,1.04,0.331634704520042
BPE,25,23.858785,1.04,0.33111198193208524
BPE,25,24.765714,1.04,0.31675199309434315
BPE,25,24.681794,1.04,0.318033620055377
BPE,25,23.441583,1.04,0.33842774036519463
BPE,25,25.649878,1.04,0.3059064749443445
BPE,25,25.679402,1.04,0.30555519057838865
BPE,25,26.054042,1.04,0.3011641030750858
BPE,25,24.566545,1.04,0.3198074247851922
BPE,25,24.960417,1.04,0.314290771297332
BPE,25,24.969573,1.04,0.3141767099384513
BPE,25,26.687995,1.04,0.29399458266220835
BPE,25,22.165755,1.04,0.36228453119284554
BPE,25,24.043056,1.04,0.3280784185965566
BPE,25,25.005541,1.04,0.3137298832869635
BPE,25,23.91443,1.04,0.3301762175305065
BPE,25,24.74168,1.04,0.31711813798807487
BPE,25,24.873924,1.04,0.3153709031844531
BPE,25,24.342314,1.04,0.3232979880429371
BPE,25,25.064469,1.04,0.3130000079546856
BPE,25,25.628149,1.04,0.30616422263895304
BPE,25,24.763734,1.04,0.3167823043010396
BPE,25,24.546805,1.04,0.32011285184184457
BPE,25,24.834235,1.04,0.315868617486542
BPE,25,24.992564,1.04,0.3138910536510365
BPE,25,23.25968,1.04,0.3417933230061637
BPE,25,25.461554,1.04,0.30815558728639003
BPE,25,24.548999,1.04,0.3200785675121682
BPE,25,26.261535,1.04,0.2987842406397668
BPE,25,25.591053,1.04,0.3066057663751737
BPE,25,26.170066,1.04,0.2998291539903607
BPE,25,23.988996,1.04,0.3289573142679655
BPE,25,24.628613,1.04,0.3188498780548323
BPE,25,23.757542,1.04,0.332867169771299
BPE,25,24.294809,1.04,0.3240440117047788
BPE,25,26.252105,1.04,0.2988914532923386
BPE,25,26.487491,1.04,0.29622950251419433
BPE,25,23.851867,1.04,0.3312315553904122
BPE,25,24.541722,1.04,0.3201913315879702
BPE,25,24.923804,1.04,0.31474720793034466
BPE,25,25.585606,1.04,0.30667084260455435
BPE,25,23.24019,1.04,0.3421575971346018
BPE,25,23.397,1.04,0.3392457389228415
BPE,25,25.489626,1.04,0.30781854171959505
BPE,25,23.050961,1.04,0.3455305721709096
BPE,25,24.553203,1.04,0.32001374151592016
BPE,25,25.162092,1.04,0.31179702505321666
BPE,25,25.415666,1.04,0.30870831608286553
BPE,25,24.858282,1.04,0.3155669189229356
BPE,25,24.634243,1.04,0.3187634315095799
BPE,25,25.844571,1.04,0.3036024997739905
BPE,25,25.285206,1.04,0.3102918530723783
BPE,25,24.352983,1.04,0.3231305962521168
BPE,25,25.037723,1.04,0.313330978689186
BPE,25,25.383169,1.04,0.30910180203942583
BPE,25,26.718237,1.04,0.29366011229900224
BPE,25,25.786324,1.04,0.3042856851097712
BPE,25,26.214557,1.04,0.29931998109907637
BPE,25,24.389393,1.04,0.322561150051821
BPE,25,24.475817,1.04,0.3212153633555738
BPE,25,24.76462,1.04,0.3167689547946085
BPE,25,24.856427,1.04,0.3155901331062024
BPE,25,23.991975,1.04,0.32890892830558677
BPE,25,26.265934,1.04,0.2987337496461048
BPE,25,25.883352,1.04,0.3031499233755662
BPE,25,24.694322,1.04,0.31784174333057574
BPE,25,25.641711,1.04,0.3060032885404018
BPE,25,25.222899,1.04,0.3110519631936235
BPE,25,25.719828,1.04,0.30507426561852596
BPE,25,23.655693,1.04,0.3346493715512236
BPE,25,24.854339,1.04,0.31561629877367425
BPE,25,24.941961,1.04,0.31452079161753627
BPE,25,25.623642,1.04,0.3062178003656667
BPE,25,24.371562,1.04,0.3228397557094365
BPE,25,22.500069,1.04,0.3556798044300862
BPE,25,23.9183,1.04,0.33011296320549144
BPE,25,24.938952,1.04,0.3145581301720992
BPE,25,25.063884,1.04,0.3130071373177216
BPE,25,26.683748,1.04,0.29404149770593446
BPE,25,25.582746,1.04,0.3067046752194192
BPE,25,25.08153,1.04,0.31278907904951947
BPE,25,24.967609,1.04,0.31420106128909836
BPE,25,26.104183,1.04,0.30058580284065106
BPE,25,24.40989,1.04,0.3222412966505073
BPE,25,24.859716,1.04,0.3155488595506754
BPE,25,23.910742,1.04,0.330236784813376
BPE,25,26.418906,1.04,0.2970008307546104
BPE,25,25.392499,1.04,0.3089886846049994
BPE,25,24.292477,1.04,0.32408021446629
BPE,25,24.885545,1.04,0.31522553375864004
BPE,25,25.509651,1.04,0.30757842389446666
BPE,25,24.749281,1.04,0.3170023909785184
BPE,25,24.465529,1.04,0.3213753407517523
BPE,25,24.345726,1.04,0.3232443106808191
BPE,25,25.338962,1.04,0.30963822549648085
BPE,25,24.641946,1.04,0.31864513246816173
BPE,25,24.546242,1.04,0.3201215054770981
BPE,25,23.663938,1.04,0.3345043785498225
BPE,25,25.077641,1.04,0.3128371923373856
BPE,25,24.818777,1.04,0.31606293921076106
BPE,25,24.678352,1.04,0.318086124255447
BPE,25,25.198771,1.04,0.31134701095762124
BPE,25,25.748002,1.04,0.30473956258990653
BPE,25,25.701565,1.04,0.30529101774834194
BPE,25,25.552729,1.04,0.307062867241788
BPE,25,24.75933,1.04,0.31684942511609027
BPE,25,24.433002,1.04,0.3218814218005948
BPE,25,23.956084,1.04,0.32949444424630514
BPE,25,24.406843,1.04,0.32228874968949467
BPE,25,25.01965,1.04,0.31355471287135883
BPE,25,24.213714,1.04,0.3253298622528614
BPE,25,25.096057,1.04,0.3126099068554804
BPE,25,24.034543,1.04,0.3282162834316987
BPE,25,23.339008,1.04,0.34031734722938134
BPE,25,25.819406,1.04,0.3038966347367557
BPE,25,24.525585,1.04,0.3204413986937565
BPE,25,24.162966,1.04,0.3261429751843138
BPE,25,23.906153,1.04,0.33031209852965526
BPE,25,25.423036,1.04,0.308619410851283
BPE,25,26.374908,1.04,0.2974974337122739
BPE,25,24.596926,1.04,0.31933830556416126
BPE,25,24.784437,1.04,0.316494996285721
BPE,25,26.071632,1.04,0.30096109630949625
BPE,25,23.189554,1.04,0.34306289199432294
BPE,25,26.966869,1.04,0.29091246442945395
BPE,25,27.4441,1.04,0.28576897285242736
BPE,25,22.293662,1.04,0.3597275025569311
BPE,25,24.902497,1.04,0.3150133715107137
BPE,25,24.281053,1.04,0.32426052727164756
BPE,25,24.735228,1.04,0.3172167380714248
BPE,25,24.581615,1.04,0.319574555796998
BPE,25,25.811759,1.04,0.30398610541142423
BPE,25,24.88743,1.04,0.3152017732328427
BPE,25,24.089093,1.04,0.3273330699450127
BPE,25,24.827815,1.04,0.31594922189814933
BPE,25,25.514784,1.04,0.3075169720865862
BPE,25,23.816279,1.04,0.3318470521229354
BPE,25,23.353766,1.04,0.3400440510992225
BPE,25,26.992743,1.04,0.2906288993234234
BPE,25,24.357573,1.04,0.3230585806312762
BPE,25,24.862647,1.04,0.31551199032915406
BPE,25,24.602205,1.04,0.3192567877484155
BPE,25,25.548088,1.04,0.3071185286941509
BPE,25,26.77279,1.04,0.29305403830107096
BPE,25,25.579934,1.04,0.3067382758826931
BPE,25,23.481635,1.04,0.3377154103421622
BPE,25,23.615877,1.04,0.3353468214172006
BPE,25,24.601035,1.04,0.3192748854283122
BPE,25,24.731767,1.04,0.31726935701934444
BPE,25,23.278049,1.04,0.3414504485568048
BPE,25,25.819341,1.04,0.3038973395152225
BPE,25,23.913679,1.04,0.3301886104200927
BPE,25,26.493302,1.04,0.29616434589474716
BPE,25,26.820633,1.04,0.2925238112170681
BPE,25,24.751746,1.04,0.31696475344944786
BPE,25,25.438973,1.04,0.3084271711871346
BPE,25,23.768053,1.04,0.33268436945016744
BPE,25,25.623676,1.04,0.3062173775596763
BPE,25,24.501808,1.04,0.32081069222031827
BPE,25,23.912765,1.04,0.33020366197545603
BPE,25,24.710665,1.04,0.31759164130625817
BPE,25,24.534252,1.04,0.3203073142504278
BPE,25,24.674841,1.04,0.3181402073428175
BPE,25,25.94968,1.04,0.30237349544252673
BPE,25,24.214692,1.04,0.3253141186751229
BPE,25,26.735023,1.04,0.2934741612282862
BPE,25,23.67494,1.04,0.3343113686026209
BPE,25,26.61543,1.04,0.29480014011593053
BPE,25,23.983489,1.04,0.32904721461733677
BPE,25,24.998987,1.04,0.3138110478036635
BPE,25,24.509804,1.04,0.32068669641764164
BPE,25,24.656271,1.04,0.31842495231487944
BPE,25,25.801357,1.04,0.30410802623853805
BPE,25,26.499827,1.04,0.29609105328815444
BPE,25,26.190525,1.04,0.2995948324285079
BPE,25,24.595144,1.04,0.3193655422607245
BPE,25,25.184255,1.04,0.3115250274765274
BPE,25,24.217922,1.04,0.3252624702199121
BPE,25,24.00845,1.04,0.3286405537738899
BPE,25,23.853699,1.04,0.3311996314053932
BPE,25,24.562427,1.04,0.3198708200320004
BPE,25,25.249606,1.04,0.31072558514803744
BPE,25,23.088185,1.04,0.3448641251860158
BPE,25,24.953646,1.04,0.3143752076745354
BPE,25,26.516025,1.04,0.2959094135413452
BPE,25,26.121911,1.04,0.30038205083894887
BPE,25,24.414816,1.04,0.3221648247463486
BPE,25,23.603127,1.04,0.3355705945971166
BPE,25,25.45983,1.04,0.308176451743666
BPE,25,22.682572,1.04,0.35225611439940135
BPE,25,26.110154,1.04,0.300517265370192
BPE,25,24.786413,1.04,0.3164703009243913
BPE,25,26.8313,1.04,0.2924055864943972
BPE,25,23.273035,1.04,0.3415439566149914
BPE,25,25.918146,1.04,0.3027407431895874
BPE,25,24.899491,1.04,0.31505097674886023
BPE,25,24.668949,1.04,0.3182302598390547
BPE,25,23.630157,1.04,0.3350970262698369
BPE,25,25.595748,1.04,0.3065498128737632
BPE,25,25.676137,1.04,0.30559394463139866
BPE,25,26.785128,1.04,0.2929171549509147
BPE,25,26.00805,1.04,0.30169606643526226
BPE,25,24.406105,1.04,0.3223003405856321
BPE,25,23.996137,1.04,0.32884095954539255
BPE,25,23.631509,1.04,0.335073678076327
BPE,25,26.473224,1.04,0.2963895581920619
BPE,25,24.221826,1.04,0.32520013468462583
BPE,25,26.48023,1.04,0.29631108118956395
BPE,25,25.525072,1.04,0.30739365224066023
BPE,25,25.329903,1.04,0.3097482913167581
BPE,25,24.693132,1.04,0.31785994789073985
BPE,25,25.660673,1.04,0.3057784431962849
BPE,25,24.984529,1.04,0.3139907198657539
BPE,25,24.630787,1.04,0.3188165971487937
BPE,25,25.696005,1.04,0.30535739141512774
BPE,25,24.856028,1.04,0.31559529258226304
BPE,25,24.201665,1.04,0.3255226614351391
BPE,25,25.599827,1.04,0.3065011496959438
BPE,25,24.936014,1.04,0.3145945863504977
BPE,25,25.48891,1.04,0.3078271073283072
BPE,25,24.54614,1.04,0.32012294746686504
BPE,25,23.790879,1.04,0.3322876341759427
BPE,25,26.735074,1.04,0.2934736625598919
BPE,25,26.546611,1.04,0.2955673994749797
BPE,25,25.883785,1.04,0.3031448284735813
BPE,25,24.612189,1.04,0.3191027525730595
BPE,25,24.699682,1.04,0.3177594564934202
BPE,25,26.382327,1.04,0.2974135779620889
BPE,25,24.64617,1.04,0.3185802034404085
BPE,25,24.367444,1.04,0.32290422243043976
BPE,25,26.872235,1.04,0.2919533783012466
BPE,25,24.952322,1.04,0.31439164619440774
BPE,25,26.768425,1.04,0.29310261627152223
BPE,25,23.601608,1.04,0.33559743643655066
BPE,25,25.518185,1.04,0.30747629198431115
BPE,25,27.071083,1.04,0.28977386479272893
BPE,25,25.029751,1.04,0.3134294962868619
BPE,25,24.735996,1.04,0.3172049506828773
BPE,25,23.832248,1.04,0.3315704328227553
BPE,25,26.082343,1.04,0.3008375045679034
BPE,25,24.229872,1.04,0.32507141315619253
BPE,25,24.905191,1.04,0.3149798660900018
BPE,25,23.765498,1.04,0.332728969572803
BPE,25,26.556895,1.04,0.29545250629672404
BPE,25,26.154885,1.04,0.3000031093118084
BPE,25,24.968415,1.04,0.31419117332782903
BPE,25,23.845851,1.04,0.3313353626113111
BPE,25,26.535907,1.04,0.29568692990943074
BPE,25,24.634068,1.04,0.3187660987504584
BPE,25,23.894795,1.04,0.33049845241150383
BPE,25,23.237882,1.04,0.3422009360614864
BPE,25,24.354035,1.04,0.3231142692105049
BPE,25,23.545362,1.04,0.3365875679199134
BPE,25,24.377179,1.04,0.3227516629188674
BPE,25,25.744409,1.04,0.3047821838949588
BPE,25,24.6246,1.04,0.3189116167718005
BPE,25,25.355693,1.04,0.3094352827504813
BPE,25,24.276665,1.04,0.32432949124574434
BPE,25,25.065169,1.04,0.3129911520841701
BPE,25,26.920901,1.04,0.2914170318977672
BPE,25,24.651514,1.04,0.31849780713804315
BPE,25,25.384429,1.04,0.3090866393852171
BPE,25,23.434473,1.04,0.3385567494297435
BPE,25,26.520106,1.04,0.2958640330513494
BPE,25,24.522793,1.04,0.32048521877574637
BPE,25,26.050534,1.04,0.301204467299596
BPE,25,24.87682,1.04,0.3153347754555579
BPE,25,25.611579,1.04,0.3063613710930846
BPE,25,25.671012,1.04,0.30565531604188395
BPE,25,24.54756,1.04,0.3201009465418705
BPE,25,26.091906,1.04,0.30072715829133484
BPE,25,24.241015,1.04,0.32489373384175024
BPE,25,25.777934,1.04,0.3043849755562513
BPE,25,24.609795,1.04,0.3191394626001869
BPE,25,25.349558,1.04,0.30950960991312576
BPE,25,24.538007,1.04,0.32024898364799
BPE,25,25.049976,1.04,0.3131790843727584
BPE,25,23.925306,1.04,0.32999758539408086
BPE,25,25.247557,1.04,0.3107508196213195
BPE,25,25.044188,1.04,0.3132507368154944
BPE,25,24.459846,1.04,0.3214638240405619
BPE,25,24.944972,1.04,0.31448346524900933
BPE,25,25.134004,1.04,0.31214237903853437
BPE,25,24.383643,1.04,0.3226509669435185
BPE,25,24.871241,1.04,0.31540465160608927
BPE,25,23.994448,1.04,0.32886869743741476
BPE,25,27.345733,1.04,0.28681069624834715
BPE,25,26.059119,1.04,0.30110539074340104
BPE,25,25.273094,1.04,0.3104390060131096
BPE,25,26.172113,1.04,0.29980570401966533
BPE,25,23.020748,1.04,0.34607296487426625
BPE,25,22.44232,1.04,0.35678615940724556
BPE,25,24.600709,1.04,0.31927971206172284
BPE,25,23.621436,1.04,0.33524954037243726
BPE,25,24.763394,1.04,0.3167878080241104
BPE,25,25.205657,1.04,0.31126298439505007
BPE,25,25.920414,1.04,0.30271437373001603
BPE,25,23.861736,1.04,0.3310609554309432
BPE,25,25.399631,1.04,0.30890235933155163
BPE,25,25.01439,1.04,0.3136200800925625
BPE,25,25.347509,1.04,0.30953472033983426
BPE,25,24.480228,1.04,0.3211462939387275
BPE,25,26.383135,1.04,0.29740439760179443
BPE,25,24.896491,1.04,0.3150883968321328
BPE,25,26.774182,1.04,0.2930386086710994
BPE,25,24.209611,1.04,0.3253953206045645
BPE,25,25.742827,1.04,0.3048009608454796
BPE,25,24.940332,1.04,0.31454092879787243
BPE,25,24.672258,1.04,0.31817967955194026
BPE,25,25.632315,1.04,0.30611490237371447
BPE,25,24.700827,1.04,0.3177420179291797
BPE,25,22.338035,1.04,0.3588447138756327
BPE,25,21.937132,1.04,0.366873373901787
BPE,25,26.272422,1.04,0.2986598956457247
BPE,25,26.230258,1.04,0.2991406668582275
BPE,25,26.887341,1.04,0.2917866723924325
BPE,25,24.982472,1.04,0.31401654791645767
BPE,25,23.707365,1.04,0.3337433239790102
BPE,25,24.580416,1.04,0.3195929596458531
BPE,25,25.011425,1.04,0.31365702309872945
BPE,25,23.992962,1.04,0.32889271315791524
BPE,25,26.648575,1.04,0.2944314787084291
BPE,25,27.239503,1.04,0.2879501383740815
BPE,25,25.478281,1.04,0.30795462886413894
BPE,25,24.989136,1.04,0.3139335367921823
BPE,25,23.705033,1.04,0.33378407195557114
BPE,25,26.546434,1.04,0.2955692468786635
BPE,25,25.076307,1.04,0.3128535231313963
BPE,25,24.710836,1.04,0.31758896606118603
BPE,25,25.481174,1.04,0.30792000681814
BPE,25,24.414288,1.04,0.32217277465788463
BPE,25,25.146875,1.04,0.311984037027105
BPE,25,23.557533,1.04,0.33637323099396943
BPE,25,26.087087,1.04,0.3007827690011906
BPE,25,24.895589,1.04,0.31509965467322476
BPE,25,26.158801,1.04,0.299958221136854
BPE,25,24.798864,1.04,0.3163132610178039
BPE,25,24.8638,1.04,0.3154976474224995
BPE,25,23.787683,1.04,0.3323434427710633
BPE,25,25.759757,1.04,0.30460026039026805
BPE,25,24.12416,1.04,0.3267672596513504
BPE,25,24.513578,1.04,0.32062805671619427
BPE,25,25.001047,1.04,0.313785551630132
BPE,25,25.121224,1.04,0.3122995620466924
BPE,25,23.293903,1.04,0.34115541402801575
BPE,25,24.769194,1.04,0.31669911190777766
BPE,25,25.79523,1.04,0.30418040766956955
BPE,25,24.621662,1.04,0.31895681645942364
BPE,25,24.775268,1.04,0.31661072156080783
BPE,25,25.162406,1.04,0.31179312403440673
BPE,25,24.87404,1.04,0.31536926031813084
BPE,25,23.969484,1.04,0.3292756107539631
BPE,25,24.963654,1.04,0.31425068513585147
BPE,25,25.994073,1.04,0.30185803311989107
BPE,25,23.948824,1.04,0.32961300053362413
BPE,25,24.625518,1.04,0.31889743417823135
BPE,25,23.618369,1.04,0.3353033115107652
BPE,25,25.941382,1.04,0.3024702914331655
BPE,25,24.907642,1.04,0.3149490460497105
BPE,25,24.1498,1.04,0.3263545373377668
BPE,25,25.092266,1.04,0.3126566069520666
BPE,25,23.7964,1.04,0.33219195066897933
BPE,25,23.966504,1.04,0.32932419517851746
BPE,25,23.539866,1.04,0.33668450615934076
BPE,25,23.933221,1.04,0.32986849855142497
BPE,25,26.357338,1.04,0.2976961012652075
BPE,25,24.266882,1.04,0.3244838621282538
BPE,25,25.466225,1.04,0.30809946919045067
BPE,25,24.163699,1.04,0.32613131886348784
BPE,25,25.759534,1.04,0.30460282101793057
BPE,25,23.973918,1.04,0.3292033139420564
BPE,25,25.039228,1.04,0.3133122818949619
BPE,25,25.052851,1.04,0.313143779250756
BPE,25,27.327805,1.04,0.28700238767969755
BPE,25,25.630425,1.04,0.3061373830853893
BPE,25,24.407096,1.04,0.3222847343437559
BPE,25,25.685049,1.04,0.3054878019563504
BPE,25,27.138174,1.04,0.2890450034683794
BPE,25,23.370364,1.04,0.3397372029376955
BPE,25,24.157518,1.04,0.32623041272112363
BPE,25,24.763102,1.04,0.31679215494061647
BPE,25,24.582912,1.04,0.31955425177218794
BPE,25,24.667243,1.04,0.3182565763750287
BPE,25,23.695768,1.04,0.33394635820976193
BPE,25,26.403956,1.04,0.29716942207512265
BPE,25,23.577391,1.04,0.3360231215810913
BPE,25,24.799787,1.04,0.3163018779894257
BPE,25,26.045831,1.04,0.3012588273584302
BPE,25,24.969815,1.04,0.3141737501246502
BPE,25,24.020606,1.04,0.3284428802258051
BPE,25,23.651324,1.04,0.33472591096259674
BPE,25,24.770001,1.04,0.3166869383433845
BPE,25,24.24297,1.04,0.32486222016700494
BPE,25,25.205231,1.04,0.3112684240954998
BPE,25,23.598549,1.04,0.3356511015688598
BPE,25,25.813036,1.04,0.3039709841150123
BPE,25,25.11555,1.04,0.3123695495566237
BPE,25,25.189836,1.04,0.3114565894173205
BPE,25,26.441077,1.04,0.29675106804221174
BPE,25,24.562205,1.04,0.31987435621206395
BPE,25,24.274183,1.04,0.3243687655751396
BPE,25,24.452236,1.04,0.32158225788511385
BPE,25,24.807473,1.04,0.3162051382660324
BPE,25,24.909035,1.04,0.3149318627679116
BPE,25,24.169302,1.04,0.32604136343129514
BPE,25,22.976915,1.04,0.34686320721939085
BPE,25,24.439071,1.04,0.32178684934692414
BPE,25,25.359826,1.04,0.3093850393345567
BPE,25,25.136258,1.04,0.31211436090693445
BPE,25,26.199554,1.04,0.29949152777058546
BPE,25,26.955487,1.04,0.29103740090161684
BPE,25,25.759334,1.04,0.3046050812893104
BPE,25,26.382521,1.04,0.2974113308864683
BPE,25,25.766774,1.04,0.3045170482146381
BPE,25,26.709899,1.04,0.2937521692423677
BPE,25,26.850854,1.04,0.2921893764901301
BPE,25,25.951165,1.04,0.3023563096434851
BPE,25,25.70638,1.04,0.30523389162199943
BPE,25,24.794768,1.04,0.31636521289620156
BPE,25,24.958663,1.04,0.31431247854320493
BPE,25,24.662163,1.04,0.318334404330589
BPE,25,25.621252,1.04,0.30624622619134084
BPE,25,24.279652,1.04,0.32428241426897636
BPE,25,24.808894,1.04,0.31618721745272854
BPE,25,22.64483,1.04,0.35295898533281767
BPE,25,26.72309,1.04,0.2936065167364809
BPE,25,24.779525,1.04,0.3165569962664474
BPE,25,25.45558,1.04,0.3082276174364448
BPE,25,26.457787,1.04,0.29656282543646995
BPE,25,25.300293,1.04,0.31010799262818334
BPE,25,26.444344,1.04,0.2967141244483112
BPE,25,23.758262,1.04,0.33285483403833277
BPE,25,27.397377,1.04,0.28626040070699
BPE,25,26.08711,1.04,0.3007824438514128
BPE,25,25.209202,1.04,0.3112195230170542
BPE,25,26.425079,1.04,0.29693122061847116
BPE,25,23.831365,1.04,0.33158602602636683
BPE,25,24.711385,1.04,0.317580651376187
BPE,25,26.44425,1.04,0.29671520988556405
BPE,25,23.13294,1.04,0.34406675038786066
BPE,25,25.560458,1.04,0.3069707290577513
BPE,25,25.532176,1.04,0.3073084773790492
BPE,25,26.969226,1.04,0.2908866518200843
BPE,25,23.417045,1.04,0.33887701075426796
BPE,25,26.609631,1.04,0.2948647685017879
BPE,25,24.440529,1.04,0.3217641223927631
BPE,25,24.552991,1.04,0.32001684465795155
BPE,25,23.777996,1.04,0.3325115128941874
BPE,25,23.912148,1.04,0.33021375375820244
BPE,25,25.403522,1.04,0.308855068881058
BPE,25,23.887668,1.04,0.33061554904394114
BPE,25,25.740284,1.04,0.30483097895687045
BPE,25,24.337034,1.04,0.3233806414924725
BPE,25,23.786966,1.04,0.33235586046411775
BPE,25,24.472191,1.04,0.321271507874029
BPE,25,25.336707,1.04,0.3096657441424476
BPE,25,24.722647,1.04,0.31740888712181914
BPE,25,25.03421,1.04,0.31337435448204554
BPE,25,25.696207,1.04,0.3053550604895986
BPE,25,26.082421,1.04,0.3008365673015439
BPE,25,24.689905,1.04,0.31790930333179934
BPE,25,23.955778,1.04,0.3294994811424552
BPE,25,25.076094,1.04,0.3128561389182688
BPE,25,25.47065,1.04,0.30804632800806636
BPE,60,58.539275,1.04,0.12866499934720255
BPE,60,59.109392,1.04,0.127265999873134
BPE,60,59.280813,1.04,0.12684921220690526
BPE,60,59.792178,1.04,0.12561254504841216
BPE,60,59.238966,1.04,0.12695079494588044
BPE,60,60.707041,1.04,0.1234325915350101
BPE,60,58.394867,1.04,0.12902501346235962
BPE,60,58.420281,1.04,0.12896083085330592
BPE,60,59.666111,1.04,0.12591638670702157
BPE,60,59.824347,1.04,0.12553500525748548
BPE,60,58.545356,1.04,0.12865000134455537
BPE,60,59.393251,1.04,0.12657663187694634
BPE,60,59.598956,1.04,0.12607860950455144
BPE,60,59.606702,1.04,0.1260598955042248
BPE,60,60.151881,1.04,0.12475015646205484
BPE,60,59.338421,1.04,0.12670940677612402
BPE,60,61.477836,1.04,0.12162990085293265
BPE,60,60.488205,1.04,0.12394997358938142
BPE,60,59.192886,1.04,0.12706284509331872
BPE,60,60.094511,1.04,0.12488711730167065
BPE,60,60.124015,1.04,0.12481666178856661
BPE,60,61.214721,1.04,0.12224179431723124
BPE,60,59.399618,1.04,0.1265612021575342
BPE,60,60.767339,1.04,0.12329045696702404
BPE,60,60.041854,1.04,0.12501317445367663
BPE,60,61.491567,1.04,0.12159806664389125
BPE,60,61.290891,1.04,0.12206434169033804
BPE,60,60.196979,1.04,0.12464245578345809
BPE,60,59.737717,1.04,0.12574363504346978
BPE,60,60.506606,1.04,0.12390637717694543
BPE,60,59.81955,1.04,0.12554660864659242
BPE,60,61.680307,1.04,0.12116152689151655
BPE,60,60.07847,1.04,0.12492555610904209
BPE,60,59.594357,1.04,0.12608965104771402
BPE,60,59.540385,1.04,0.126220320848093
BPE,60,58.786964,1.04,0.1280544808669396
BPE,60,60.556559,1.04,0.12378808129698216
BPE,60,59.179989,1.04,0.12709416546089441
BPE,60,61.098148,1.04,0.12251400142937804
BPE,60,58.707065,1.04,0.12825102954522585
BPE,60,60.127241,1.04,0.1248089678482507
BPE,60,61.150224,1.04,0.1223923747568611
BPE,60,57.847753,1.04,0.13041743792129337
BPE,60,62.018266,1.04,0.12038485387092063
BPE,60,59.574715,1.04,0.1261372960720225
BPE,60,60.141095,1.04,0.12477585707272401
BPE,60,60.571449,1.04,0.12375281895973951
BPE,60,60.726129,1.04,0.12338758330542383
BPE,60,60.273884,1.04,0.12445914386098672
BPE,60,60.997385,1.04,0.12275003732641435
BPE,60,60.519071,1.04,0.12387681405043739
BPE,60,61.760881,1.04,0.12097587306787877
BPE,60,60.522328,1.04,0.12386914155343057
BPE,60,61.964636,1.04,0.12050757605486113
BPE,60,60.901079,1.04,0.12297581038472406
BPE,60,58.19425,1.04,0.12953349957160626
BPE,60,62.611103,1.04,0.1190341868396367
BPE,60,59.425656,1.04,0.12649825003843057
BPE,60,61.495544,1.04,0.12158888978679691
BPE,60,60.026793,1.04,0.12504924652206345
BPE,60,61.06109,1.04,0.122600724737575
BPE,60,59.311521,1.04,0.12677466613203442
BPE,60,60.625745,1.04,0.12362445072425576
BPE,60,59.746809,1.04,0.12572171257299689
BPE,60,61.579003,1.04,0.12139560243140018
BPE,60,60.438668,1.04,0.12406745114742886
BPE,60,60.935943,1.04,0.12289399035916579
BPE,60,57.835923,1.04,0.13044770813623913
BPE,60,59.914427,1.04,0.1253186070345331
BPE,60,60.410552,1.04,0.12413421367553368
BPE,60,60.223615,1.04,0.12457887282022236
BPE,60,60.961157,1.04,0.12283492329238634
BPE,60,59.634096,1.04,0.12599369804402313
BPE,60,60.048787,1.04,0.12499660549601535
BPE,60,61.181227,1.04,0.12231990902943185
BPE,60,57.721311,1.04,0.13074175147991401
BPE,60,60.589351,1.04,0.12371052449025444
BPE,60,59.666115,1.04,0.12591643573862332
BPE,60,59.087682,1.04,0.1273189235490603
BPE,60,60.336544,1.04,0.12431002745134556
BPE,60,61.227451,1.04,0.12221205602941959
BPE,60,61.039144,1.04,0.12265214335018254
BPE,60,59.864887,1.04,0.12543766162540995
BPE,60,60.875741,1.04,0.1230353684851146
BPE,60,60.868068,1.04,0.12305347759805428
BPE,60,59.912629,1.04,0.12532293453978258
BPE,60,59.306919,1.04,0.12678584601575732
BPE,60,59.364766,1.04,0.12664563416640315
BPE,60,60.837853,1.04,0.12312445631370461
BPE,60,59.957853,1.04,0.12521441115447432
BPE,60,58.953818,1.04,0.12764570700026784
BPE,60,58.315137,1.04,0.12922701356490307
BPE,60,60.831831,1.04,0.12313862210915484
BPE,60,59.453222,1.04,0.12643152191284385
BPE,60,60.330388,1.04,0.12432466474529866
BPE,60,61.239707,1.04,0.1221835212356838
BPE,60,58.691076,1.04,0.12829053460909987
BPE,60,59.954863,1.04,0.12522165743829658
BPE,60,59.829306,1.04,0.1255231929183852
BPE,60,60.379743,1.04,0.12420731014293403
BPE,60,61.23916,1.04,0.12218487878803322
BPE,60,58.670548,1.04,0.1283410898910525
BPE,60,60.569798,1.04,0.12375684804909917
BPE,60,61.031524,1.04,0.122669984031578
BPE,60,59.813623,1.04,0.1255609011531625
BPE,60,59.862553,1.04,0.1254432861651204
BPE,60,60.418449,1.04,0.12411538557997549
BPE,60,60.344817,1.04,0.12429034689081903
BPE,60,60.582353,1.04,0.12372706219441656
BPE,60,60.561281,1.04,0.12377684086884924
BPE,60,59.018028,1.04,0.12748888608466388
BPE,60,60.990266,1.04,0.12276662038000397
BPE,60,61.166783,1.04,0.12235377629512931
BPE,60,60.186083,1.04,0.12466856130498752
BPE,60,58.505845,1.04,0.12874762642080229
BPE,60,59.885254,1.04,0.1253886705184395
BPE,60,60.194406,1.04,0.12464865513248041
BPE,60,58.8554,1.04,0.12788660106803493
BPE,60,59.639862,1.04,0.12597978618196576
BPE,60,58.590631,1.04,0.12853824562546468
BPE,60,60.607292,1.04,0.12366817087468737
BPE,60,60.165955,1.04,0.12471647490960329
BPE,60,58.354217,1.04,0.1291279080359456
BPE,60,60.351465,1.04,0.12427458827646892
BPE,60,59.943491,1.04,0.12524889741480102
BPE,60,60.516414,1.04,0.12388313239913794
BPE,60,59.608468,1.04,0.1260555609918261
BPE,60,59.198521,1.04,0.12704912682219033
BPE,60,59.229155,1.04,0.12697468665031916
BPE,60,59.46183,1.04,0.1264105390635334
BPE,60,60.018825,1.04,0.12506824098914474
BPE,60,60.147958,1.04,0.12475949729172288
BPE,60,59.80928,1.04,0.12557145226359764
BPE,60,59.57668,1.04,0.12613244888652064
BPE,60,59.648597,1.04,0.12595868611525943
BPE,60,62.507725,1.04,0.11926713063656605
BPE,60,59.229275,1.04,0.12697431924872304
BPE,60,59.442028,1.04,0.12645865986760038
BPE,60,63.293854,1.04,0.1175238725685861
BPE,60,60.421013,1.04,0.12410931985275425
BPE,60,58.620019,1.04,0.12846562985159843
BPE,60,60.842687,1.04,0.12311305050835482
BPE,60,59.089961,1.04,0.12731341172353516
BPE,60,60.909062,1.04,0.12295714327034447
BPE,60,59.789038,1.04,0.12562005841539337
BPE,60,59.560204,1.04,0.12617232712609408
BPE,60,61.609165,1.04,0.1213259749959277
BPE,60,60.566401,1.04,0.1237647313098063
BPE,60,60.972989,1.04,0.12280717793904024
BPE,60,60.43492,1.04,0.12407645666095174
BPE,60,59.555555,1.04,0.12618355855585664
BPE,60,60.611354,1.04,0.12365842282094411
BPE,60,61.209215,1.04,0.1222546745296834
BPE,60,60.134738,1.04,0.12479098820094761
BPE,60,61.801643,1.04,0.120881984225837
BPE,60,60.850487,1.04,0.12309468240230917
BPE,60,60.211983,1.04,0.12460669024423018
BPE,60,60.251487,1.04,0.12451261977617403
BPE,60,60.137237,1.04,0.12478502518987145
BPE,60,58.748761,1.04,0.12814847365285603
BPE,60,59.909928,1.04,0.1253295272266525
BPE,60,60.221186,1.04,0.12458480486043699
BPE,60,59.583915,1.04,0.12611502816358774
BPE,60,60.337677,1.04,0.12430739071143337
BPE,60,60.021307,1.04,0.12506241485043895
BPE,60,60.773692,1.04,0.12327546376486126
BPE,60,60.663112,1.04,0.12353619942796845
BPE,60,60.167153,1.04,0.12471370947464842
BPE,60,58.632787,1.04,0.12843414973369172
BPE,60,61.790723,1.04,0.12090712956585883
BPE,60,59.858109,1.04,0.12545393536490032
BPE,60,59.919114,1.04,0.1253073695076945
BPE,60,59.657479,1.04,0.12593721161679375
BPE,60,59.511588,1.04,0.12629004587866438
BPE,60,61.544058,1.04,0.12147656287328693
BPE,60,61.386044,1.04,0.12184302622636431
BPE,60,60.444393,1.04,0.1240539909653461
BPE,60,59.8925,1.04,0.12537129684673382
BPE,60,60.619118,1.04,0.12364007593408273
BPE,60,60.073797,1.04,0.12493670713797085
BPE,60,59.809777,1.04,0.1255701859976607
BPE,60,60.338106,1.04,0.12430627268855493
BPE,60,59.558842,1.04,0.1261755524505691
BPE,60,60.252264,1.04,0.12451070076035307
BPE,60,60.204221,1.04,0.12462523003205157
BPE,60,60.602936,1.04,0.123678330957584
BPE,60,59.380863,1.04,0.12660667603050937
BPE,60,60.710136,1.04,0.12342526064816126
BPE,60,59.093689,1.04,0.12730423826386972
BPE,60,59.427433,1.04,0.1264938966801421
BPE,60,59.471075,1.04,0.12638820611869536
BPE,60,58.927948,1.04,0.12770889435790472
BPE,60,61.015662,1.04,0.12270706578442248
BPE,60,59.030948,1.04,0.1274573482133306
BPE,60,59.301084,1.04,0.12679997895728734
BPE,60,61.255408,1.04,0.12214698270330349
BPE,60,59.429417,1.04,0.12648909942739292
BPE,60,59.811857,1.04,0.12556513817461865
BPE,60,58.987971,1.04,0.1275622309799338
BPE,60,60.832951,1.04,0.12313594945587296
BPE,60,60.846736,1.04,0.12310356789872995
BPE,60,60.738946,1.04,0.1233574613591407
BPE,60,60.53753,1.04,0.12383316203417766
BPE,60,60.073589,1.04,0.12493723662260617
BPE,60,59.475623,1.04,0.1263772150349416
BPE,60,59.185031,1.04,0.12708188802916018
BPE,60,61.289906,1.04,0.12206664889295618
BPE,60,60.764804,1.04,0.12329638156830122
BPE,60,59.306696,1.04,0.12678640081389816
BPE,60,60.039832,1.04,0.12501796271602195
BPE,60,59.699885,1.04,0.12583486905688362
BPE,60,58.871789,1.04,0.12784648381742286
BPE,60,60.177651,1.04,0.12468851695499644
BPE,60,59.584507,1.04,0.12611357226558823
BPE,60,59.047463,1.04,0.12741700815632206
BPE,60,58.520867,1.04,0.12871042412947
BPE,60,58.436196,1.04,0.12892059004462486
BPE,60,59.628574,1.04,0.12600700176755708
BPE,60,59.914905,1.04,0.12531740040000883
BPE,60,59.124699,1.04,0.12722875247075432
BPE,60,60.650739,1.04,0.12356538100420089
BPE,60,59.934453,1.04,0.12527061567791656
BPE,60,60.576885,1.04,0.12374005193198254
BPE,60,59.817089,1.04,0.12555249708715044
BPE,60,59.212882,1.04,0.12701425596860913
BPE,60,60.114118,1.04,0.1248403817054337
BPE,60,58.737325,1.04,0.1281765930843336
BPE,60,60.539439,1.04,0.12382860856214567
BPE,60,59.062851,1.04,0.1273794580367212
BPE,60,60.918233,1.04,0.12293554057237839
BPE,60,59.661544,1.04,0.1259273833682056
BPE,60,61.062534,1.04,0.12259735150474023
BPE,60,58.877377,1.04,0.12783276995592768
BPE,60,59.32223,1.04,0.1267487572843981
BPE,60,60.380935,1.04,0.1242045168189132
BPE,60,61.170497,1.04,0.12234501808254761
BPE,60,61.666609,1.04,0.12119314259865036
BPE,60,60.041366,1.04,0.12501430391169083
BPE,60,61.837746,1.04,0.12079901204793347
BPE,60,59.710335,1.04,0.12580962703162768
BPE,60,61.098768,1.04,0.12251252931146958
BPE,60,59.057819,1.04,0.12739184778890242
BPE,60,60.420201,1.04,0.12411125846343045
BPE,60,57.658307,1.04,0.13090362024396418
BPE,60,58.878409,1.04,0.12783024180472555
BPE,60,60.466677,1.04,0.1240009363689427
BPE,60,58.687561,1.04,0.1282991870966039
BPE,60,60.42695,1.04,0.12409528410961518
BPE,60,60.906458,1.04,0.12296317683215197
BPE,60,59.49868,1.04,0.12632130981175108
BPE,60,59.031047,1.04,0.12745706593858183
BPE,60,59.525813,1.04,0.1262555609919652
BPE,60,59.034188,1.04,0.12744941082420125
BPE,60,59.898786,1.04,0.12535622203288882
BPE,60,60.102091,1.04,0.12486896341867043
BPE,60,59.69399,1.04,0.1258491186222137
BPE,60,61.674359,1.04,0.12117525185945141
BPE,60,59.280596,1.04,0.12684970510718388
BPE,60,61.391433,1.04,0.12183048250385924
BPE,60,58.958761,1.04,0.1276337088135777
BPE,60,60.072778,1.04,0.12493910821216307
BPE,60,61.183105,1.04,0.12231554938954639
BPE,60,61.131357,1.04,0.12243648432354326
BPE,60,59.579742,1.04,0.1261250941416279
BPE,60,60.55507,1.04,0.12379154245235541
BPE,60,60.421179,1.04,0.12410896369259018
BPE,60,59.460061,1.04,0.12641479955828477
BPE,60,60.61595,1.04,0.12364756568392558
BPE,60,61.862492,1.04,0.12074202804064474
BPE,60,60.471701,1.04,0.12398897348996635
BPE,60,60.566356,1.04,0.12376491459406938
BPE,60,60.672155,1.04,0.12351484963358182
BPE,60,58.539023,1.04,0.12866560871343763
BPE,60,60.460225,1.04,0.12401620415223213
BPE,60,58.98324,1.04,0.1275737819345022
BPE,60,59.410113,1.04,0.12653575453254812
BPE,60,62.161942,1.04,0.12005570927132682
BPE,60,59.746738,1.04,0.1257220231075013
BPE,60,59.259826,1.04,0.12690007490573352
BPE,60,61.152583,1.04,0.12238677887985976
BPE,60,59.052323,1.04,0.12740513752995447
BPE,60,59.552581,1.04,0.12619070939246757
BPE,60,61.249052,1.04,0.12216170795165701
BPE,60,60.042768,1.04,0.1250109732918167
BPE,60,58.438403,1.04,0.12891500491410224
BPE,60,60.54399,1.04,0.12381780696223664
BPE,60,59.603534,1.04,0.12606753662725811
BPE,60,61.539851,1.04,0.12148626012889434
BPE,60,59.393813,1.04,0.12657528319877964
BPE,60,61.051226,1.04,0.12262378249558098
BPE,60,61.775698,1.04,0.12094172798920302
BPE,60,59.149057,1.04,0.12716951627283823
BPE,60,59.806787,1.04,0.1255773543225647
BPE,60,60.388625,1.04,0.12418624193596114
BPE,60,59.142654,1.04,0.12718499681843196
BPE,60,60.270295,1.04,0.124467755278828
BPE,60,59.77508,1.04,0.12565366019974933
BPE,60,59.754932,1.04,0.1257022012623912
BPE,60,60.048938,1.04,0.12499618925370147
BPE,60,60.071265,1.04,0.12494267654476221
BPE,60,60.163881,1.04,0.12472152852747387
BPE,60,59.401174,1.04,0.12655743145541204
BPE,60,59.444828,1.04,0.12645176524864546
BPE,60,59.881412,1.04,0.1253978605549531
BPE,60,59.955242,1.04,0.1252207032130351
BPE,60,59.561151,1.04,0.1261699915337414
BPE,60,60.32394,1.04,0.12434003216060693
BPE,60,58.185238,1.04,0.1295565318337404
BPE,60,59.269534,1.04,0.1268765928419279
BPE,60,59.720072,1.04,0.12578622920430668
BPE,60,59.143885,1.04,0.1271820525364759
BPE,60,61.629198,1.04,0.12127962037102315
BPE,60,60.018862,1.04,0.12506821461979903
BPE,60,60.17677,1.04,0.12469069842074093
BPE,60,59.516769,1.04,0.126277526243668
BPE,60,59.984221,1.04,0.12515113032491146
BPE,60,58.784747,1.04,0.12805996923924992
BPE,60,59.830183,1.04,0.12552103532301678
BPE,60,59.062992,1.04,0.12737913554131067
BPE,60,59.722596,1.04,0.12578009997870965
BPE,60,57.440083,1.04,0.13146892445067584
BPE,60,58.871997,1.04,0.1278460538199686
BPE,60,61.463926,1.04,0.12166212146438721
BPE,60,60.830398,1.04,0.12314203543758279
BPE,60,61.319039,1.04,0.12199883215586788
BPE,60,61.387721,1.04,0.12183916954288707
BPE,60,60.672987,1.04,0.12351297141547736
BPE,60,59.547131,1.04,0.1262040130031123
BPE,60,58.962749,1.04,0.12762399178153394
BPE,60,61.146745,1.04,0.12240053169354002
BPE,60,60.064568,1.04,0.12495883704959418
BPE,60,62.494023,1.04,0.11929833985256866
BPE,60,59.634902,1.04,0.12599169311187586
BPE,60,61.972896,1.04,0.12048860709553356
BPE,60,59.843208,1.04,0.12548967211410025
BPE,60,61.336049,1.04,0.12195925626765189
BPE,60,61.696692,1.04,0.12112381076839321
BPE,60,58.97705,1.04,0.12758895010732263
BPE,60,59.515002,1.04,0.12628169543436485
BPE,60,58.967021,1.04,0.12761335501652668
BPE,60,58.770056,1.04,0.1280961621588227
BPE,60,60.667067,1.04,0.12352691038524875
BPE,60,59.803372,1.04,0.1255854911477589
BPE,60,60.052366,1.04,0.1249880676344804
BPE,60,60.556239,1.04,0.12378884327041978
BPE,60,58.142613,1.04,0.12966475930929008
BPE,60,61.286766,1.04,0.12207395725562797
BPE,60,59.650906,1.04,0.1259531646779442
BPE,60,60.532401,1.04,0.12384523721642027
BPE,60,60.620713,1.04,0.12363643684988346
BPE,60,61.370797,1.04,0.12187838757501936
BPE,60,59.895143,1.04,0.12536500769709072
BPE,60,57.876363,1.04,0.13034408670272063
BPE,60,60.057128,1.04,0.1249766635084467
BPE,60,60.200707,1.04,0.12463355922422889
BPE,60,58.965739,1.04,0.12761653109115456
BPE,60,60.147491,1.04,0.12476063220406378
BPE,60,59.638982,1.04,0.1259818445652252
BPE,60,58.657246,1.04,0.12837391157547104
BPE,60,60.671485,1.04,0.12351654407594878
BPE,60,59.436275,1.04,0.12647252719516694
BPE,60,59.593621,1.04,0.1260915069321219
BPE,60,59.537421,1.04,0.12622743487543056
BPE,60,61.235479,1.04,0.12219344690658214
BPE,60,59.959084,1.04,0.12521155101218653
BPE,60,60.0791,1.04,0.12492400764755451
BPE,60,59.559364,1.04,0.1261743990536441
BPE,60,60.462867,1.04,0.12400996762424454
BPE,60,61.349318,1.04,0.12192841277901952
BPE,60,60.647861,1.04,0.12357228315583721
BPE,60,60.686867,1.04,0.12348022982342995
BPE,60,60.60623,1.04,0.12367066881605036
BPE,60,58.619757,1.04,0.12846632025220817
BPE,60,59.123881,1.04,0.12723071300954916
BPE,60,59.795013,1.04,0.12560569173648856
BPE,60,59.274136,1.04,0.12686547852784152
BPE,60,58.935463,1.04,0.1276906519589853
BPE,60,58.127824,1.04,0.12970243478610632
BPE,60,58.653471,1.04,0.12838311922994433
BPE,60,59.743474,1.04,0.12572988082498004
BPE,60,59.930574,1.04,0.12527991212796755
BPE,60,59.206946,1.04,0.1270285397835525
BPE,60,60.078925,1.04,0.12492447132919685
BPE,60,59.566166,1.04,0.12615797377987648
BPE,60,61.090574,1.04,0.12253177373582629
BPE,60,59.838374,1.04,0.12550136574719672
BPE,60,60.696331,1.04,0.12345786386009616
BPE,60,60.203214,1.04,0.12462753516962416
BPE,60,58.597929,1.04,0.12852014766370723
BPE,60,59.909342,1.04,0.12533072146344934
BPE,60,58.764376,1.04,0.1281100181039264
BPE,60,59.891879,1.04,0.1253727703260314
BPE,60,59.254869,1.04,0.12691212001534152
BPE,60,60.381963,1.04,0.12420206843972448
BPE,60,58.657646,1.04,0.12837276432450812
BPE,60,60.014702,1.04,0.12507818094757536
BPE,60,60.572416,1.04,0.12375052780778778
BPE,60,60.907596,1.04,0.1229605990647848
BPE,60,59.235832,1.04,0.12695842858969886
BPE,60,60.017751,1.04,0.12507087071266185
BPE,60,60.184147,1.04,0.12467314499725761
BPE,60,61.547126,1.04,0.12146943320821406
BPE,60,58.51867,1.04,0.12871584321972565
BPE,60,59.088897,1.04,0.12731587154429014
BPE,60,62.804462,1.04,0.11860353463616781
BPE,60,59.726903,1.04,0.12576974279155684
BPE,60,58.109006,1.04,0.1297503247467644
BPE,60,59.41745,1.04,0.12651808377971296
BPE,60,57.231127,1.04,0.13201938122311407
BPE,60,60.240921,1.04,0.12453758141829573
BPE,60,60.809785,1.04,0.12319051501786117
BPE,60,59.088338,1.04,0.12731735336378652
BPE,60,59.529276,1.04,0.12624718638330437
BPE,60,60.923654,1.04,0.12292292837046936
BPE,60,58.249785,1.04,0.12939253734205186
BPE,60,58.678429,1.04,0.12832159900137433
BPE,60,59.771885,1.04,0.1256612996694451
BPE,60,59.247665,1.04,0.12692970008558466
BPE,60,59.706133,1.04,0.1258198012328018
BPE,60,58.73625,1.04,0.128179158404222
BPE,60,60.214313,1.04,0.12460113052444698
BPE,60,59.850767,1.04,0.1254716264667019
BPE,60,60.54919,1.04,0.12380556567339546
BPE,60,60.2004,1.04,0.12463430496634773
BPE,60,60.20669,1.04,0.12461935734310194
BPE,60,58.553693,1.04,0.12862938790700812
BPE,60,60.492592,1.04,0.12393948003662215
BPE,60,59.669134,1.04,0.1259091499940042
BPE,60,59.833402,1.04,0.12551330634725835
BPE,60,61.048264,1.04,0.12263075231691997
BPE,60,59.280564,1.04,0.12684976687583188
BPE,60,61.351184,1.04,0.12192403266306318
BPE,60,61.444475,1.04,0.12170727768580654
BPE,60,60.752784,1.04,0.12332468285962864
BPE,60,59.019379,1.04,0.12748559350456304
BPE,60,57.813707,1.04,0.13050460620243098
BPE,60,61.078835,1.04,0.12255919556959002
BPE,60,60.111385,1.04,0.12484688133042593
BPE,60,59.254803,1.04,0.1269123426326181
BPE,60,61.173562,1.04,0.12233783614746917
BPE,60,59.138441,1.04,0.12719526356851746
BPE,60,59.575845,1.04,0.126134523141014
BPE,60,60.52489,1.04,0.12386305585493929
BPE,60,58.886397,1.04,0.12781065771013175
BPE,60,59.890519,1.04,0.12537612966536027
BPE,60,61.089137,1.04,0.12253516874657738
BPE,60,60.211111,1.04,0.12460876831407627
BPE,60,61.247426,1.04,0.12216557931916984
BPE,60,61.133602,1.04,0.122431196252381
BPE,60,60.007738,1.04,0.1250949171152903
BPE,60,57.663259,1.04,0.1308909400452379
BPE,60,58.894228,1.04,0.12779149899599118
BPE,60,60.763334,1.04,0.1232997696611797
BPE,60,58.449749,1.04,0.1288863521906112
BPE,60,59.673307,1.04,0.1258989917462078
BPE,60,60.338481,1.04,0.12430545541126965
BPE,60,61.469571,1.04,0.1216491826682021
BPE,60,59.42498,1.04,0.12649988829456105
BPE,60,59.356512,1.04,0.1266656786308488
BPE,60,59.947554,1.04,0.12523905660186088
BPE,60,60.350913,1.04,0.12427587411803734
BPE,60,59.845753,1.04,0.12548360995517985
BPE,60,61.049268,1.04,0.12262842830977543
BPE,60,59.200856,1.04,0.12704355456546307
BPE,60,60.120161,1.04,0.12482581172480298
BPE,60,60.445213,1.04,0.12405190903926187
BPE,60,59.599767,1.04,0.12607667128511493
BPE,60,60.83971,1.04,0.12312008276727003
BPE,60,60.148959,1.04,0.12475715640068039
BPE,60,60.788846,1.04,0.12323978169416351
BPE,60,60.194104,1.04,0.12464934528885434
BPE,60,60.376405,1.04,0.12421529747803646
BPE,60,59.367608,1.04,0.1266386284525899
BPE,60,59.369228,1.04,0.1266349046107538
BPE,60,61.224396,1.04,0.12221924178675247
BPE,60,60.63551,1.04,0.12360138040886169
BPE,60,58.977035,1.04,0.12758896631085698
BPE,60,60.180863,1.04,0.12468090094463642
BPE,60,57.626224,1.04,0.13098622134264268
BPE,60,59.42606,1.04,0.12649724760556882
BPE,60,60.961028,1.04,0.12283521933204203
BPE,60,59.874854,1.04,0.12541362120745664
BPE,60,60.117913,1.04,0.12483130566629799
BPE,60,56.983619,1.04,0.1326750206730734
BPE,60,59.607746,1.04,0.1260574249736736
BPE,60,60.338272,1.04,0.12430597716380448
BPE,60,60.46529,1.04,0.12400432163875935
BPE,60,60.962356,1.04,0.12283201275825936
BPE,60,59.789742,1.04,0.12561847909976478
BPE,60,59.834344,1.04,0.12551111015370794
BPE,60,58.667883,1.04,0.1283476393344075
BPE,60,59.795478,1.04,0.12560451438653958
BPE,60,58.738425,1.04,0.1281739221963737
BPE,60,58.15213,1.04,0.12964058814321494
BPE,60,58.914821,1.04,0.12774106183578354
BPE,60,61.508685,1.04,0.12155840095812734
BPE,60,59.729439,1.04,0.1257636103024141
BPE,60,60.219877,1.04,0.12458790734186098
BPE,60,59.486504,1.04,0.12635081563924971
BPE,60,58.209449,1.04,0.12949496716905043
BPE,60,60.936113,1.04,0.12289358011275406
BPE,60,57.827802,1.04,0.13046846870652867
BPE,60,59.445207,1.04,0.12645093365669355
BPE,60,59.945385,1.04,0.12524432446102637
BPE,60,60.23049,1.04,0.1245626341187444
BPE,60,59.27353,1.04,0.1268669177568798
BPE,60,58.162039,1.04,0.12961542346637084
BPE,60,59.198907,1.04,0.12704819050892832
BPE,60,59.251242,1.04,0.12692098032340415
BPE,60,59.226907,1.04,0.12698011082102945
BPE,60,60.970059,1.04,0.12281398688327648
BPE,60,58.786397,1.04,0.12805592965261325
BPE,60,60.300979,1.04,0.12439475624777006
BPE,60,60.158297,1.04,0.1247348363864178
BPE,60,60.960455,1.04,0.122836551299106
BPE,60,59.866868,1.04,0.12543276272493475
BPE,60,60.791131,1.04,0.12323448368667098
BPE,60,59.82778,1.04,0.1255267603238631
BPE,60,60.434393,1.04,0.12407758957790652
BPE,60,58.497059,1.04,0.1287693211525639
BPE,60,57.361722,1.04,0.13167507610097537
BPE,60,60.377547,1.04,0.1242125413060014
BPE,60,60.431183,1.04,0.12408513794709528
BPE,60,60.475502,1.04,0.12398007309384657
BPE,60,59.475067,1.04,0.1263785460407993
BPE,60,61.489722,1.04,0.12160239716968574
BPE,60,59.540122,1.04,0.12622093712263574
BPE,60,60.420879,1.04,0.12410968132493001
BPE,60,60.594636,1.04,0.1236980389435634
BPE,60,61.71874,1.04,0.12107299810147072
BPE,60,59.68297,1.04,0.12587576574184625
BPE,60,59.346807,1.04,0.1266891349852489
BPE,60,58.501855,1.04,0.12875750900126798
BPE,60,61.552367,1.04,0.12145726140228064
BPE,60,60.421411,1.04,0.12410836238266276
BPE,60,60.453061,1.04,0.12403331562470393
BPE,60,63.116704,1.04,0.11791210538102467
BPE,60,60.325045,1.04,0.12433742589766958
BPE,60,58.697679,1.04,0.1282741434419675
BPE,60,59.804096,1.04,0.12558378098284567
BPE,60,59.025218,1.04,0.1274712998991095
BPE,60,59.604132,1.04,0.12606611591451042
BPE,60,59.59741,1.04,0.12608235007770618
BPE,60,59.412976,1.04,0.1265290062148449
BPE,60,58.606717,1.04,0.12849847550906668
BPE,60,61.592502,1.04,0.12136450399634888
BPE,60,60.298848,1.04,0.12439975163945514
BPE,60,59.774528,1.04,0.12565497241165668
BPE,60,60.757638,1.04,0.12331324029238294
BPE,60,60.471067,1.04,0.12399063195863504
BPE,60,60.275691,1.04,0.12445492393174454
BPE,60,60.684998,1.04,0.12348462012276334
BPE,60,60.133935,1.04,0.12479293386295781
BPE,60,60.670221,1.04,0.12351943373737723
BPE,60,60.753112,1.04,0.12332398618386081
BPE,60,60.162719,1.04,0.12472428311595465
BPE,60,59.779606,1.04,0.1256427275132408
BPE,60,61.530398,1.04,0.1215082047455385
BPE,60,59.522098,1.04,0.12626464616407704
BPE,60,60.391314,1.04,0.12417987231209295
BPE,60,60.413908,1.04,0.12412610790623013
BPE,60,59.390442,1.04,0.1265834482170798
BPE,60,59.192178,1.04,0.1270645476997645
BPE,60,59.646148,1.04,0.12596455088019093
BPE,60,59.507783,1.04,0.1262992061724277
BPE,60,58.541869,1.04,0.12865862910418274
BPE,60,59.348505,1.04,0.12668502251657868
BPE,60,60.266223,1.04,0.1244773503197623
BPE,60,61.265944,1.04,0.1221224997517548
BPE,60,60.554391,1.04,0.12379325238482167
BPE,60,57.400466,1.04,0.1315731535211811
BPE,60,60.641304,1.04,0.12358774386682592
BPE,60,59.441848,1.04,0.12645907031064027
BPE,60,60.45308,1.04,0.12403320813849072
BPE,60,59.985865,1.04,0.12514730560983706
BPE,60,59.807312,1.04,0.12557606566881965
BPE,60,59.897764,1.04,0.12535858827402102
BPE,60,59.977576,1.04,0.12516715647711396
BPE,60,61.344405,1.04,0.12193974955164347
BPE,60,59.98034,1.04,0.12516052149651014
BPE,60,61.085536,1.04,0.12254350705467118
BPE,60,60.939906,1.04,0.12288472522267924
BPE,60,60.667046,1.04,0.12352699138992501
BPE,60,58.213381,1.04,0.12948491988614813
BPE,60,61.116633,1.04,0.12247079342479135
BPE,60,59.542099,1.04,0.12621617289800038
BPE,60,60.715727,1.04,0.12341215180542103
BPE,60,59.027467,1.04,0.12746590240837116
BPE,60,58.814926,1.04,0.12798589952991296
BPE,60,61.976389,1.04,0.12048068494431982
BPE,60,59.043017,1.04,0.12742789106314392
BPE,60,61.146107,1.04,0.12240201444699382
BPE,60,60.11842,1.04,0.12482988658926039
BPE,60,59.57988,1.04,0.1261248059593184
BPE,60,59.955171,1.04,0.12522085282256856
BPE,60,58.698906,1.04,0.1282711217155932
BPE,60,59.986246,1.04,0.12514632708694326
BPE,60,58.91726,1.04,0.127735129676603
BPE,60,59.604556,1.04,0.12606502452998936
BPE,60,60.9253,1.04,0.12291898332337445
BPE,60,60.254191,1.04,0.12450612009814069
BPE,60,58.51783,1.04,0.12871797795950682
BPE,60,60.851488,1.04,0.12309232957262253
BPE,60,59.9929,1.04,0.12513051994334734
BPE,60,59.457815,1.04,0.12642033355788412
BPE,60,60.746676,1.04,0.12333908814985053
BPE,60,59.832793,1.04,0.125514783347077
BPE,60,58.834339,1.04,0.12793815385642654
BPE,60,61.84781,1.04,0.12077586719977289
BPE,60,59.982713,1.04,0.12515478650939224
BPE,60,59.918615,1.04,0.12530858148334392
BPE,60,59.594895,1.04,0.12608850361117296
BPE,60,61.179966,1.04,0.12232285677280955
BPE,60,59.475121,1.04,0.1263783842082313
BPE,60,58.45502,1.04,0.12887326267826446
BPE,60,59.321322,1.04,0.12675091816295964
BPE,60,61.326775,1.04,0.12198079696308482
BPE,60,60.832132,1.04,0.12313791904439417
BPE,60,59.744984,1.04,0.12572619991232048
BPE,60,61.373255,1.04,0.12187276951972648
BPE,60,60.747942,1.04,0.12333621748770042
BPE,60,59.733411,1.04,0.12575407677262856
BPE,60,59.83409,1.04,0.1255116950391215
BPE,60,60.329318,1.04,0.12432725824790614
BPE,60,59.168113,1.04,0.12712313287247395
BPE,60,60.004505,1.04,0.12510262676720196
BPE,60,60.308513,1.04,0.12437683986024746
BPE,60,58.313034,1.04,0.12923214119383214
BPE,60,59.81068,1.04,0.1255679504708883
BPE,60,59.696944,1.04,0.12584199839614743
BPE,60,61.028068,1.04,0.122678050793373
BPE,60,58.155503,1.04,0.12963186300173132
BPE,60,59.618494,1.04,0.1260314714314923
BPE,60,59.518245,1.04,0.1262738837255455
BPE,60,60.960071,1.04,0.12283741934953024
BPE,60,59.956453,1.04,0.12521775609298097
BPE,60,61.796095,1.04,0.12089477202985502
BPE,60,60.662213,1.04,0.12353840587863861
BPE,60,59.589777,1.04,0.12610080533477544
BPE,60,60.239659,1.04,0.12454067435716623
BPE,60,59.645931,1.04,0.12596507795941342
BPE,60,60.859396,1.04,0.12307388901422893
BPE,60,58.667802,1.04,0.1283478272657832
BPE,60,59.176304,1.04,0.12710317613898955
BPE,60,60.45569,1.04,0.1240270296288245
BPE,60,61.225756,1.04,0.12221596257540837
BPE,60,57.798031,1.04,0.1305447682283016
BPE,60,61.374471,1.04,0.12186988289620529
BPE,60,59.859865,1.04,0.12544973822566938
BPE,60,58.116125,1.04,0.12973233225440076
BPE,60,56.998272,1.04,0.13263613825920828
BPE,60,58.470614,1.04,0.12883477186624345
BPE,60,59.980295,1.04,0.12516055072352583
BPE,60,59.934102,1.04,0.12527140558722694
BPE,60,60.6332,1.04,0.12360682527402621
BPE,60,59.450513,1.04,0.12643797129080048
BPE,60,58.891959,1.04,0.12779715353326537
BPE,60,59.586914,1.04,0.12610765616154376
BPE,60,60.03361,1.04,0.12503286034461447
BPE,60,60.230773,1.04,0.12456189021063399
BPE,60,59.210835,1.04,0.1270191478738108
BPE,60,60.901447,1.04,0.12297500456451171
BPE,60,59.378603,1.04,0.1266120672361425
BPE,60,59.130283,1.04,0.1272151183196815
BPE,60,59.457608,1.04,0.1264207935091032
BPE,60,61.07484,1.04,0.12256856334388205
BPE,60,59.867204,1.04,0.12543200143182107
BPE,60,59.305486,1.04,0.12678937027900566
BPE,60,60.926108,1.04,0.12291714014308744
BPE,60,62.142749,1.04,0.12009974603836608
BPE,60,60.209683,1.04,0.12461216336608415
BPE,60,61.233842,1.04,0.12219720655685687
BPE,60,61.036078,1.04,0.1226592756415179
BPE,60,59.39436,1.04,0.12657397867165462
BPE,60,60.026634,1.04,0.12504961091299507
BPE,60,58.717455,1.04,0.128225522376954
BPE,60,59.795058,1.04,0.12560562075461948
BPE,60,59.37381,1.04,0.12662365230142097
BPE,60,59.597114,1.04,0.12608307781088401
BPE,60,59.250105,1.04,0.1269237074292077
BPE,60,59.712903,1.04,0.12580350779027152
BPE,60,60.532233,1.04,0.12384569795806405
BPE,60,59.880508,1.04,0.12540014661172877
BPE,60,58.135627,1.04,0.1296824840223758
BPE,60,59.253879,1.04,0.12691463472406758
BPE,60,58.480601,1.04,0.12881004513552075
BPE,60,60.24406,1.04,0.12453022506845586
BPE,60,60.503317,1.04,0.12391419285687347
BPE,60,60.256548,1.04,0.12450045639645489
BPE,60,59.212596,1.04,0.1270148501719374
BPE,60,60.246854,1.04,0.12452356243872838
BPE,60,59.529886,1.04,0.1262457023162955
BPE,60,58.861775,1.04,0.12787100150566033
BPE,60,60.74193,1.04,0.12335036578087448
BPE,60,60.818028,1.04,0.12317110373141574
BPE,60,60.948895,1.04,0.12286361510221883
BPE,60,59.391651,1.04,0.12658046916264432
BPE,60,61.179362,1.04,0.12232424459976673
BPE,60,59.506418,1.04,0.12630252693086746
BPE,60,60.653501,1.04,0.12355894213521024
BPE,60,59.489087,1.04,0.1263445151203364
BPE,60,59.776018,1.04,0.1256513793476279
BPE,60,57.578822,1.04,0.13110831804754036
BPE,60,59.698087,1.04,0.12583923325657861
BPE,60,60.09109,1.04,0.12489536684229198
BPE,60,59.58995,1.04,0.1261003599057204
BPE,60,61.756188,1.04,0.12098657926601385
BPE,60,58.837534,1.04,0.12793042253050713
BPE,60,59.436419,1.04,0.12647212418349787
BPE,60,59.095127,1.04,0.12730078888010124
BPE,60,59.436223,1.04,0.12647257882918067
BPE,60,61.031413,1.04,0.122670180919563
BPE,60,61.478032,1.04,0.12162946919902155
BPE,60,59.299207,1.04,0.12680453477070744
BPE,60,59.276992,1.04,0.12685844696951915
BPE,60,58.842871,1.04,0.12791741876880813
BPE,60,61.306285,1.04,0.12202843640525496
BPE,60,61.121004,1.04,0.12246059368720574
BPE,60,59.894018,1.04,0.12536773899583575
BPE,60,58.603901,1.04,0.12850554377366338
BPE,60,58.693337,1.04,0.12828489124047351
BPE,60,60.170629,1.04,0.12470526719151152
BPE,60,60.549338,1.04,0.12380515106303493
BPE,60,57.933855,1.04,0.13019712931123967
BPE,60,59.67869,1.04,0.12588599066626413
BPE,60,61.618296,1.04,0.12130463073057832
BPE,60,59.782491,1.04,0.12563587719769725
BPE,60,61.489638,1.04,0.12160252914010089
BPE,60,60.649046,1.04,0.12356949770975764
BPE,60,58.91572,1.04,0.12773883592316682
BPE,60,59.707329,1.04,0.1258169721234258
BPE,60,59.871306,1.04,0.1254222198231516
BPE,60,59.047488,1.04,0.12741702940128583
BPE,60,59.030132,1.04,0.12745935878363382
BPE,60,61.506769,1.04,0.1215628875295798
BPE,60,59.022639,1.04,0.12747760864520769
BPE,60,61.078436,1.04,0.12256014475101323
BPE,60,59.563516,1.04,0.12616434814650657
BPE,60,59.974361,1.04,0.12517479922224606
BPE,60,60.561844,1.04,0.12377559364705662
BPE,60,59.401441,1.04,0.1265568519231868
BPE,60,60.567904,1.04,0.12376127774245546
BPE,60,57.95357,1.04,0.13014665657552396
BPE,60,60.439707,1.04,0.12406501690300036
BPE,60,57.53147,1.04,0.13123043961081435
BPE,60,59.773153,1.04,0.12565833906642845
BPE,60,60.854243,1.04,0.12308585853354392
BPE,60,60.622295,1.04,0.12363254557473335
BPE,60,58.70159,1.04,0.12826446263066968
BPE,60,58.830336,1.04,0.1279480345616214
BPE,60,59.311328,1.04,0.12677515990701962
BPE,60,60.186216,1.04,0.12466821669714458
BPE,60,57.968067,1.04,0.1301096335890095
BPE,60,59.986776,1.04,0.12514508997495805
BPE,60,60.311429,1.04,0.12436977819381798
BPE,60,59.716963,1.04,0.1257937877224548
BPE,60,60.525321,1.04,0.12386200062615785
BPE,60,60.223724,1.04,0.12457867804529921
BPE,60,59.458346,1.04,0.12641906829499178
BPE,60,58.063811,1.04,0.12986540935959612
BPE,60,60.133413,1.04,0.12479416353586517
BPE,60,59.046925,1.04,0.12741836430836948
BPE,60,59.421657,1.04,0.1265078749894148
BPE,60,60.479124,1.04,0.12397144397558944
BPE,60,61.417333,1.04,0.12177026967373178
BPE,60,59.96194,1.04,0.1252046242272149
BPE,60,60.554065,1.04,0.12379408553188423
BPE,60,58.555521,1.04,0.1286248647316106
BPE,60,60.245524,1.04,0.12452671549246391
BPE,60,59.940094,1.04,0.12525701450697163
BPE,60,61.229228,1.04,0.12220795835381446
BPE,60,59.459542,1.04,0.12641610989871344
BPE,60,59.758362,1.04,0.12569389080882312
BPE,60,61.058814,1.04,0.1226060988869882
BPE,60,59.907966,1.04,0.12533421916432175
BPE,60,58.891159,1.04,0.12779906342837075
BPE,60,62.551633,1.04,0.11916737949442317
BPE,60,58.921407,1.04,0.12772501840510814
BPE,60,59.9353,1.04,0.12526859840961957
BPE,60,60.346688,1.04,0.12428591720484744
BPE,60,60.267618,1.04,0.12447411075586118
BPE,60,59.810256,1.04,0.12556902554804242
BPE,60,59.81524,1.04,0.12555698025108425
BPE,60,59.765068,1.04,0.12567783827021192
BPE,60,58.884066,1.04,0.1278163360063053
BPE,60,62.150219,1.04,0.12008254037462758
BPE,60,59.780009,1.04,0.12564179701801856
BPE,60,60.596931,1.04,0.12369273337978302
BPE,60,59.665347,1.04,0.12591817716319958
BPE,60,59.645236,1.04,0.12596681287052433
BPE,60,59.544556,1.04,0.1262102234720437
BPE,60,58.450154,1.04,0.12888539358150075
BPE,60,59.839379,1.04,0.1254989224543223
BPE,60,59.592992,1.04,0.12609300305660573
BPE,60,61.171525,1.04,0.12234269274893245
BPE,60,58.8033,1.04,0.12801427815320868
BPE,60,59.422853,1.04,0.12650500375833887
BPE,60,59.10156,1.04,0.12728514019094936
BPE,60,61.44253,1.04,0.12171181294204851
BPE,60,59.130592,1.04,0.12721442548687656
BPE,60,60.5623,1.04,0.12377443280831649
BPE,60,60.970161,1.04,0.12281385410076999
BPE,60,59.853877,1.04,0.12546403047233443
BPE,60,58.623189,1.04,0.12845788156449214
BPE,60,58.635846,1.04,0.12842657633705007
BPE,60,60.859764,1.04,0.12307295231424892
BPE,60,58.739406,1.04,0.1281714178382351
BPE,60,60.392027,1.04,0.12417820129928508
BPE,60,60.114349,1.04,0.12483975410388211
BPE,60,60.377132,1.04,0.12421353311494121
BPE,60,60.471585,1.04,0.12398935867820138
BPE,60,59.066329,1.04,0.12737101299398537
BPE,60,59.024472,1.04,0.1274731875306737
BPE,60,60.714927,1.04,0.12341399005646199
BPE,60,59.370655,1.04,0.12663129530133005
BPE,60,57.249852,1.04,0.13196995985708904
BPE,60,60.648755,1.04,0.12357014947974565
BPE,60,58.963739,1.04,0.12762141771590974
BPE,60,60.467136,1.04,0.12400000457703766
BPE,60,61.392822,1.04,0.12182718938414425
BPE,60,60.016762,1.04,0.12507326277758385
BPE,60,60.995766,1.04,0.12275372690976077
BPE,60,60.153798,1.04,0.12474554435718327
BPE,60,61.587429,1.04,0.121376161224042
BPE,60,58.937893,1.04,0.12768463282221285
BPE,60,59.991785,1.04,0.12513303019550803
BPE,60,60.673162,1.04,0.12351252601927928
BPE,60,59.809588,1.04,0.12557058558563391
BPE,60,61.152219,1.04,0.12238772681794002
BPE,60,59.56796,1.04,0.126153604591758
BPE,60,62.069371,1.04,0.12026774613560569
BPE,60,62.122198,1.04,0.12014681337791389
BPE,60,60.282072,1.04,0.12443967164495358
BPE,60,60.552601,1.04,0.1237975600929838
BPE,60,61.191671,1.04,0.12229560859194694
BPE,60,58.812803,1.04,0.12799108990373964
BPE,60,58.688,1.04,0.12829801348960718
BPE,60,61.256419,1.04,0.12214461275653873
BPE,60,60.273988,1.04,0.12445888096112576
BPE,60,59.773495,1.04,0.12565741092475013
BPE,60,60.011123,1.04,0.12508682205964694
BPE,60,57.613959,1.04,0.13101775164728935
BPE,60,59.809438,1.04,0.12557089236573069
BPE,60,59.246953,1.04,0.12693136775492106
BPE,60,60.918072,1.04,0.12293596550472771
BPE,60,60.995031,1.04,0.12275549340963567
BPE,60,60.57668,1.04,0.1237405651092621
BPE,60,60.395459,1.04,0.1241700311927931
BPE,60,58.502653,1.04,0.12875555781172304
BPE,60,60.590643,1.04,0.1237075265042491
BPE,60,60.629398,1.04,0.12361577580915528
BPE,60,61.245193,1.04,0.12217079240166935
BPE,60,62.11821,1.04,0.1201558870049051
BPE,60,58.307439,1.04,0.12924645305070054
BPE,60,59.611523,1.04,0.12604821517898038
BPE,60,59.257733,1.04,0.12690523421780353
BPE,60,60.172507,1.04,0.12470085633827929
BPE,60,60.013402,1.04,0.12508129168595214
BPE,60,59.765918,1.04,0.12567567154564352
BPE,60,61.027604,1.04,0.12267920698946128
BPE,60,58.898586,1.04,0.12778086412721917
BPE,60,58.958879,1.04,0.12763337568842625
BPE,60,58.975775,1.04,0.1275919994690647
BPE,60,59.639672,1.04,0.12598028638305517
BPE,60,58.77141,1.04,0.12809272160782248
BPE,60,59.951429,1.04,0.1252298283182775
BPE,60,59.83451,1.04,0.12551067729613677
BPE,60,59.213485,1.04,0.12701282288071558
BPE,60,60.873766,1.04,0.12303994306946575
BPE,60,59.940499,1.04,0.12525605416902014
BPE,60,61.062647,1.04,0.12259704771693783
BPE,60,59.80495,1.04,0.1255817981237391
BPE,60,59.975805,1.04,0.1251714428044814
BPE,60,59.437218,1.04,0.12647031298988576
BPE,60,59.992953,1.04,0.12513030637036515
BPE,60,60.712231,1.04,0.12342037177619292
BPE,60,59.588666,1.04,0.12610355211635318
BPE,60,60.518412,1.04,0.1238782837932367
BPE,60,59.187253,1.04,0.12707646407129636
BPE,60,60.759051,1.04,0.12331002540714858
BPE,60,59.420094,1.04,0.12651162245719524
BPE,60,60.85168,1.04,0.12309198063447956
BPE,60,60.060977,1.04,0.12496732024981434
BPE,60,61.520954,1.04,0.12153000294515438
BPE,60,58.845932,1.04,0.1279097806567262
BPE,60,58.523823,1.04,0.1287031972818889
BPE,60,59.383783,1.04,0.12659951801302674
BPE,60,58.615389,1.04,0.12847706350311916
BPE,60,58.617265,1.04,0.12847242809062648
BPE,60,60.621551,1.04,0.1236343399233708
BPE,60,59.995821,1.04,0.12512344585351573
BPE,60,59.520319,1.04,0.12626894179401407
BPE,60,59.613037,1.04,0.1260445285397021
BPE,60,59.402762,1.04,0.12655369958073723
BPE,60,61.650369,1.04,0.12123066945291636
BPE,60,59.264494,1.04,0.12688878332510875
BPE,60,58.677866,1.04,0.12832297969808326
BPE,60,60.796051,1.04,0.12322288092365563
BPE,60,59.784244,1.04,0.12563156415564145
BPE,60,62.038774,1.04,0.12033781760631194
BPE,60,59.473794,1.04,0.12638165245986827
BPE,60,60.845984,1.04,0.12310536052241171
BPE,60,61.082197,1.04,0.12255130237324839
BPE,60,59.478664,1.04,0.12636971063134364
BPE,60,59.257079,1.04,0.1269068871153377
BPE,60,60.741367,1.04,0.12335153943832153
BPE,60,60.574892,1.04,0.12374468395739947
BPE,60,58.58939,1.04,0.12854124511114093
BPE,60,58.871564,1.04,0.12784708677513165
BPE,60,57.46357,1.04,0.1314072551023114
BPE,60,60.595387,1.04,0.12369620657229113
BPE,60,59.738173,1.04,0.12574261675551973
BPE,60,59.83785,1.04,0.12550252294800104
BPE,60,58.308556,1.04,0.12924352312896104
BPE,60,58.901898,1.04,0.12777277766555536
BPE,60,59.522041,1.04,0.12626473596472498
BPE,60,59.327674,1.04,0.12673555404243855
BPE,60,60.117836,1.04,0.12483151304137348
BPE,60,60.583468,1.04,0.12372434174178742
BPE,60,62.269613,1.04,0.11980935216229688
BPE,60,59.979983,1.04,0.12516136553662677
BPE,60,61.115403,1.04,0.12247365670601938
BPE,60,59.170027,1.04,0.12711840350088607
BPE,60,58.325054,1.04,0.12920165689433666
BPE,60,59.647698,1.04,0.12596080290824616
BPE,60,58.402278,1.04,0.1290063196703078
BPE,60,60.014673,1.04,0.12507831880613351
BPE,60,59.219546,1.04,0.1269979171496751
BPE,60,58.045729,1.04,0.12991153982252426
BPE,60,61.736025,1.04,0.12103315055216456
BPE,60,59.462438,1.04,0.12640916764789126
BPE,60,58.362381,1.04,0.12910723581058642
BPE,60,60.898172,1.04,0.1229826453338141
BPE,60,59.271386,1.04,0.12687199103731409
BPE,60,61.090166,1.04,0.12253269502815047
BPE,60,59.266606,1.04,0.12688376669139384
BPE,60,59.459102,1.04,0.1264171764557933
BPE,60,60.344832,1.04,0.12429027308425791
BPE,60,60.593219,1.04,0.12370138920873353
BPE,60,60.768484,1.04,0.12328775543979567
BPE,60,59.910259,1.04,0.12532865090212778
BPE,60,60.528617,1.04,0.12385425160022054
BPE,60,60.745629,1.04,0.12334155444459223
BPE,60,60.200569,1.04,0.1246339963459602
BPE,60,59.857342,1.04,0.12545578155288734
BPE,60,58.554705,1.04,0.12862679849705816
BPE,60,60.599174,1.04,0.12368725335316164
BPE,60,60.042174,1.04,0.12501239403128192
BPE,60,59.586384,1.04,0.12610894959878105
BPE,60,61.277766,1.04,0.12209486821308929
BPE,60,58.572166,1.04,0.1285838309854617
BPE,60,61.644036,1.04,0.12124528900212468
BPE,60,59.977727,1.04,0.12516678406651893
BPE,60,60.317518,1.04,0.12435529559703559
BPE,60,59.604956,1.04,0.12606409856552792
BPE,60,58.332927,1.04,0.1291817639397223
BPE,60,59.86039,1.04,0.1254484174535853
BPE,60,60.334745,1.04,0.12431430944172193
BPE,60,60.676225,1.04,0.12350538331679914
BPE,60,59.801967,1.04,0.1255889016446859
BPE,60,57.80746,1.04,0.130520693166277
BPE,60,58.458339,1.04,0.1288650890214308
BPE,60,62.05202,1.04,0.12030738479557866
BPE,60,58.907464,1.04,0.12775914002394667
BPE,60,61.427049,1.04,0.12174769600804508
BPE,60,59.065913,1.04,0.12737210205466637
BPE,60,59.817544,1.04,0.12555153034499617
BPE,60,60.625208,1.04,0.1236257166747831
BPE,60,59.179806,1.04,0.12709459622716554
BPE,60,61.592215,1.04,0.12136500630757131
BPE,60,60.075728,1.04,0.12493216524914
BPE,60,60.460851,1.04,0.12401481153926695
BPE,60,59.732393,1.04,0.12575646328733034
BPE,60,60.65872,1.04,0.12354664679948299
BPE,60,61.578793,1.04,0.12139617784294454
BPE,60,59.868714,1.04,0.12542843721171948
BPE,60,61.729713,1.04,0.12104759787626654
BPE,60,59.388404,1.04,0.1265884021960091
BPE,60,60.764096,1.04,0.1232980387947537
BPE,60,60.489114,1.04,0.12394778810055732
BPE,60,58.931418,1.04,0.1277004415831765
BPE,60,60.21381,1.04,0.12460228839297659
BPE,60,60.007366,1.04,0.12509573930162995
BPE,60,59.146808,1.04,0.12717488758398476
BPE,60,60.358002,1.04,0.1242590103012268
BPE,60,60.14629,1.04,0.12476341091019981
BPE,60,59.927413,1.04,0.12528746670108123
BPE,60,59.931423,1.04,0.12527783958453237
BPE,60,59.90999,1.04,0.12532923426193399
BPE,60,59.6323,1.04,0.12599805135000042
BPE,60,60.139834,1.04,0.12477887974801159
BPE,60,59.356086,1.04,0.1266666120663792
BPE,60,62.656809,1.04,0.11893212051427945
BPE,60,58.590667,1.04,0.1285381266681896
BPE,60,59.415264,1.04,0.12652332829739682
BPE,60,59.494258,1.04,0.12633196684787482
BPE,60,62.040493,1.04,0.12033383299184447
BPE,60,58.679865,1.04,0.12831801545540533
BPE,60,60.425922,1.04,0.12409777944520328
BPE,60,60.248394,1.04,0.12451987405739844
BPE,90,90.333602,1.04,0.07298349839064566
BPE,90,91.236343,1.04,0.07186262057983184
BPE,90,91.215829,1.04,0.07188748694815794
BPE,90,89.549043,1.04,0.07397681268789964
BPE,90,90.194017,1.04,0.07315919744063105
BPE,90,88.135898,1.04,0.07579714505597268
BPE,90,90.099093,1.04,0.07327894647682716
BPE,90,89.206011,1.04,0.0744154965358297
BPE,90,89.813618,1.04,0.07364023212226771
BPE,90,88.314628,1.04,0.07556493121503002
BPE,90,90.404872,1.04,0.07289399837950916
BPE,90,88.303431,1.04,0.07557950917606725
BPE,90,90.148285,1.04,0.07321685484503337
BPE,90,88.773494,1.04,0.07497182048497888
BPE,90,89.150359,1.04,0.07448706985628296
BPE,90,91.154732,1.04,0.07196184849052874
BPE,90,90.587918,1.04,0.0726646208847857
BPE,90,91.149203,1.04,0.07196840850991444
BPE,90,91.559727,1.04,0.07147019886482428
BPE,90,89.227161,1.04,0.07438842367657686
BPE,90,91.498972,1.04,0.07154369208315256
BPE,90,88.534494,1.04,0.07528018926675299
BPE,90,90.7461,1.04,0.07246696820715469
BPE,90,89.506662,1.04,0.07403087648816017
BPE,90,89.0697,1.04,0.074590627390186
BPE,90,90.61447,1.04,0.0726313135706671
BPE,90,90.944952,1.04,0.07221933441545357
BPE,90,90.915268,1.04,0.07225628551633725
BPE,90,90.21486,1.04,0.0731329994373765
BPE,90,90.131957,1.04,0.07323748575058064
BPE,90,90.526867,1.04,0.07274102744580417
BPE,90,90.303764,1.04,0.07302103742632404
BPE,90,90.541356,1.04,0.07272276064900995
BPE,90,90.203999,1.04,0.07314658776922944
BPE,90,90.842784,1.04,0.07234646709410228
BPE,90,88.372792,1.04,0.07548950311867032
BPE,90,89.868727,1.04,0.07357030185769059
BPE,90,88.616154,1.04,0.07517467175385228
BPE,90,90.276702,1.04,0.07305506156454754
BPE,90,91.64193,1.04,0.07137085135680515
BPE,90,89.525915,1.04,0.07400630259096594
BPE,90,90.127252,1.04,0.07324337717993065
BPE,90,90.756487,1.04,0.07245402101226597
BPE,90,87.932277,1.04,0.07606269944497218
BPE,90,89.47789,1.04,0.07406760624035344
BPE,90,90.364516,1.04,0.07294466742872337
BPE,90,87.103005,1.04,0.07715384520306887
BPE,90,89.023192,1.04,0.0746505601669331
BPE,90,91.100858,1.04,0.07202735303435438
BPE,90,91.002997,1.04,0.07214721944519047
BPE,90,90.374318,1.04,0.07293242438693734
BPE,90,90.882198,1.04,0.07229738907699165
BPE,90,90.215104,1.04,0.07313268433623767
BPE,90,90.555395,1.04,0.07270528075184479
BPE,90,89.684346,1.04,0.07380446290268304
BPE,90,90.115813,1.04,0.07325775626130165
BPE,90,89.36763,1.04,0.07420846370824431
BPE,90,91.263483,1.04,0.07182956001308168
BPE,90,91.521559,1.04,0.07151639785540224
BPE,90,91.379913,1.04,0.07168809452636013
BPE,90,89.591891,1.04,0.07392219892163501
BPE,90,89.046226,1.04,0.0746208451928758
BPE,90,91.276974,1.04,0.07181316675075591
BPE,90,90.543907,1.04,0.07271974223265151
BPE,90,90.328584,1.04,0.07298980560783434
BPE,90,89.366368,1.04,0.07421010346742375
BPE,90,90.425664,1.04,0.0728678678253986
BPE,90,88.914722,1.04,0.07479031401008915
BPE,90,90.634062,1.04,0.07260682836330612
BPE,90,91.378887,1.04,0.07168934661105927
BPE,90,91.631046,1.04,0.07138391511249066
BPE,90,90.708524,1.04,0.07251385264506367
BPE,90,88.617978,1.04,0.07517225935969088
BPE,90,90.19733,1.04,0.07315501871265942
BPE,90,92.139682,1.04,0.07077191840668003
BPE,90,89.131388,1.04,0.07451131297800441
BPE,90,89.940818,1.04,0.07347900579365661
BPE,90,91.413524,1.04,0.07164732809306357
BPE,90,90.617134,1.04,0.0726280571526773
BPE,90,92.480156,1.04,0.07036523892255406
BPE,90,89.267131,1.04,0.07433715506468175
BPE,90,89.010244,1.04,0.07466716900579372
BPE,90,91.224125,1.04,0.071877496932794
BPE,90,88.804121,1.04,0.0749324057231956
BPE,90,89.803232,1.04,0.07365340868634251
BPE,90,89.934353,1.04,0.07348719451212314
BPE,90,91.035989,1.04,0.07210632856045672
BPE,90,90.614268,1.04,0.07263157654171154
BPE,90,90.457065,1.04,0.07282847843651238
BPE,90,89.597569,1.04,0.07391498503324977
BPE,90,91.215004,1.04,0.07188850032039615
BPE,90,94.025824,1.04,0.06853652605153969
BPE,90,90.691282,1.04,0.07253537297193202
BPE,90,90.099672,1.04,0.07327826678155283
BPE,90,88.702137,1.04,0.07506382810833659
BPE,90,89.362519,1.04,0.0742150696941142
BPE,90,89.78629,1.04,0.07367487077801835
BPE,90,89.4654,1.04,0.07408351545964789
BPE,90,89.983922,1.04,0.0734245102685052
BPE,90,91.778016,1.04,0.07120661765805432
BPE,90,91.247167,1.04,0.07184944427004233
BPE,90,89.841167,1.04,0.07360524923676315
BPE,90,88.79172,1.04,0.07494834162736326
BPE,90,91.337368,1.04,0.07173980229088514
BPE,90,89.950946,1.04,0.07346614169805905
BPE,90,88.2735,1.04,0.07561837163198837
BPE,90,90.71243,1.04,0.07250896004010572
BPE,90,91.025687,1.04,0.07211907021291203
BPE,90,87.574092,1.04,0.07653199080810362
BPE,90,89.175445,1.04,0.07445483334477247
BPE,90,89.889546,1.04,0.07354392443110824
BPE,90,90.734511,1.04,0.07248146069119993
BPE,90,89.484253,1.04,0.07405942657085143
BPE,90,89.167858,1.04,0.0744645463202059
BPE,90,90.727169,1.04,0.07249060720841653
BPE,90,89.531678,1.04,0.07399889948208492
BPE,90,90.542055,1.04,0.0727219299588912
BPE,90,88.888484,1.04,0.07482397710403296
BPE,90,88.647667,1.04,0.07513402268851523
BPE,90,90.755269,1.04,0.07245557833158801
BPE,90,90.25252,1.04,0.07308556009463
BPE,90,90.922456,1.04,0.07224728913988514
BPE,90,89.467407,1.04,0.0740809545687357
BPE,90,89.204895,1.04,0.07441701862859604
BPE,90,91.360719,1.04,0.0717114554136018
BPE,90,88.477041,1.04,0.07535450094764924
BPE,90,91.251461,1.04,0.07184419723149262
BPE,90,91.320505,1.04,0.07176031084998878
BPE,90,90.86009,1.04,0.07232490994956561
BPE,90,89.312192,1.04,0.07427948036441055
BPE,90,89.183476,1.04,0.07444441292695982
BPE,90,89.789944,1.04,0.07367032329741026
BPE,90,88.70496,1.04,0.0750601148264103
BPE,90,89.038306,1.04,0.0746310990876368
BPE,90,90.644734,1.04,0.07259354994622227
BPE,90,90.649349,1.04,0.07258776356758692
BPE,90,88.950425,1.04,0.07474419105818143
BPE,90,90.676122,1.04,0.0725542723430296
BPE,90,90.454303,1.04,0.0728319267129817
BPE,90,91.509886,1.04,0.0715305311231014
BPE,90,90.569136,1.04,0.07268808203855848
BPE,90,91.058581,1.04,0.0720787973680515
BPE,90,90.477078,1.04,0.07280338163952363
BPE,90,90.979929,1.04,0.0721759156254626
BPE,90,88.712883,1.04,0.0750498654504116
BPE,90,89.878256,1.04,0.07355825866742255
BPE,90,89.961017,1.04,0.07345344582826802
BPE,90,89.75625,1.04,0.07371310628895751
BPE,90,90.443887,1.04,0.07284502044871981
BPE,90,90.63438,1.04,0.07260648134309558
BPE,90,90.392257,1.04,0.0729098934675181
BPE,90,89.823056,1.04,0.07362824412909333
BPE,90,89.26427,1.04,0.0743408763250799
BPE,90,91.097186,1.04,0.0720317415767483
BPE,90,90.349733,1.04,0.07296324768974391
BPE,90,88.981386,1.04,0.07470431757850836
BPE,90,89.806312,1.04,0.07364948850088986
BPE,90,88.2567,1.04,0.07564009951892825
BPE,90,90.035371,1.04,0.07335938795923423
BPE,90,89.80162,1.04,0.07365552930491638
BPE,90,89.425533,1.04,0.07413442052646493
BPE,90,91.5846,1.04,0.071440167534504
BPE,90,88.843846,1.04,0.0748812938473172
BPE,90,90.706393,1.04,0.07251649165023995
BPE,90,92.186708,1.04,0.07071561178772191
BPE,90,91.077268,1.04,0.0720560135621337
BPE,90,89.968461,1.04,0.0734439892826923
BPE,90,88.865931,1.04,0.0748529622454267
BPE,90,88.637938,1.04,0.07514654598651307
BPE,90,89.588448,1.04,0.07392657420276728
BPE,90,89.312999,1.04,0.07427843036045757
BPE,90,89.280453,1.04,0.07432011125291914
BPE,90,89.673687,1.04,0.073818033251689
BPE,90,89.897753,1.04,0.07353350996633932
BPE,90,90.485212,1.04,0.07279324311123407
BPE,90,88.762204,1.04,0.07498642851580486
BPE,90,89.317756,1.04,0.07427226230956206
BPE,90,89.840328,1.04,0.07360639590007823
BPE,90,89.804515,1.04,0.07365186166977747
BPE,90,91.836424,1.04,0.07113619896147774
BPE,90,90.232247,1.04,0.07311104713388178
BPE,90,88.38641,1.04,0.07547189055365322
BPE,90,90.418181,1.04,0.07287726529962281
BPE,90,90.545664,1.04,0.07271753442267338
BPE,90,89.874872,1.04,0.07356260520814678
BPE,90,88.786603,1.04,0.0749549676657148
BPE,90,91.758055,1.04,0.07123059937992166
BPE,90,88.930116,1.04,0.0747704247295901
BPE,90,90.660772,1.04,0.07257349688805126
BPE,90,90.200051,1.04,0.07315165487112366
BPE,90,90.600811,1.04,0.07264848239145064
BPE,90,91.706858,1.04,0.07129241269265288
BPE,90,90.561639,1.04,0.07269752789684064
BPE,90,89.441336,1.04,0.07411425946122618
BPE,90,91.105992,1.04,0.07202106298341765
BPE,90,89.368901,1.04,0.0742068528922802
BPE,90,90.163558,1.04,0.07319758086007763
BPE,90,88.706916,1.04,0.07505755695370453
BPE,90,88.966719,1.04,0.07472323812760838
BPE,90,90.051387,1.04,0.07333916264199188
BPE,90,90.368087,1.04,0.07294022078841425
BPE,90,88.297609,1.04,0.07558704186158913
BPE,90,90.497287,1.04,0.07277802651106063
BPE,90,89.180571,1.04,0.07444824329335187
BPE,90,91.279688,1.04,0.07180986808163757
BPE,90,89.648036,1.04,0.07385068940425311
BPE,90,88.876378,1.04,0.07483953720568681
BPE,90,90.075805,1.04,0.07330838970367665
BPE,90,89.083765,1.04,0.07457260685959302
BPE,90,91.268945,1.04,0.07182293332887638
BPE,90,90.00053,1.04,0.07340350125336721
BPE,90,89.848323,1.04,0.07359618899112472
BPE,90,90.591801,1.04,0.07265971336289635
BPE,90,88.995053,1.04,0.07468675618201519
BPE,90,88.710846,1.04,0.07505250111272668
BPE,90,90.408352,1.04,0.07288962711967728
BPE,90,88.900329,1.04,0.0748087435826062
BPE,90,88.89999,1.04,0.07480914498469475
BPE,90,90.836756,1.04,0.0723539564637938
BPE,90,90.525064,1.04,0.07274328953095802
BPE,90,88.74617,1.04,0.07500707415691282
BPE,90,89.380864,1.04,0.07419159785206542
BPE,90,89.096268,1.04,0.07455650308041373
BPE,90,91.776319,1.04,0.07120867348241183
BPE,90,90.90601,1.04,0.07226775375367495
BPE,90,89.579155,1.04,0.0739383858710114
BPE,90,90.576195,1.04,0.07267931319136109
BPE,90,88.643814,1.04,0.07513903437600995
BPE,90,89.327354,1.04,0.07426001987107587
BPE,90,90.104863,1.04,0.07327169629026607
BPE,90,90.452231,1.04,0.07283458082903449
BPE,90,89.902541,1.04,0.07352747953381696
BPE,90,90.248014,1.04,0.07309121588360262
BPE,90,90.078336,1.04,0.07330516943053557
BPE,90,89.836423,1.04,0.07361127740437241
BPE,90,89.703854,1.04,0.07377967404521499
BPE,90,89.573735,1.04,0.0739453658867692
BPE,90,90.231938,1.04,0.07311143517077928
BPE,90,90.410816,1.04,0.07288649340656846
BPE,90,90.198359,1.04,0.07315368161930824
BPE,90,88.821403,1.04,0.07491023507592669
BPE,90,89.001072,1.04,0.07467903215566332
BPE,90,90.398882,1.04,0.07290151437248939
BPE,90,91.471673,1.04,0.0715767801773713
BPE,90,90.152415,1.04,0.07321162219232974
BPE,90,89.588332,1.04,0.07392668850448907
BPE,90,90.22434,1.04,0.07312098997419567
BPE,90,88.863179,1.04,0.07485649917704484
BPE,90,91.308943,1.04,0.07177435084003903
BPE,90,90.186594,1.04,0.07316854264776516
BPE,90,89.330543,1.04,0.07425597546803397
BPE,90,89.833205,1.04,0.07361542589031927
BPE,90,89.472964,1.04,0.07407381194009464
BPE,90,91.31167,1.04,0.07177102710747801
BPE,90,89.79776,1.04,0.07366039132447322
BPE,90,90.155366,1.04,0.07320792695155601
BPE,90,90.573726,1.04,0.07268236033250128
BPE,90,89.259233,1.04,0.07434727677485577
BPE,90,90.193709,1.04,0.07315964015549667
BPE,90,90.274436,1.04,0.07305790272939129
BPE,90,88.445921,1.04,0.07539473692724097
BPE,90,90.252696,1.04,0.0730853302603655
BPE,90,89.954238,1.04,0.07346201879887287
BPE,90,90.129966,1.04,0.07323998423980822
BPE,90,90.03563,1.04,0.07335907788674742
BPE,90,90.25917,1.04,0.07307718548797841
BPE,90,91.337343,1.04,0.07173985172266548
BPE,90,88.820493,1.04,0.07491134750963441
BPE,90,89.657848,1.04,0.07383816262291892
BPE,90,90.666619,1.04,0.07256623495982777
BPE,90,90.480926,1.04,0.07279860182498232
BPE,90,90.459406,1.04,0.07282554971438848
BPE,90,92.753577,1.04,0.07003946424835546
BPE,90,90.614136,1.04,0.07263181996810322
BPE,90,91.130938,1.04,0.07199067466697673
BPE,90,89.692928,1.04,0.07379355816148785
BPE,90,89.007088,1.04,0.07467123624285
BPE,90,89.685683,1.04,0.07380274854825321
BPE,90,90.71196,1.04,0.07250947339661122
BPE,90,90.406828,1.04,0.07289155570233745
BPE,90,90.403251,1.04,0.07289597635399786
BPE,90,89.785656,1.04,0.0736757461243633
BPE,90,89.626197,1.04,0.07387844898104003
BPE,90,89.820143,1.04,0.07363201888903809
BPE,90,90.724475,1.04,0.07249394975016504
BPE,90,90.840727,1.04,0.07234900974602802
BPE,90,88.993758,1.04,0.0746884539761685
BPE,90,90.762343,1.04,0.07244675760153044
BPE,90,89.349279,1.04,0.07423197793560243
BPE,90,90.468922,1.04,0.07281364057917543
BPE,90,89.808034,1.04,0.07364727812417086
BPE,90,91.565789,1.04,0.07146280042002737
BPE,90,89.581925,1.04,0.0739348540460659
BPE,90,90.178612,1.04,0.07317861605040644
BPE,90,90.606593,1.04,0.07264120343104125
BPE,90,89.126041,1.04,0.07451828133438486
BPE,90,89.927143,1.04,0.07349637941639248
BPE,90,89.733415,1.04,0.07374211094997078
BPE,90,89.486187,1.04,0.07405696045805756
BPE,90,89.560277,1.04,0.0739624842141495
BPE,90,91.112015,1.04,0.07201378161320404
BPE,90,89.401449,1.04,0.0741652490522609
BPE,90,90.566408,1.04,0.07269148218051512
BPE,90,90.314595,1.04,0.07300738115074148
BPE,90,88.60302,1.04,0.0751916430367442
BPE,90,90.519169,1.04,0.07275068091872205
BPE,90,88.586487,1.04,0.07521298485183366
BPE,90,90.628092,1.04,0.07261438368661097
BPE,90,89.492808,1.04,0.07404848591837941
BPE,90,90.008367,1.04,0.07339356345387335
BPE,90,88.70572,1.04,0.07505915295105482
BPE,90,90.122382,1.04,0.07324953844894662
BPE,90,90.92695,1.04,0.07224169370347144
BPE,90,89.193035,1.04,0.07443222452988138
BPE,90,89.392833,1.04,0.07417621513516688
BPE,90,90.454621,1.04,0.07283155805781297
BPE,90,90.479618,1.04,0.07280017558283117
BPE,90,87.565821,1.04,0.07654290658635815
BPE,90,92.015406,1.04,0.07092096013853383
BPE,90,90.528553,1.04,0.07273889416219247
BPE,90,90.696919,1.04,0.0725283753310961
BPE,90,89.85646,1.04,0.07358595234758318
BPE,90,88.144646,1.04,0.07578580159306353
BPE,90,90.674722,1.04,0.07255603805404043
BPE,90,89.434812,1.04,0.07412253911257921
BPE,90,90.543932,1.04,0.07271965214009105
BPE,90,89.781199,1.04,0.07368141518949936
BPE,90,90.238039,1.04,0.07310369225683973
BPE,90,89.225004,1.04,0.07439127311906975
BPE,90,90.864389,1.04,0.07231956207990534
BPE,90,88.811621,1.04,0.07492280581998073
BPE,90,92.245569,1.04,0.07064519995581361
BPE,90,92.237949,1.04,0.07065433228953102
BPE,90,91.6327,1.04,0.07138195850698337
BPE,90,91.275479,1.04,0.07181500749858764
BPE,90,89.915452,1.04,0.0735111328350852
BPE,90,91.166547,1.04,0.07194745212040471
BPE,90,89.903824,1.04,0.07352591756071694
BPE,90,88.446482,1.04,0.07539402974252288
BPE,90,91.503201,1.04,0.07153862620161627
BPE,90,91.128824,1.04,0.07199325110968507
BPE,90,89.968661,1.04,0.07344380781443868
BPE,90,88.774816,1.04,0.0749701487248004
BPE,90,89.413799,1.04,0.07414953676710219
BPE,90,88.178854,1.04,0.07574131088151437
BPE,90,90.945081,1.04,0.07221919696300422
BPE,90,88.396691,1.04,0.07545857674551537
BPE,90,90.286831,1.04,0.0730423754684833
BPE,90,89.156307,1.04,0.07447935096376695
BPE,90,88.573297,1.04,0.07523003573981918
BPE,90,90.238355,1.04,0.07310335563883363
BPE,90,89.666201,1.04,0.073827519057585
BPE,90,90.838189,1.04,0.07235216275890077
BPE,90,88.732395,1.04,0.07502476093790246
BPE,90,89.242685,1.04,0.07436855773673672
BPE,90,87.612358,1.04,0.07648172763151297
BPE,90,87.815653,1.04,0.07621520305628189
BPE,90,91.798192,1.04,0.07118227666932309
BPE,90,92.083598,1.04,0.07083912268824999
BPE,90,90.092726,1.04,0.07328692430133016
BPE,90,89.176171,1.04,0.07445385412602219
BPE,90,89.701551,1.04,0.07378256671945953
BPE,90,90.873574,1.04,0.07230808018157911
BPE,90,89.485611,1.04,0.07405769393051771
BPE,90,90.237634,1.04,0.07310421633088916
BPE,90,89.987244,1.04,0.07342024155580443
BPE,90,89.431187,1.04,0.07412726014029254
BPE,90,89.473807,1.04,0.07407279204104307
BPE,90,90.293321,1.04,0.07303418030834122
BPE,90,89.023112,1.04,0.07465064062325809
BPE,90,90.451729,1.04,0.0728351876957012
BPE,90,89.528421,1.04,0.07400312635901636
BPE,90,90.127367,1.04,0.073243237222852
BPE,90,91.383963,1.04,0.07168321611905162
BPE,90,89.831808,1.04,0.0736171295743142
BPE,90,90.919804,1.04,0.07225056137706429
BPE,90,88.207967,1.04,0.07570351708336256
BPE,90,89.529637,1.04,0.07400150328596765
BPE,90,90.027689,1.04,0.07336910543981406
BPE,90,91.923331,1.04,0.07103164024419975
BPE,90,88.040048,1.04,0.07592199131903464
BPE,90,89.90379,1.04,0.073525951721757
BPE,90,91.456689,1.04,0.0715950157308879
BPE,90,89.21498,1.04,0.07440410874191386
BPE,90,89.787161,1.04,0.07367383903636565
BPE,90,90.331739,1.04,0.072985864479288
BPE,90,90.184509,1.04,0.07317121218085856
BPE,90,91.56577,1.04,0.0714628497360871
BPE,90,90.448474,1.04,0.07283925387145355
BPE,90,91.327773,1.04,0.07175145060306248
BPE,90,89.639992,1.04,0.07386088623853197
BPE,90,89.259475,1.04,0.07434701507360851
BPE,90,89.774277,1.04,0.07369017955629974
BPE,90,88.840897,1.04,0.07488508983565778
BPE,90,90.483512,1.04,0.07279533895141893
BPE,90,89.614122,1.04,0.07389383653519566
BPE,90,89.328211,1.04,0.07425897361992462
BPE,90,90.498658,1.04,0.07277638015515331
BPE,90,88.856284,1.04,0.07486533488614225
BPE,90,90.770502,1.04,0.07243651354860625
BPE,90,89.521663,1.04,0.07401169742141463
BPE,90,91.159096,1.04,0.0719565121084204
BPE,90,89.607262,1.04,0.0739026006777843
BPE,90,90.63191,1.04,0.07260959672549043
BPE,90,90.179562,1.04,0.07317741296653944
BPE,90,90.743902,1.04,0.07246966290879307
BPE,90,90.109947,1.04,0.0732652586056041
BPE,90,88.336603,1.04,0.07553644728506102
BPE,90,91.008794,1.04,0.07214003246756986
BPE,90,89.912317,1.04,0.07351513123111672
BPE,90,90.789516,1.04,0.07241286732384226
BPE,90,90.690246,1.04,0.07253666038956005
BPE,90,89.226704,1.04,0.07438902114725214
BPE,90,89.085205,1.04,0.07457068793073833
BPE,90,90.655355,1.04,0.07258028186198005
BPE,90,89.696751,1.04,0.07378873210993922
BPE,90,90.936429,1.04,0.07222995060343612
BPE,90,89.821799,1.04,0.07362987906378797
BPE,90,91.02341,1.04,0.07212193981624172
BPE,90,90.423304,1.04,0.07287085949005487
BPE,90,90.287975,1.04,0.07304090653273826
BPE,90,89.625989,1.04,0.07387870358954404
BPE,90,90.232428,1.04,0.07311084089308714
BPE,90,91.192853,1.04,0.07191543714782188
BPE,90,89.945785,1.04,0.07347273012261553
BPE,90,90.531174,1.04,0.07273562878722181
BPE,90,90.04636,1.04,0.0733455628618375
BPE,90,90.124604,1.04,0.07324674338495081
BPE,90,91.723411,1.04,0.07127245221949378
BPE,90,91.20173,1.04,0.07190465723743822
BPE,90,90.079404,1.04,0.07330375846517684
BPE,90,90.214454,1.04,0.07313348619128118
BPE,90,89.298129,1.04,0.0742974869258602
BPE,90,89.827028,1.04,0.07362326572577638
BPE,90,90.309398,1.04,0.07301397328552917
BPE,90,90.850614,1.04,0.07233675515172826
BPE,90,90.749221,1.04,0.07246305751643274
BPE,90,88.890741,1.04,0.0748210787793802
BPE,90,90.976983,1.04,0.07217958177580769
BPE,90,89.911226,1.04,0.07351645923841826
BPE,90,89.013009,1.04,0.07466360044757578
BPE,90,91.336385,1.04,0.07174093893646058
BPE,90,91.463279,1.04,0.07158699974052324
BPE,90,90.263747,1.04,0.07307139926742239
BPE,90,90.708794,1.04,0.0725134988379651
BPE,90,90.767449,1.04,0.07244035123908409
BPE,90,91.395772,1.04,0.07166880325472932
BPE,90,90.728069,1.04,0.07248947155827482
BPE,90,88.672312,1.04,0.0751022543410692
BPE,90,92.009808,1.04,0.07092766873765563
BPE,90,91.065657,1.04,0.07207015131826844
BPE,90,89.490476,1.04,0.07405151699699407
BPE,90,88.970375,1.04,0.07471851466580372
BPE,90,90.504813,1.04,0.07276867731096447
BPE,90,89.72174,1.04,0.07375687997222041
BPE,90,90.329995,1.04,0.0729880361937936
BPE,90,90.743407,1.04,0.07247033115728496
BPE,90,89.433558,1.04,0.0741241143262779
BPE,90,88.883892,1.04,0.07482981070974454
BPE,90,90.385818,1.04,0.07291798423056273
BPE,90,89.466612,1.04,0.07408195980214012
BPE,90,90.146096,1.04,0.07321966806233329
BPE,90,88.656674,1.04,0.07512237719720984
BPE,90,89.747817,1.04,0.07372368977341603
BPE,90,90.714952,1.04,0.07250578983021465
BPE,90,90.605933,1.04,0.07264206889824999
BPE,90,89.211642,1.04,0.07440832169543468
BPE,90,88.831736,1.04,0.0748968766007691
BPE,90,90.015764,1.04,0.0733841772591128
BPE,90,90.561033,1.04,0.07269825180544184
BPE,90,90.405175,1.04,0.07289360113104201
BPE,90,89.48784,1.04,0.0740548782245086
BPE,90,90.297824,1.04,0.07302848108677898
BPE,90,91.502355,1.04,0.07153961628105819
BPE,90,90.205145,1.04,0.07314522102259174
BPE,90,88.366852,1.04,0.07549727852015699
BPE,90,90.2032,1.04,0.0731476900023833
BPE,90,92.043957,1.04,0.0708866728203201
BPE,90,88.712609,1.04,0.07505023838616506
BPE,90,90.029725,1.04,0.07336658207674608
BPE,90,89.773665,1.04,0.07369092998309132
BPE,90,90.095883,1.04,0.07328288947996905
BPE,90,90.194252,1.04,0.07315896701423863
BPE,90,91.139972,1.04,0.07197969473980187
BPE,90,90.084783,1.04,0.07329697752272596
BPE,90,91.27726,1.04,0.0718127673227671
BPE,90,89.882344,1.04,0.07355312614517268
BPE,90,89.649863,1.04,0.07384831057478167
BPE,90,89.330817,1.04,0.074255617098279
BPE,90,88.182913,1.04,0.07573600311246866
BPE,90,90.275781,1.04,0.07305625242371988
BPE,90,92.054,1.04,0.07087464480247706
BPE,90,90.458235,1.04,0.07282698946376791
BPE,90,90.686747,1.04,0.07254100238349823
BPE,90,89.586969,1.04,0.07392842221904045
BPE,90,89.755667,1.04,0.0737138268759691
BPE,90,90.984641,1.04,0.07217003145680023
BPE,90,92.008694,1.04,0.07092900719966215
BPE,90,91.487948,1.04,0.07155705993407152
BPE,90,90.805245,1.04,0.07239319895985522
BPE,90,90.035151,1.04,0.07335966867576242
BPE,90,90.209719,1.04,0.07313937809895864
BPE,90,89.246493,1.04,0.07436365680070618
BPE,90,88.551832,1.04,0.07525771842717992
BPE,90,88.873202,1.04,0.07484364238083875
BPE,90,90.0498,1.04,0.07334120177588614
BPE,90,89.708008,1.04,0.07377442683212905
BPE,90,88.530558,1.04,0.0752852923245411
BPE,90,89.962677,1.04,0.07345131386585554
BPE,90,89.68157,1.04,0.07380798232957227
BPE,90,88.827151,1.04,0.0749028680958998
BPE,90,89.629821,1.04,0.0738738142722262
BPE,90,89.679047,1.04,0.07381121471893765
BPE,90,89.383363,1.04,0.07418837426650246
BPE,90,90.92667,1.04,0.07224206313996799
BPE,90,88.097098,1.04,0.07584771252021891
BPE,90,88.014201,1.04,0.07595574963057432
BPE,90,90.003286,1.04,0.07339996390947731
BPE,90,90.096127,1.04,0.07328272146703232
BPE,90,90.404215,1.04,0.07289479973300686
BPE,90,89.461026,1.04,0.07408907885874563
BPE,90,89.082076,1.04,0.07457471345146206
BPE,90,89.992684,1.04,0.07341339365496982
BPE,90,89.558422,1.04,0.07396485636811799
BPE,90,91.551071,1.04,0.07148069274676108
BPE,90,89.675773,1.04,0.07381539340282557
BPE,90,89.946815,1.04,0.07347141525659404
BPE,90,92.475418,1.04,0.07037092227068285
BPE,90,89.80524,1.04,0.07365090236864787
BPE,90,90.556157,1.04,0.0727042891231166
BPE,90,90.646309,1.04,0.07259160360710143
BPE,90,90.731402,1.04,0.07248528284743676
BPE,90,90.289487,1.04,0.07303904110691534
BPE,90,90.193841,1.04,0.07315944610750078
BPE,90,90.100334,1.04,0.07327732912763492
BPE,90,89.424006,1.04,0.07413646168641365
BPE,90,90.325519,1.04,0.07299368191786776
BPE,90,92.028646,1.04,0.07090509643736934
BPE,90,91.210682,1.04,0.07189378339241848
BPE,90,90.303918,1.04,0.07302083371649701
BPE,90,90.85583,1.04,0.07233023357809554
BPE,90,89.130824,1.04,0.0745120608002542
BPE,90,89.739488,1.04,0.07373438959948514
BPE,90,90.94785,1.04,0.07221573154522723
BPE,90,91.487167,1.04,0.07155807473450179
BPE,90,89.229134,1.04,0.07438591187034865
BPE,90,89.516412,1.04,0.0740184026849346
BPE,90,92.181376,1.04,0.07072195886752938
BPE,90,90.096261,1.04,0.07328250190729768
BPE,90,91.823362,1.04,0.07115201617304381
BPE,90,90.206857,1.04,0.07314301627574442
BPE,90,90.24618,1.04,0.07309348936070459
BPE,90,89.694509,1.04,0.07379157993122064
BPE,90,90.942555,1.04,0.07222226330287353
BPE,90,91.357778,1.04,0.0717149620636179
BPE,90,88.964998,1.04,0.07472551718549748
BPE,90,89.647549,1.04,0.07385131946364688
BPE,90,90.915079,1.04,0.07225649053146699
BPE,90,89.870451,1.04,0.07356811599385779
BPE,90,89.506615,1.04,0.07403093765920438
BPE,90,91.009542,1.04,0.07213907099210569
BPE,90,91.103453,1.04,0.0720241393896948
BPE,90,89.550358,1.04,0.07397507094546114
BPE,90,90.212367,1.04,0.07313606989763888
BPE,90,88.791525,1.04,0.07494856348429846
BPE,90,89.104519,1.04,0.07454594150578935
BPE,90,90.124165,1.04,0.07324724582078801
BPE,90,90.031407,1.04,0.07336442436822344
BPE,90,89.033124,1.04,0.07463778236720624
BPE,90,89.284026,1.04,0.07431556624087604
BPE,90,88.934956,1.04,0.07476418698532218
BPE,90,90.45506,1.04,0.07283102108879205
BPE,90,88.032361,1.04,0.0759320663049827
BPE,90,88.988423,1.04,0.07469524726453983
BPE,90,88.137058,1.04,0.07579569047472656
BPE,90,90.419021,1.04,0.07287614071357168
BPE,90,88.197266,1.04,0.07571732854149339
BPE,90,90.031729,1.04,0.07336397409135699
BPE,90,91.639524,1.04,0.0713736960876091
BPE,90,91.673434,1.04,0.0713327615366447
BPE,90,88.194092,1.04,0.07572149807398645
BPE,90,90.29841,1.04,0.0730278249984246
BPE,90,89.011029,1.04,0.07466614685931204
BPE,90,88.806864,1.04,0.07492887682419652
BPE,90,89.88653,1.04,0.07354780499775385
BPE,90,91.228291,1.04,0.07187240340049539
BPE,90,90.599659,1.04,0.07264988602518796
BPE,90,89.284859,1.04,0.0743145025424678
BPE,90,90.705034,1.04,0.07251819626034611
BPE,90,87.756292,1.04,0.07629298257654787
BPE,90,89.247054,1.04,0.07436286020103307
BPE,90,89.176108,1.04,0.07445392408577092
BPE,90,90.078321,1.04,0.07330519827721199
BPE,90,89.797172,1.04,0.07366104341106856
BPE,90,89.858529,1.04,0.07358323306514303
BPE,90,89.82528,1.04,0.0736253664540523
BPE,90,90.022407,1.04,0.073375866258975
BPE,90,90.540131,1.04,0.07272437143538787
BPE,90,90.149331,1.04,0.07321559114750396
BPE,90,89.715648,1.04,0.07376473077575937
BPE,90,90.401748,1.04,0.0728979270644614
BPE,90,90.826124,1.04,0.07236717019706457
BPE,90,89.443974,1.04,0.07411090158790581
BPE,90,89.940597,1.04,0.07347925677958246
BPE,90,91.161907,1.04,0.07195303163960486
BPE,90,88.897239,1.04,0.07481269389520598
BPE,90,91.804702,1.04,0.07117442861620166
BPE,90,88.660845,1.04,0.07511700338694485
BPE,90,89.654635,1.04,0.07384229747443727
BPE,90,89.04981,1.04,0.074616226442683
BPE,90,92.187927,1.04,0.07071415537948371
BPE,90,89.49665,1.04,0.07404361360544501
BPE,90,89.499159,1.04,0.07404046217599675
BPE,90,89.629251,1.04,0.07387462709558956
BPE,90,90.095603,1.04,0.07328338694038569
BPE,90,89.671558,1.04,0.07382071332678548
BPE,90,89.867113,1.04,0.07357237494012467
BPE,90,86.47079,1.04,0.0779909491733834
BPE,90,90.05716,1.04,0.0733319264326577
BPE,90,90.017807,1.04,0.07338165131065812
BPE,90,91.038569,1.04,0.07210314921047113
BPE,90,91.309061,1.04,0.07177419847991995
BPE,90,89.812292,1.04,0.07364193754946631
BPE,90,90.816229,1.04,0.07237947762441954
BPE,90,88.898431,1.04,0.074811202346281
BPE,90,90.767342,1.04,0.07244052019037168
BPE,90,89.427524,1.04,0.07413189437147087
BPE,90,88.815303,1.04,0.07491807374781445
BPE,90,89.814411,1.04,0.07363921628768108
BPE,90,91.400472,1.04,0.07166318059525702
BPE,90,90.181006,1.04,0.07317557589157812
BPE,90,91.496488,1.04,0.07154676404013856
BPE,90,89.251267,1.04,0.07435748400903097
BPE,90,91.047851,1.04,0.07209185867454942
BPE,90,89.34784,1.04,0.07423376611818856
BPE,90,90.225329,1.04,0.07311973752258652
BPE,90,90.216683,1.04,0.07313068459910708
BPE,90,90.661492,1.04,0.0725726118484501
BPE,90,90.250741,1.04,0.07308778899052801
BPE,90,89.260815,1.04,0.07434530503929075
BPE,90,90.880307,1.04,0.07229975543301992
BPE,90,91.731657,1.04,0.07126248782890846
BPE,90,89.416197,1.04,0.07414642192763027
BPE,90,88.164768,1.04,0.07575959832074444
BPE,90,90.49932,1.04,0.07277552172530177
BPE,90,89.66882,1.04,0.07382420066832082
BPE,90,89.868897,1.04,0.07357004956306318
BPE,90,90.556178,1.04,0.07270426133000081
BPE,90,89.543608,1.04,0.0739837360136584
BPE,90,89.731148,1.04,0.07374498164322525
BPE,90,89.89988,1.04,0.07353085802586302
BPE,90,91.469754,1.04,0.07157916638800414
BPE,90,90.03007,1.04,0.0733661013535657
BPE,90,88.764326,1.04,0.07498369410322765
BPE,90,88.804122,1.04,0.0749324057231956
BPE,90,90.13923,1.04,0.07322827235138062
BPE,90,88.870572,1.04,0.0748469934760817
BPE,90,88.437697,1.04,0.07540543828216276
BPE,90,90.635536,1.04,0.07260501905718994
BPE,90,90.684498,1.04,0.07254385174481438
BPE,90,89.631863,1.04,0.07387121422044764
BPE,90,90.293659,1.04,0.07303371729617852
BPE,90,90.188122,1.04,0.07316660480239001
BPE,90,90.602419,1.04,0.0726464220197939
BPE,90,90.60475,1.04,0.07264348272406498
BPE,90,87.394211,1.04,0.0767687997903251
BPE,90,89.759501,1.04,0.07370891363491261
BPE,90,90.517904,1.04,0.07275225294298131
BPE,90,89.589543,1.04,0.07392516476045566
BPE,90,90.036203,1.04,0.07335835511118664
BPE,90,90.7507,1.04,0.0724612018834527
BPE,90,90.080925,1.04,0.07330182960107903
BPE,90,91.507919,1.04,0.07153284711740579
BPE,90,91.126986,1.04,0.0719954606423928
BPE,90,89.881436,1.04,0.07355425836813434
BPE,90,89.801954,1.04,0.07365501074570673
BPE,90,87.149676,1.04,0.07709198538009453
BPE,90,89.673498,1.04,0.07381822630506278
BPE,90,88.646731,1.04,0.07513524397364353
BPE,90,90.22123,1.04,0.07312492385841904
BPE,90,90.152871,1.04,0.07321108134115982
BPE,90,90.695856,1.04,0.07252965872614615
BPE,90,91.39667,1.04,0.07166778100820481
BPE,90,89.973731,1.04,0.0734373407609537
BPE,90,92.280416,1.04,0.07060350807842687
BPE,90,90.232451,1.04,0.07311081273663395
BPE,90,88.689784,1.04,0.0750796817623028
BPE,90,89.437928,1.04,0.07411856737012085
BPE,90,89.627253,1.04,0.07387717799671392
BPE,90,90.592127,1.04,0.07265930806372319
BPE,90,89.05275,1.04,0.07461239788568684
BPE,90,89.702024,1.04,0.07378202077940998
BPE,90,89.83896,1.04,0.07360805259009967
BPE,90,89.551879,1.04,0.07397321210879129
BPE,90,90.811415,1.04,0.07238555015874114
BPE,90,90.641321,1.04,0.07259787734139843
BPE,90,91.166567,1.04,0.07194744762175025
BPE,90,89.668975,1.04,0.07382395109457679
BPE,90,91.202528,1.04,0.07190370703816532
BPE,90,88.636003,1.04,0.07514905570840477
BPE,90,88.611616,1.04,0.07518052715442547
BPE,90,88.786198,1.04,0.07495547438352074
BPE,90,90.009212,1.04,0.07339248213463975
BPE,90,91.202378,1.04,0.07190391642831058
BPE,90,89.397858,1.04,0.0741698328957228
BPE,90,89.523307,1.04,0.07400960716004219
BPE,90,89.783982,1.04,0.07367787124252222
BPE,90,90.572828,1.04,0.07268343346753747
BPE,90,89.522375,1.04,0.07401072570120472
BPE,90,89.466583,1.04,0.07408196508863893
BPE,90,88.654605,1.04,0.07512511353432118
BPE,90,89.428279,1.04,0.07413091730807007
BPE,90,91.177462,1.04,0.07193418423907189
BPE,90,90.090926,1.04,0.07328924620036198
BPE,90,89.260145,1.04,0.07434613769877296
BPE,90,91.236144,1.04,0.07186286608510407
BPE,90,89.414786,1.04,0.07414820524873623
BPE,90,91.419956,1.04,0.07163950031130875
BPE,90,91.403607,1.04,0.07165932033054069
BPE,90,90.056012,1.04,0.0733333189114212
BPE,90,88.50145,1.04,0.07532292181445556
BPE,90,92.289501,1.04,0.07059266335507274
BPE,90,90.387276,1.04,0.07291609490029406
BPE,90,89.676113,1.04,0.07381495904407308
BPE,90,90.956128,1.04,0.07220548991288679
BPE,90,90.702303,1.04,0.07252162090037811
BPE,90,91.310938,1.04,0.07177192421879755
BPE,90,89.337652,1.04,0.07424684810389862
BPE,90,90.318473,1.04,0.07300258098119748
BPE,90,88.81413,1.04,0.07491956152544262
BPE,90,90.666334,1.04,0.07256656222334174
BPE,90,89.977055,1.04,0.07343317663587696
BPE,90,90.281009,1.04,0.07304973885436068
BPE,90,89.85365,1.04,0.0735894631482404
BPE,90,89.749011,1.04,0.07372227609292539
BPE,90,89.131769,1.04,0.074510855102386
BPE,90,90.79043,1.04,0.07241164849487228
BPE,90,91.489704,1.04,0.07155496220663851
BPE,90,89.443332,1.04,0.07411172874894965
BPE,90,90.553541,1.04,0.07270759530290002
BPE,90,90.432184,1.04,0.07285975716215466
BPE,90,90.008098,1.04,0.07339393534974652
BPE,90,88.473404,1.04,0.0753592594449699
BPE,90,88.698403,1.04,0.07506860638905494
BPE,90,89.219018,1.04,0.07439883078621404
BPE,90,87.860995,1.04,0.07615581318930738
BPE,90,91.408031,1.04,0.07165398373810251
BPE,90,90.367703,1.04,0.07294069684399965
BPE,90,89.970039,1.04,0.0734420536780203
BPE,90,87.809764,1.04,0.07622285951199265
BPE,90,88.176129,1.04,0.0757448399920767
BPE,90,89.997659,1.04,0.07340713702237882
BPE,90,91.97049,1.04,0.07097488936557293
BPE,90,89.301356,1.04,0.07429329630175
BPE,90,90.863798,1.04,0.0723202854394476
BPE,90,89.520098,1.04,0.07401372269238464
BPE,90,90.055239,1.04,0.0733342945151443
BPE,90,91.214684,1.04,0.07188888411008673
BPE,90,89.654048,1.04,0.07384304505606634
BPE,90,89.309895,1.04,0.07428245268157686
BPE,90,91.418071,1.04,0.0716418368530036
BPE,90,90.045558,1.04,0.0733465691595432
BPE,90,91.091205,1.04,0.07203906942848781
BPE,90,89.314751,1.04,0.07427612374970607
BPE,90,91.406674,1.04,0.07165561065242818
BPE,90,90.273627,1.04,0.07305894109347486
BPE,90,90.434788,1.04,0.07285644427644808
BPE,90,90.131629,1.04,0.07323791076015354
BPE,90,89.494525,1.04,0.07404627720400006
BPE,90,89.998317,1.04,0.0734063010128643
BPE,90,89.55741,1.04,0.0739661532495949
BPE,90,90.959546,1.04,0.07220120261546632
BPE,90,89.796943,1.04,0.07366141979716861
BPE,90,88.503493,1.04,0.07532026594835091
BPE,90,88.320576,1.04,0.07555726936927444
BPE,90,88.273282,1.04,0.07561863754769606
BPE,90,90.617971,1.04,0.07262697608219651
BPE,90,88.848496,1.04,0.07487534480491301
BPE,90,90.300086,1.04,0.07302575244248827
BPE,90,90.136575,1.04,0.07323165391444696
BPE,90,89.935291,1.04,0.07348605796629082
BPE,90,90.438405,1.04,0.07285193974184664
BPE,90,90.158304,1.04,0.07320417258098023
BPE,90,87.29027,1.04,0.07690601942118148
BPE,90,89.676375,1.04,0.07381462737563317
BPE,90,90.425103,1.04,0.07286855458564431
BPE,90,91.640283,1.04,0.07137279088366967
BPE,90,91.686458,1.04,0.0713169981041515
BPE,90,88.636849,1.04,0.0751480038460598
BPE,90,89.650275,1.04,0.07384782762499742
BPE,90,88.433885,1.04,0.07541038480820711
BPE,90,91.519885,1.04,0.07151844673411151
BPE,90,91.012856,1.04,0.07213496640241301
BPE,90,90.350588,1.04,0.0729621634766022
BPE,90,90.166095,1.04,0.07319441031168022
BPE,90,91.380631,1.04,0.07168716170317635
BPE,90,91.211325,1.04,0.07189297240889196
BPE,90,91.158045,1.04,0.07195779576732396
BPE,90,90.45668,1.04,0.07282898829306574
BPE,90,89.650772,1.04,0.07384723042587493
BPE,90,90.767125,1.04,0.07244073925472991
BPE,90,90.816042,1.04,0.072379766443742
BPE,90,89.809363,1.04,0.07364558590236539
BPE,90,89.648751,1.04,0.07384978648552848
BPE,90,91.133313,1.04,0.07198780854453679
BPE,90,91.664116,1.04,0.07134402440311625
BPE,90,89.250604,1.04,0.07435837810623477
BPE,90,89.736623,1.04,0.07373804197426152
BPE,90,90.350933,1.04,0.07296173584065264
BPE,90,90.486599,1.04,0.07279144427732616
BPE,90,89.477634,1.04,0.07406782696797544
BPE,90,91.883521,1.04,0.07107955507498669
BPE,90,90.422095,1.04,0.07287233581347462
BPE,90,90.531383,1.04,0.07273535362361759
BPE,90,91.758884,1.04,0.07122965844277636
BPE,90,89.550938,1.04,0.07397437853650625
BPE,90,89.911568,1.04,0.07351603885373696
BPE,90,88.746678,1.04,0.07500639187616788
BPE,90,89.82765,1.04,0.07362236361413141
BPE,90,88.511072,1.04,0.07531049102443742
BPE,90,90.747849,1.04,0.072464782962537
BPE,90,90.419997,1.04,0.07287501907529789
BPE,90,89.722931,1.04,0.07375539111821525
BPE,90,89.899576,1.04,0.07353123707361973
BPE,90,90.761466,1.04,0.0724477651195755
BPE,90,88.864204,1.04,0.07485519876821013
BPE,90,90.204168,1.04,0.07314636129755775
BPE,90,90.69951,1.04,0.07252507973081442
BPE,90,88.217726,1.04,0.07569075761892867
BPE,90,90.684938,1.04,0.07254330341772584
BPE,90,88.325938,1.04,0.07555028443674403
BPE,90,89.882406,1.04,0.0735530090850131
BPE,90,88.836609,1.04,0.07489066030772525
BPE,90,91.431247,1.04,0.07162579420106718
BPE,90,88.842879,1.04,0.07488257673196086
BPE,90,88.34981,1.04,0.07551927711214926
BPE,90,90.133352,1.04,0.07323567475259281
BPE,90,89.586297,1.04,0.07392932169376365
BPE,90,88.495395,1.04,0.07533072384838621
BPE,90,90.525815,1.04,0.07274238242278748
BPE,90,88.008501,1.04,0.07596320635932731
BPE,90,88.963759,1.04,0.07472709202309621
BPE,90,89.424782,1.04,0.07413541684102151
BPE,90,90.802222,1.04,0.07239701504193102
BPE,90,91.295468,1.04,0.07179071284808713
BPE,90,91.102782,1.04,0.07202494183738772
BPE,90,89.846726,1.04,0.07359820882887991
BPE,90,87.572692,1.04,0.07653380142512203
BPE,90,90.390853,1.04,0.07291158770649264
BPE,90,91.470574,1.04,0.07157817588707971
BPE,90,91.23379,1.04,0.07186571800003551
BPE,90,90.462949,1.04,0.0728210706720199
BPE,90,88.810497,1.04,0.07492415068055874
BPE,90,89.474693,1.04,0.07407162759166139
BPE,90,91.933814,1.04,0.07101900844647849
BPE,90,88.58327,1.04,0.07521716292869582
BPE,90,88.852159,1.04,0.07487065653398647
BPE,90,90.942552,1.04,0.07222226330287353
BPE,90,89.568841,1.04,0.07395155941076823
BPE,90,88.818245,1.04,0.07491426993768911
BPE,90,91.527971,1.04,0.07150864905885883
BPE,90,90.461056,1.04,0.07282347083126318
BPE,90,89.618199,1.04,0.07388872089429122
BPE,90,88.854225,1.04,0.07486802901363956
BPE,90,92.047407,1.04,0.07088250910038907
BPE,90,89.975548,1.04,0.0734351295622177
BPE,90,91.397328,1.04,0.07166698612999858
BPE,90,90.893634,1.04,0.07228315344923981
BPE,90,89.479098,1.04,0.07406602725220184
BPE,90,89.487059,1.04,0.07405582262146204
BPE,90,91.446315,1.04,0.07160756246108925
BPE,90,91.462517,1.04,0.07158791879524797
BPE,90,88.123084,1.04,0.07581381280017055
BPE,90,90.54978,1.04,0.07271228528167428
BPE,90,89.878785,1.04,0.0735575652152059
BPE,90,88.966677,1.04,0.07472327117851778
BPE,90,90.261746,1.04,0.07307393363623305
BPE,90,88.650403,1.04,0.0751304687875036
BPE,90,89.533545,1.04,0.07399657019875329
BPE,90,89.201526,1.04,0.0744213078106425
BPE,90,89.500209,1.04,0.07403909559459
BPE,90,89.928522,1.04,0.07349455466163209
BPE,90,88.984433,1.04,0.07470049593382277
BPE,90,91.573179,1.04,0.07145387938920116
BPE,90,90.493283,1.04,0.07278309481168775
BPE,90,91.794563,1.04,0.0711866650413431
BPE,90,89.83992,1.04,0.07360687844480633
BPE,90,89.45121,1.04,0.07410163118241246
BPE,90,91.758416,1.04,0.07123023924556438
BPE,90,89.42194,1.04,0.07413906005862107
BPE,90,89.821708,1.04,0.07362999118629596
BPE,90,90.720047,1.04,0.07249948288467262
BPE,90,88.762274,1.04,0.07498632230358027
BPE,90,90.711295,1.04,0.07251037155309148
BPE,90,90.583347,1.04,0.07267034801434079
BPE,90,91.269325,1.04,0.07182245421123559
BPE,90,90.890045,1.04,0.07228767100649433
BPE,90,91.299978,1.04,0.07178523964238691
BPE,90,89.889578,1.04,0.07354388926610127
BPE,90,89.13733,1.04,0.07450369715097935
BPE,90,92.109985,1.04,0.07080746350798689
BPE,90,88.473304,1.04,0.07535936382157847
BPE,90,88.573487,1.04,0.07522982621608965
BPE,90,90.565128,1.04,0.07269316570245006
BPE,90,91.624986,1.04,0.07139129710713721
BPE,90,90.189551,1.04,0.07316481192300325
BPE,90,90.999304,1.04,0.07215181620649512
BPE,90,88.004197,1.04,0.07596874241336811
BPE,90,89.500455,1.04,0.07403874690677584
BPE,90,88.126052,1.04,0.07580998470518668
BPE,90,90.780411,1.04,0.07242415005165993
BPE,90,88.452769,1.04,0.07538595856372407
BPE,90,88.722181,1.04,0.07503795338293269
BPE,90,90.514025,1.04,0.07275706691723477
BPE,90,91.061824,1.04,0.07207482449316567
BPE,90,89.841032,1.04,0.07360542777052037
BPE,90,90.570173,1.04,0.07268676529265893
BPE,90,90.537788,1.04,0.07272735998122645
BPE,90,89.784573,1.04,0.07367710978031303
BPE,90,88.905295,1.04,0.07480241702542867
BPE,90,90.564891,1.04,0.07269338671203156
BPE,90,90.613096,1.04,0.07263309518281973
BPE,90,90.894024,1.04,0.07228261172048137
BPE,90,90.312066,1.04,0.07301058965961756
BPE,90,88.8315,1.04,0.07489724497952134
BPE,90,90.69034,1.04,0.07253654902106384
BPE,90,89.998619,1.04,0.07340588874627943
BPE,90,89.517263,1.04,0.07401733043237392
BPE,90,89.705364,1.04,0.0737777458236997
BPE,90,89.309743,1.04,0.0742825829447924
BPE,90,90.888844,1.04,0.07228904871392017
BPE,90,88.581885,1.04,0.07521897621814363
BPE,90,89.006514,1.04,0.07467203577744644
BPE,90,89.671227,1.04,0.07382115559442905
BPE,90,91.613751,1.04,0.07140485024779655
BPE,90,91.054281,1.04,0.07208398653045056
BPE,90,88.359159,1.04,0.07550719685625669
BPE,90,91.351347,1.04,0.071722737311543
BPE,90,91.34942,1.04,0.07172520780815737
BPE,90,88.825992,1.04,0.0749043002801005
BPE,90,87.478542,1.04,0.07665768135472253
BPE,90,89.927778,1.04,0.07349553233737816
BPE,90,91.122424,1.04,0.0720010288431873
BPE,90,91.591262,1.04,0.07143200293236769
BPE,90,89.129173,1.04,0.07451418373553831
BPE,90,91.751979,1.04,0.0712379433777206
BPE,90,87.772068,1.04,0.07627226081094735
BPE,90,89.631949,1.04,0.07387116807284243
BPE,90,89.582789,1.04,0.07393377130463276
BPE,90,91.152337,1.04,0.07196467115327672
BPE,90,91.298302,1.04,0.07178731913595335
BPE,90,90.954224,1.04,0.07220784052336734
BPE,90,88.64945,1.04,0.07513175391132118
BPE,90,90.862619,1.04,0.07232171967885942
BPE,90,90.509042,1.04,0.07276337240559223
BPE,90,88.328766,1.04,0.07554667843286815
BPE,90,87.932986,1.04,0.07606177379530331
BPE,90,91.037989,1.04,0.07210391928396556
BPE,90,89.819901,1.04,0.0736322478132309
BPE,90,88.714818,1.04,0.07504737624881572
BPE,90,89.791828,1.04,0.07366787765300135
BPE,90,90.364041,1.04,0.07294526031157732
BPE,90,89.917149,1.04,0.07350902668962017
BPE,90,88.448014,1.04,0.07539202117779603
BPE,90,91.885557,1.04,0.07107705380558885
BPE,90,91.004218,1.04,0.07214572490792243
BPE,90,89.664623,1.04,0.07382952652204525
BPE,90,89.704905,1.04,0.07377832992028198
BPE,90,90.359487,1.04,0.07295098381121
BPE,90,88.870379,1.04,0.07484724773575589
BPE,90,90.322676,1.04,0.07299729026593323
BPE,90,88.669268,1.04,0.07510611689270841
BPE,90,89.929466,1.04,0.0734933784305978
BPE,90,88.831429,1.04,0.07489725390844987
BPE,90,88.881916,1.04,0.07483242209933848
BPE,90,91.645723,1.04,0.07136617836475859
BPE,90,90.059226,1.04,0.07332937273803197
BPE,90,90.207406,1.04,0.07314232321200595
BPE,90,87.98862,1.04,0.07598913002415783
BPE,90,89.402998,1.04,0.0741632177046988
BPE,90,90.461212,1.04,0.0728233638409373
BPE,90,90.194136,1.04,0.07315906358948943
BPE,90,87.84597,1.04,0.07617553179850038
BPE,90,90.207138,1.04,0.07314269297799295
BPE,90,90.366559,1.04,0.07294211141098461
BPE,90,91.283762,1.04,0.07180491519890828
BPE,90,89.344769,1.04,0.0742377669740812
BPE,90,87.757931,1.04,0.07629083003654202
BPE,90,89.003229,1.04,0.07467617828199416
BPE,90,88.902935,1.04,0.07480544894689273
BPE,90,90.736709,1.04,0.07247867352680133
BPE,90,87.283263,1.04,0.07691520947187663
BPE,90,89.551644,1.04,0.07397343268883425
BPE,90,91.425795,1.04,0.07163252516933637
BPE,90,90.007212,1.04,0.0733950456248871
BPE,90,90.896317,1.04,0.07227976743894352
BPE,90,88.358202,1.04,0.0755084100866505
BPE,90,88.39801,1.04,0.07545685473114573
BPE,90,91.437242,1.04,0.07161859733636669
BPE,90,90.101215,1.04,0.07327625215635052
